bus_stop_num,longitude,latitude
58039,103.82558173624862,1.4465079238607317
58031,103.82513856131426,1.4464887796279
14199,103.8127258576013,1.281299516573405
22259,103.70262419128842,1.3409129603655319
66581,103.87973536638953,1.3824475384400048
97069,103.97524984668038,1.3651055206222305
77131,103.94652685470346,1.375646200581814
78121,103.96193584388587,1.37487388118442
58201,103.8310139953794,1.4552747640002577
31059,103.69466486128967,1.3720112485341152
31081,103.69735496573252,1.3806192720896067
54031,103.8453246656093,1.3701583038213485
28501,103.72728352311213,1.3498032130455528
81011,103.88344456179783,1.3153338252827225
48011,103.77455629991397,1.4105656481072568
28221,103.74483925309644,1.327699856557809
62251,103.90071638346261,1.3775075669091017
11131,103.80705793449457,1.292941592101319
67321,103.88433328836783,1.3905239946880523
29129,103.73950878354964,1.3064522045204134
50121,103.84938376844647,1.319319993667079
55311,103.84690820095764,1.3842749096020153
03021,103.8499522560328,1.2824969022453279
43709,103.75201687971052,1.348643634682725
43759,103.73689074585387,1.3559376501682614
67339,103.89257841597323,1.3864647256491818
67469,103.89073758758398,1.385310220779554
76141,103.94611488055125,1.3537095234453522
76199,103.94529736683316,1.3565944459015506
15169,103.79684521450376,1.2747810506978592
46719,103.80107653369465,1.4548635243358823
25819,103.64355898451927,1.3325173284909861
15181,103.7855880823096,1.2909655770359942
18241,103.78706808868358,1.2909293757239284
66459,103.87067642019464,1.3784819047308277
59541,103.83020386780677,1.4236066342469202
11231,103.80110518977447,1.311205250267249
66461,103.87127607470624,1.378856475534596
52219,103.84166445288642,1.3383062192914816
70149,103.88643998733977,1.3328596075198005
70309,103.88644956327768,1.3395540552983791
70301,103.88574561439249,1.339641935857402
59569,103.83290855242306,1.418530628118891
54399,103.84866736255313,1.371360570887345
05013,103.8429693768197,1.2840434800569194
77171,103.95071487987734,1.3728132971616738
43419,103.74982433886554,1.3517576388160666
47591,103.80255250940843,1.439681605247258
52039,103.85135319378948,1.3433377233929462
20199,103.74824173766874,1.3191629731019212
22249,103.69859181183774,1.3401627475366455
22531,103.69811937370208,1.3392989462191607
22239,103.6973650946119,1.3408821218574094
22241,103.69932395081626,1.3401100121009417
46639,103.78885538063503,1.4370516796022563
46631,103.78918437936325,1.4369861341409196
46329,103.78745775585128,1.4344468100266266
44911,103.77281061121609,1.384798463680638
70061,103.87441665021339,1.3375080471692644
70069,103.87367105860349,1.337762756637874
65449,103.89594580587182,1.4080601242935458
65441,103.89570524375759,1.4081493769855589
41169,103.82008289724513,1.335022896729248
44551,103.73839937507974,1.3761173149617063
29109,103.74956066674635,1.2987412769755864
43669,103.7461098413614,1.3654951117862832
46301,103.78278287318304,1.4427555659279239
26111,103.65426314161195,1.314622924960703
25199,103.65936899629205,1.3211563204740169
25359,103.65289644398409,1.3235745119486106
72059,103.90442587122655,1.3338709281122252
23369,103.6791692302335,1.3190650950020286
56191,103.82945235923346,1.378850931708313
96219,103.98892815456308,1.315207929667524
54531,103.8512484881302,1.3583068620560723
84371,103.92623176105995,1.330558369481175
28259,103.73703751690094,1.3341239764121022
25161,103.65513768484358,1.32732091126127
64011,103.89280027219489,1.3676296675195476
49049,103.7507562757011,1.4200005594842546
11141,103.80570069943678,1.2947043364150155
43769,103.737855608145,1.3513762238337166
75379,103.93097052942916,1.359325805416495
28629,103.74420194118387,1.3419257265017512
54609,103.85526388305034,1.359285991211985
23219,103.68860312864827,1.31825127559072
59351,103.84019554865036,1.4287895769047403
53009,103.8498057227193,1.3504682047112568
63339,103.88443910253454,1.3681320573309277
51051,103.8370169324843,1.33634429962425
18011,103.80202258014307,1.2809274521387022
13101,103.84234169517596,1.2940833007194263
82151,103.90087396148277,1.3131619722261243
47071,103.8022060230667,1.4576537946420423
01629,103.85682860683342,1.296944136289934
11519,103.8032847280808,1.2866150953072475
66409,103.86587556242085,1.3493075586980205
70171,103.88547345620493,1.3283304683683532
26451,103.6296968957386,1.2969408361000783
66061,103.86350430471583,1.3440932010499689
10161,103.82654097425423,1.2859337620252336
31029,103.69300036964424,1.3629676454337365
46401,103.79544947161942,1.4409657544453518
98121,103.97019396953789,1.3720208237608271
44589,103.74010280780607,1.375122677279168
84661,103.9444071236269,1.319836632549814
92279,103.90967324607696,1.3063695355435851
21589,103.72351822062157,1.332155460491786
58571,103.81692890946965,1.4418630195815711
78051,103.96117394654006,1.366319174062014
23229,103.67173691035215,1.3086808740373506
58579,103.81697265898399,1.4414323157857551
75281,103.93356227393383,1.3602325033205018
96069,103.96311491192802,1.3465701353146942
44069,103.7571051949717,1.385893112264664
65641,103.89984161106695,1.4153812892502087
93021,103.92441662432174,1.3087113990608876
58411,103.81657195832663,1.4546131831839566
66301,103.87213458834664,1.3693531166242106
70359,103.87251682457835,1.3277057229531326
28469,103.73192978359492,1.346079797182806
28551,103.72001523872706,1.3530978534076639
46149,103.77385672880115,1.4435885024178359
53151,103.84132601766126,1.3594318028573404
46771,103.800281715422,1.4409334991519707
49111,103.755422462294,1.4324587615570306
44311,103.77400091161016,1.3793069886270575
45169,103.75458863826437,1.4031890939417266
64169,103.91144044564243,1.3712611765444125
98239,103.9725218393326,1.3714515033334302
59499,103.83458545201442,1.4132254499262902
31019,103.69400123932881,1.3599584820821968
44809,103.75981312953968,1.3849995073770072
28701,103.7579106571347,1.331372598371088
96031,103.95832788555634,1.3359646721731353
21229,103.71601001027895,1.3419998256455732
10471,103.81478600054223,1.2968006459110233
28669,103.74932977041061,1.3364660168226818
21699,103.71237867533222,1.341725296643566
28691,103.75754342236766,1.3356208819388853
96099,103.95779101744677,1.3366983726316728
47571,103.79645804536511,1.4334739219471748
24209,103.6599194232723,1.3152915297707726
91071,103.89603373549464,1.3017597838845674
47069,103.79872063429947,1.4559181949449898
15219,103.78702091852071,1.2781709045318412
11119,103.80758010131942,1.317190574388678
01039,103.85552228968666,1.2982157636748566
92081,103.91762978856401,1.3075174435735042
80011,103.86726148935453,1.309757436757559
45101,103.75456868187902,1.4186519308330765
42039,103.78785611244446,1.3346361939702855
64121,103.87649975504557,1.3798184601243162
93089,103.92782993148312,1.3129694059761945
58151,103.82198706458861,1.4484224953541367
51069,103.83666296801633,1.341012925507106
30059,103.7266484599218,1.3743727500187657
94049,103.94472917340404,1.3161434086607464
28161,103.71919686899606,1.3560263986368608
67659,103.87071449030583,1.3895170140764799
71101,103.9028898550298,1.3282117333588355
58479,103.79009285756366,1.4281338487821964
21421,103.71032660596568,1.3472772018608548
10659,103.81448931357686,1.2836620948551685
52149,103.84356828223531,1.336335920096427
96391,103.96781700824191,1.3369247505719788
16121,103.78372806019232,1.2862675066737412
09059,103.83615862708002,1.3004127068744082
54481,103.85582108965554,1.3760090228121045
13031,103.8171351861189,1.2993098095580333
12199,103.77813907866664,1.3154683102806708
28521,103.72110869759064,1.3509832957112868
21319,103.70980794696158,1.3237060313332947
65271,103.91069836503098,1.3999250591902312
10289,103.81449668601788,1.2918729399657738
23419,103.68612261461737,1.3038467478814249
22199,103.69850760294466,1.3309074177962605
65241,103.90768960344394,1.3991828358531542
44571,103.7430458628378,1.3783501808813248
10121,103.82892502057433,1.282619281641266
47661,103.80270686072792,1.444505073080129
65249,103.90824158346321,1.3996045227829166
60249,103.86210566261369,1.3234394197769563
95191,104.00096929434365,1.3801246249061154
62241,103.89116615434101,1.345150279984517
59661,103.837640429713,1.4263859188236403
50259,103.85510307786012,1.3123716279020878
45479,103.74649487052437,1.3942606355160976
55381,103.83593762062262,1.3899770383178367
59699,103.83598290403108,1.4246361129380314
47681,103.80459955046139,1.4446641284831663
47649,103.80368564834725,1.4390450731666298
84601,103.93121729620452,1.3381885077870148
61019,103.86975400600603,1.3331564583150566
50191,103.84961316477909,1.3257457531781351
44021,103.76159975747419,1.378391922011489
20299,103.75865353963708,1.3108793974417348
45421,103.75055645918066,1.4027214605556177
59469,103.84745983439893,1.4235802252083951
25179,103.65711324312275,1.3252902393825425
62101,103.87299559825888,1.3432562851827217
98089,103.96408365331651,1.361629020664992
83381,103.91456368736128,1.324679176378505
16021,103.7799219357876,1.2862474908429202
67069,103.8751041817257,1.3855719997930191
67249,103.89852354613184,1.3938350209849693
27041,103.67858260351255,1.350748133201127
52551,103.83992502741916,1.336308702237356
15139,103.7848479502357,1.2925687209116714
65549,103.89103876682539,1.4035396629934942
43681,103.74362091819732,1.3617908012269901
44581,103.74036741499998,1.375250238123867
52089,103.86039833337769,1.3299851579747486
08057,103.84537264260315,1.299313512806821
46499,103.77225149818338,1.4323040990400755
28121,103.73334484025732,1.3503851288041486
64059,103.89832711219879,1.3724613251455395
47079,103.80294121129185,1.4577984558752455
53061,103.82880241381069,1.3572176421311317
83191,103.91594223330026,1.3172924813068008
93051,103.91867989022417,1.3107003838386124
99101,103.98170854942325,1.3914035108262959
60121,103.86187987898721,1.3201646795448125
60031,103.87015771936116,1.3204500272623003
59389,103.84203989399751,1.432079382978232
93199,103.92623262542796,1.3079542332416338
50301,103.85182848929105,1.3159448579533604
44089,103.74015421959064,1.3769048451364665
52199,103.84660361597277,1.3355462722660152
64239,103.89676417498056,1.364352323870462
65251,103.9018355509441,1.405349438674822
11171,103.79474667342097,1.305345522382399
28581,103.72566366107716,1.3491757939646387
93139,103.93383926198351,1.3128850960053475
25079,103.64350764690079,1.3294118070493246
23399,103.69236675159794,1.3053493920884875
70329,103.87672712496857,1.3222977052553015
12129,103.78734358867189,1.3118658611541518
23051,103.68925483218386,1.3316637263275832
22491,103.70475681533216,1.3372817820347351
54099,103.85109677032891,1.3610910165695076
76201,103.9478454957531,1.3568806000666633
85081,103.94726404924056,1.3329632654284138
52289,103.85387581375333,1.3349443619362986
67121,103.90526380472329,1.3894658050414908
25429,103.63750740782501,1.3421105341273512
54641,103.86466300518615,1.3757404972368992
82221,103.8991248350359,1.3170385993705551
57139,103.82562134485025,1.437928771657528
46119,103.77244366531569,1.4410202152531364
77079,103.94152293710725,1.3783701211257577
24581,103.66698870914853,1.3249961167461315
65011,103.89719858784845,1.3815309340871818
28151,103.72141576871978,1.3558584542229013
95049,103.99439339452705,1.373522200404767
17051,103.76234562874687,1.317223825184147
21139,103.71832854610263,1.3143705298342265
85031,103.9523184908103,1.325018865698324
26099,103.63605481785561,1.3247136988556494
70191,103.88798093386177,1.3272046043338346
83251,103.92204648183066,1.3192264008817296
43111,103.76294923012145,1.3723356550139532
43109,103.76398510530467,1.3703280696916953
21771,103.7238334808554,1.3265970095441553
58609,103.83044127809569,1.4479920639591357
18051,103.7867997914559,1.2989072316240993
03218,103.84699023921674,1.2742172979520512
54181,103.8365205112996,1.3705936575811628
54189,103.83680143382324,1.370376075281758
54191,103.83735921801721,1.3742042682391848
28499,103.73050392762113,1.3495943032913162
60251,103.86174199268763,1.3246005041368696
64101,103.87657424808577,1.3722040992994258
22541,103.69766530316728,1.3349823469654718
93081,103.92917456821621,1.3134523415174804
22351,103.69797918205225,1.342729470954524
64061,103.90119995250248,1.3756147173760847
83249,103.92174617992465,1.317827127844571
45401,103.74594658838753,1.402863174697085
59229,103.83423595854349,1.4390521101786589
24349,103.6709645309554,1.2955290823941836
21131,103.71804280662252,1.31472803201418
28039,103.75146118661581,1.3280537303269417
46251,103.78899751893509,1.4407170693705629
11111,103.80772950888665,1.3177974443666958
65261,103.91482215296992,1.3969326387135728
28071,103.73898619423068,1.3376671958900046
84511,103.91324492104536,1.3320720076139938
63379,103.88528676521099,1.3708844769197657
67039,103.8679358759804,1.3883147988231919
58171,103.8238937046743,1.4589281318701186
43401,103.74678100717018,1.3522549350604376
25459,103.6341300792773,1.3328376576011696
02159,103.85834943052362,1.2935108844344774
93151,103.93381476162705,1.3078654419026978
27411,103.69273953431241,1.3459388698571255
77101,103.94830410530116,1.3808152316596825
84131,103.92758739412835,1.3213566075120358
62221,103.8824992087215,1.3508857982894693
49179,103.75047740097256,1.4347015072442526
18301,103.78122329938587,1.2974342967850385
21691,103.71216831322035,1.3413194480860802
43041,103.76849629845421,1.3557432349509408
48059,103.79752711356849,1.4149839611257435
94069,103.95080425310799,1.3180648909067543
64411,103.88505643576275,1.373612898078757
59369,103.8368370416918,1.422109351689179
67521,103.908432654448,1.3871880196539885
52439,103.85537662195868,1.3382451398969593
10119,103.81128412266916,1.2859663246690285
28351,103.73100658380788,1.3436250946550394
53229,103.84931875871172,1.3482228339488163
91101,103.89674636352204,1.2960645555785948
49209,103.72982056957888,1.445133891953795
67331,103.89256164210038,1.3867839637350934
25411,103.63829323753714,1.3438179506501382
80251,103.87990853582305,1.3101252960186727
80141,103.88004782749563,1.3069957782522075
53409,103.85131336701033,1.3453195189688592
58121,103.81924069357645,1.4533597979022486
53091,103.8279533474258,1.3649172989711804
77249,103.93991305793062,1.3759553152633386
66149,103.87225252065565,1.3629555055566418
77369,103.9516819756835,1.3683740690717272
97119,103.96990933927796,1.3634276122523168
50211,103.85262723309809,1.3230180719709401
15159,103.79849348225808,1.2742099537240879
43439,103.75616945628053,1.3511924084638713
63269,103.8890256902302,1.3588460165689709
54571,103.85486545127974,1.3742906456835227
57111,103.82652205636333,1.431290135769882
21379,103.70655997731868,1.3452146755060344
78069,103.95818995198508,1.3686922091324658
26131,103.64969057223568,1.3189785772992146
81169,103.88319010767029,1.3107980045088998
41129,103.81396923925871,1.3253641513927705
24379,103.6659025395462,1.3035899727237867
66389,103.87088922021445,1.351073287938055
21521,103.71459827256615,1.3341022942697849
46979,103.79062281926917,1.43130362503386
24501,103.66475024187241,1.3242017178455998
22041,103.70209477884421,1.3138554588437545
46691,103.79586306692977,1.4382868664714887
43189,103.75684487875976,1.346908612265159
17111,103.77121949965739,1.3179248572410662
53011,103.83824306386201,1.3455705345661317
13201,103.82216292219474,1.3046295719093122
54289,103.85607161046258,1.369123851628661
04151,103.85113399665961,1.295356154649695
28359,103.73126198671402,1.3438844468821896
63079,103.89297562317078,1.3598793762655865
18279,103.78976447257718,1.2884985051396125
44619,103.76775983450122,1.3872227472573495
68121,103.86082024603084,1.4052865326807809
68171,103.85526791536063,1.4270559720555736
68179,103.85555654381852,1.4270341053692046
96371,103.96651638068563,1.3343468193150847
68109,103.86521797485074,1.4044527171564687
62051,103.87764189987405,1.3517528420073368
04219,103.84690920384985,1.2909278093772378
04211,103.84706129384845,1.2904473376015246
75251,103.92792561637013,1.3494762603553394
71069,103.89513721190626,1.338541946585283
71061,103.89510828148897,1.338991333020992
63191,103.8740201795743,1.3643142226346956
45419,103.74847461244487,1.403141340968056
59711,103.84276443698569,1.4182364391386135
60101,103.86010979130697,1.3178703481622565
56099,103.81854910833918,1.3971624497467598
97331,103.97515121488418,1.355829106383874
17169,103.76688005826121,1.3128906715233148
17161,103.76679215606802,1.3124087832828801
12029,103.78249970699851,1.3195662211213188
17189,103.76408892987845,1.3178092666549646
17229,103.76837063225307,1.317242322025049
67431,103.8973523172741,1.3952439585470846
43701,103.75208962221622,1.3484705356164324
93039,103.9294782046316,1.3095853865699054
76461,103.95982633190957,1.356149104883838
18209,103.79548177527172,1.294733416399634
67261,103.89470574086855,1.3865656035288885
65309,103.90928099354693,1.4049331203470914
70041,103.87840861445306,1.333408060262738
43609,103.75000628966691,1.3565484607078813
52249,103.8385483291972,1.337821667631208
43601,103.74965043767538,1.3566208335984389
47611,103.80627409645099,1.4439245633260662
04142,103.84972497433357,1.2932024972040723
43809,103.75185807722167,1.3543777624244433
21451,103.71482204154344,1.3452676910916352
59061,103.83496646601142,1.425637446354079
43579,103.75167731427484,1.3590614031264334
43589,103.75154799236795,1.3624339209800256
46049,103.76456746166517,1.4368530454035595
85061,103.94731282487717,1.3315613932469865
21609,103.72106036037458,1.3377046964404469
43581,103.75135910154373,1.362579387705694
20189,103.74716800578206,1.3203259593067533
99041,103.98553772956656,1.3878115805635245
53039,103.83594935370732,1.351384116552784
20069,103.74424095457604,1.3240314878163293
63371,103.88517604527894,1.3712239359440281
53291,103.8371637501788,1.352233479525425
97201,103.9737356302336,1.3626870939263191
52159,103.84384451615995,1.3380530475862926
55309,103.84442524825486,1.384059781597968
30029,103.71697716791391,1.3741324659409215
44691,103.77137492976381,1.388308191057049
54589,103.8567312872338,1.3716829698566901
53299,103.83796203589688,1.351652911439072
26311,103.62974647608934,1.302216289391273
11439,103.80025202277987,1.30601239206782
28431,103.73889606687484,1.334709314857744
59029,103.82881840138002,1.4079592666199199
54381,103.85611617963444,1.3657986884074622
34031,103.7079561151836,1.4376996025340898
66019,103.86040511570697,1.3459724307974243
41151,103.81935749154144,1.3380792468086085
07331,103.85893048404591,1.3082375064439224
21671,103.72381417996189,1.3380120373579467
92241,103.90094412978551,1.30179855471652
92271,103.90949515897817,1.3061712212016752
59039,103.83152552938171,1.413357313057138
58499,103.82429238707451,1.4520875100148236
12151,103.78130421557749,1.3186116695850434
99181,103.98847365123517,1.3878059235682274
53309,103.84533743978062,1.3485242590321682
53121,103.83947421523251,1.3502521407217492
14131,103.81667822160466,1.2674549218739035
46641,103.79002679314496,1.435407891339813
34029,103.70814497165364,1.4355728013731892
59281,103.84066698201151,1.4228682233077066
25129,103.65218115082057,1.3299817130558627
18181,103.79367448791228,1.2970638105031498
54329,103.85249883923458,1.3644585861686935
59551,103.82824186015118,1.4253676650131681
21161,103.71269260914261,1.3505353986966588
21169,103.71283894273118,1.3506773465874569
26431,103.63614188789647,1.2945365077712683
76069,103.94210020615222,1.348607654888784
03129,103.84973662187187,1.278378999234663
85099,103.9464021011416,1.3268578227218848
85091,103.94651587541203,1.3275783450583398
43119,103.76301259950345,1.3733681624575143
43071,103.7669842874774,1.3651509443383933
46649,103.78987865975162,1.4350740173972725
43379,103.74517736050748,1.347153006944524
84321,103.92985299297499,1.3306233699714969
27409,103.69412968165894,1.34721424580978
10401,103.81161115300917,1.2881477893066755
92169,103.89676888860971,1.3037862620248692
49169,103.74861349001613,1.4356125433711309
46349,103.78625916773433,1.4319072930624905
43611,103.7582776004136,1.3441411585979282
28061,103.74273257194488,1.3356782702458665
75209,103.93364841414001,1.3513505671186292
14239,103.82718319262086,1.271825622541507
17131,103.7658380203853,1.3081097135974689
21449,103.71301127020249,1.3464221209824723
57071,103.82551699573207,1.4250782247224427
81131,103.89217685816334,1.3142215177922891
33049,103.7053838349355,1.4261108978346966
40059,103.83636806144996,1.3165855300095317
55089,103.85624908895855,1.3912923064118994
93189,103.91955561189778,1.3036838676192106
44011,103.76258030329326,1.3744064494265327
14519,103.82403138430631,1.2557691859019213
64231,103.89691522973415,1.3648359826444045
28561,103.72236851396949,1.3531676186976573
92179,103.90350356293493,1.3080103007951887
50239,103.85510014090087,1.3183286903812452
66429,103.87236863420743,1.3735024273716658
98151,103.97587171093868,1.3777594294501965
68201,103.87264628580559,1.4098205043035839
59199,103.84221820237022,1.4361320290081958
21711,103.71577875946706,1.3469149282385653
31051,103.69446889193179,1.3723168172632156
14319,103.82076826780546,1.2733616856570307
32051,103.70097536306884,1.4093424591501689
13109,103.84270702265098,1.2935101997738736
75019,103.94169723982453,1.3572663597376127
49031,103.7512326198083,1.4163633679198504
15079,103.78678722936928,1.2806819094257909
83111,103.90527934897541,1.3235312241264072
16221,103.7811361524623,1.2830996673575399
60221,103.87086084951837,1.322043722991578
46879,103.80212071099169,1.4369798609558229
64249,103.89592812314726,1.3680284019565006
59239,103.8369293416656,1.4356456730834564
42131,103.79423111800045,1.3286304829555646
10221,103.83108691372617,1.2903236811842516
54619,103.84044875808996,1.364679442096931
43899,103.76910374110716,1.3634791755101543
43891,103.76922225141698,1.3637151091078445
43969,103.77262628435965,1.364565120846364
24239,103.66899257276322,1.3197682314048444
50261,103.85320331756175,1.3161687110220186
46861,103.80009228293514,1.43516181439293
43599,103.75199012939986,1.345097397335167
27261,103.68696003983133,1.3438260115667597
11599,103.80310208992117,1.2942246704164997
40099,103.82345478053573,1.3218283817434322
64259,103.88271226276272,1.3770404347346863
43371,103.74593832284786,1.346778959982287
21551,103.7210495676688,1.3266118132183098
55189,103.84387394301386,1.382564077028912
14041,103.81251887585493,1.2733498851142933
54211,103.83638653471087,1.3686963557437983
84041,103.9347488286214,1.324706419648468
83141,103.90841819006602,1.317717431868414
44721,103.76477845053068,1.3865836814822863
59801,103.84777736093345,1.431724724751124
97019,103.96538028210341,1.3528905855051823
29011,103.73362140816069,1.3086027839590844
66419,103.86931084928193,1.3501786226098438
10109,103.81329879024433,1.2854178015951856
31049,103.6941458427209,1.3691318864282245
66311,103.8742982797492,1.3676359960022264
17429,103.7671094416151,1.32958711983118
02049,103.85410661076028,1.2944809464323945
77109,103.9482632024927,1.3805578286045261
44279,103.75635805658848,1.3790495867408776
53119,103.83919231780675,1.34527839741319
71081,103.90057162843605,1.3337802796772773
18151,103.78869482170872,1.3004802290571955
60021,103.86667455505065,1.318240586718213
66541,103.88136551480314,1.379980041216112
57141,103.81698521328097,1.4024775024276264
18331,103.78432704179941,1.2949226251752464
75569,103.94160607300068,1.3658795388645995
70361,103.87341973291832,1.3284955947029933
64519,103.88114234519553,1.373855554927941
54581,103.8566305607794,1.3711003477750383
84199,103.93556011271261,1.3254953823781068
75571,103.94336185044465,1.3637132586644987
75579,103.94309485791027,1.3636406497042484
84141,103.9381636317713,1.3202194996984027
75559,103.94309460546546,1.3665151627954952
97311,103.9729175800546,1.3525309122980855
67491,103.87471118922575,1.3908801155350192
63141,103.87484911808583,1.3540814087572353
24559,103.65734038531333,1.3009238558637688
21591,103.72240026020708,1.3348058308385946
57131,103.8252620485075,1.4381219189909866
55319,103.84672296221581,1.3841062666432682
10341,103.8206282325515,1.2849257124963462
11459,103.79688561087704,1.3009057727566675
46801,103.79754239408925,1.4465234958197357
02061,103.85643688344246,1.289933856878339
10369,103.82388585216584,1.2803033268102844
64069,103.90125574894249,1.3752198444017403
47701,103.76475981104356,1.460980339691481
65321,103.91663719059133,1.399335565124198
64529,103.8892773340169,1.3700277142248676
53401,103.85048821684066,1.345382929033005
17039,103.76609190286112,1.3014525811528104
75319,103.93104208703589,1.367181238015846
53191,103.83909826855549,1.3584284106501743
71049,103.89892221503499,1.346020966935875
54271,103.85349172961584,1.3699829856040602
54229,103.83982996050851,1.3696113764908993
31169,103.69997168565345,1.372380004495823
01639,103.8555981394183,1.2973950863592305
95149,103.99790617038437,1.3814072495164353
59399,103.84554090650629,1.4302437055610309
25399,103.63725338902275,1.3287424836776738
54109,103.85428780066131,1.357167650425742
18129,103.78570149963225,1.2977176172038327
31039,103.69332891682782,1.3656045217816115
46449,103.79008286580317,1.442356546688179
60039,103.86976040450777,1.319937724244607
28621,103.74361596941593,1.3416022349638754
76191,103.94480175846428,1.3568857098798686
67449,103.89308477314121,1.3921019333928646
96271,103.96357991336515,1.3291488536012281
83099,103.91800658468178,1.3207655117374373
46789,103.80107021669747,1.4435470896195366
43361,103.74346558627997,1.346944491887384
22489,103.70542851888702,1.342694278876158
10479,103.81547069312114,1.2966186782024336
93061,103.92248833769446,1.3119306117034248
76551,103.94356260300474,1.3553378191090315
71221,103.89316453319205,1.3264038247430485
71119,103.90022129675282,1.326780974341722
71229,103.89336789209857,1.326179013860441
23471,103.68093560779045,1.3196853278433878
65579,103.89591923821054,1.4036011871569967
65571,103.89555904161477,1.4034396829351483
44779,103.77023700248759,1.384243328508359
44771,103.77101036662572,1.384863277699881
44831,103.76580155854155,1.3878776545054716
44839,103.76622187729237,1.3886529339829716
44729,103.76483014245356,1.387005929405503
44929,103.77308542053862,1.3826344451048256
44921,103.77274307349452,1.3822085181221058
44919,103.77290902497533,1.3853669953296546
97089,103.98005066016171,1.370823734303686
77099,103.9463344927344,1.3803848492675732
08137,103.8410594001924,1.3007113277689246
11479,103.80367525687147,1.2994018721414717
63279,103.88982402887962,1.3562015726464134
63071,103.89330884527574,1.359718395711281
70129,103.88056263470568,1.331577208344957
25441,103.63534511390176,1.3355237416807388
64541,103.89260095980656,1.3712193619179411
44289,103.75389071717953,1.3813788837515335
96019,103.95367947249005,1.331349302415541
66261,103.86641861370684,1.3654737890359792
67289,103.87328717235614,1.3896614619255807
23351,103.67870245342395,1.3170064952261327
63289,103.88969232539851,1.3541442607776915
84331,103.93100460061851,1.3288913402881832
58191,103.82881447129515,1.4586779613727099
01129,103.8586176959884,1.3034756787436725
45229,103.75798249019445,1.4115667307243227
45171,103.75535567235414,1.4059837268191944
83269,103.92346227764814,1.3189934073379643
02031,103.85121568716612,1.2916820255436257
47091,103.80603298761827,1.4646029644517427
44271,103.75614208238652,1.3786431416110565
28341,103.7328115426118,1.3424297132932923
44081,103.74085708661147,1.3767506588801468
55179,103.84262238559324,1.3856852863004565
99119,103.9843114425416,1.3915684248937645
96131,103.95526406251672,1.346381618270024
70091,103.89103220564228,1.3307168931567634
98081,103.96445738101907,1.3618647755429254
43268,103.76426606873838,1.3603330226489048
64429,103.8952055831738,1.3747619234794886
03381,103.85308986055551,1.2816118032259038
92129,103.90639377303243,1.306827391969673
22409,103.69746291445333,1.3100648433836533
03529,103.85270123770184,1.2793959946650464
45111,103.75566911234706,1.4217268705054478
64111,103.87684741973307,1.3760649227737494
57051,103.82338041367713,1.4153246356528888
54247,103.8471235983238,1.3687505308241323
24621,103.64978822675965,1.3079378044951846
20169,103.74277943262658,1.31920162513432
06129,103.83448897299814,1.290648720600774
46271,103.78583617473181,1.4404282356913034
11481,103.80607740557176,1.298060687620745
21619,103.7182339392454,1.337956810416412
51119,103.8326445453115,1.3401118460250185
59271,103.82848607445908,1.4362553222728172
64551,103.89036240590575,1.3699177087970904
84261,103.94168858053023,1.3342206590887844
16109,103.7794549390167,1.2890952505819806
56031,103.82821060889134,1.376991243594699
46351,103.78365772717225,1.4308703046193303
46469,103.79485067470968,1.4466535586521343
25151,103.65327232675165,1.3291072274531606
47061,103.7981317528293,1.4560782960834715
01559,103.85757404518189,1.3016655271511977
60119,103.86416754957973,1.3188623110627067
28271,103.73394579083492,1.3392872309933737
21499,103.71104630184284,1.326470636259595
49189,103.75370846135849,1.4364526519412188
53239,103.84766582405794,1.3510597097543446
28611,103.72099731986972,1.3492432659729379
54369,103.85593870821337,1.3588041930099222
13071,103.83313750291573,1.2963634529848809
20089,103.73933612719712,1.3269347741885675
11239,103.8016530866116,1.3115319508705565
10149,103.8329276532532,1.2860723993740124
01109,103.8567127657392,1.3034967843370282
58149,103.81783553971354,1.461948016664885
77191,103.94598525512085,1.3765756849135882
60191,103.86189523041828,1.3172188682864385
71041,103.89843709453883,1.346596786688272
24341,103.67065302374532,1.2956501444904371
14029,103.8242505163261,1.2724597183884434
21651,103.72397847205923,1.3388046527664332
82119,103.89409293024647,1.3160989370949912
45279,103.74535897166479,1.395626169489354
47541,103.80332909229351,1.4379506410726892
63151,103.87752802338905,1.354199906961089
15201,103.7895925033652,1.2768680570054294
83121,103.910642771492,1.312677510882206
27359,103.69605442474581,1.3444957336259664
67059,103.87292083202067,1.387060105082929
64479,103.88347830551425,1.3744402485497227
76081,103.9493595819991,1.3495636439118741
81101,103.89153648261609,1.3210390915011432
40259,103.82248441021426,1.3402902223118907
76451,103.95949380058141,1.3522198232330207
85059,103.94913479068333,1.329424785231111
28149,103.7291703486248,1.354016618850674
54011,103.84347668221838,1.3657740502105855
31121,103.68809894860048,1.3703959538259423
05629,103.8419349386792,1.2732294666884527
46741,103.80723925135993,1.4463049808776873
52411,103.853959867649,1.3281498606844884
66381,103.87121939412813,1.3502900310052086
51131,103.83948551830318,1.3441802621808001
24521,103.6588277480682,1.3173965357665955
83239,103.92247905884732,1.3168847474774195
52029,103.84718399950037,1.343654201441827
80069,103.87708949306499,1.3121357176920727
11511,103.80245012297378,1.2860633377590105
82099,103.89426315521727,1.3128745797782746
05641,103.84131955976831,1.2727405979088222
97169,103.96767827399333,1.3467259604224864
55251,103.83880592673333,1.390957100019958
04251,103.84883267731962,1.2897576686814167
53271,103.85391562825734,1.3493851018862306
66161,103.86461856861254,1.3612873477133554
70079,103.89844889136495,1.3336185681059536
22451,103.69553575518586,1.3383451472847139
57061,103.8245335030229,1.4200322894822677
92059,103.90765280110125,1.3042170112182534
60201,103.86849055936433,1.3296372485309476
45391,103.74972807984116,1.4001403940752717
83319,103.90712088670081,1.3127191988006337
49239,103.72795730632566,1.4406095539646528
54491,103.86015194257838,1.377209682142487
24571,103.66901806672332,1.3236729216402845
65219,103.90321930689713,1.4032306712567626
62071,103.87990661705845,1.3425977419371904
03111,103.84822268130807,1.278016757911421
96321,103.96530128766653,1.3321587728536413
62059,103.87864245524696,1.3517333850260047
81051,103.89037875122978,1.316615478837091
78109,103.9539426316646,1.3753611616641734
44129,103.75080785945244,1.3774477288411469
16011,103.78178887594042,1.282840185927161
23381,103.69451267218172,1.307784504423793
24089,103.67068490474253,1.314367758017457
29039,103.73589295504539,1.3178584534083324
19061,103.77789260271616,1.3075084637687093
67309,103.88754801498514,1.3881599239449078
28461,103.73200018702016,1.3454184575196855
68139,103.86209710061635,1.4144055101712683
01019,103.85297664896702,1.2969399206182077
43679,103.74417914144085,1.3649493151886485
23189,103.69391683506221,1.3276665076180192
46139,103.7772516542638,1.446145270300214
03239,103.84894055257878,1.2731265186650487
21099,103.71117090037868,1.3101759645907616
93071,103.92641787074616,1.3129451970191721
46041,103.7640920119925,1.4366809885338574
28231,103.7423801597124,1.329876177078186
21719,103.7150471083546,1.347818332682631
10461,103.81162800599265,1.2968318962895111
20259,103.7448421072239,1.3196554913679581
80301,103.87349678880004,1.3163275474714715
43159,103.76514156448637,1.3642555253898812
48079,103.80527912628838,1.4132161547555169
63349,103.88928401490693,1.3668487701791328
58419,103.81585683904294,1.4546555435416868
52371,103.85658543380067,1.33993440005166
16991,103.76989525957313,1.3077592831279705
30091,103.73088084517009,1.3794817677385258
64151,103.90982433353588,1.3682389286133683
30099,103.73115334280382,1.3794156986457657
30031,103.71992170820562,1.374617399176742
41051,103.80729184667202,1.3260258883822154
59189,103.84204254310356,1.4342337484308765
24499,103.67414258505383,1.3259608258673456
27521,103.69410176528527,1.336804876979585
46509,103.77095087444428,1.4381150570286574
46171,103.7780124225778,1.444107112001908
53379,103.84392108252787,1.3601297974922977
63031,103.88528190485117,1.3605898797734943
11451,103.79701508413561,1.3003965965564666
59529,103.8318269302137,1.4403235973509243
49219,103.73517360139627,1.4385807169229536
55129,103.83552618628894,1.3794769745773767
77051,103.95513744611407,1.3691034910674869
78201,103.96210001725063,1.3713163989893504
75549,103.94127402446387,1.3683326955818031
76391,103.9474570012359,1.3584609930441627
78151,103.96076135065573,1.3723246583811368
45201,103.7659289976557,1.4104717396986988
67081,103.86924491903854,1.390186025782557
75499,103.9368422204765,1.3660737558081837
25509,103.6436663651298,1.3335261092274981
27301,103.69429124830286,1.340551417433112
01013,103.85325504682737,1.2977713262808217
18099,103.78944699334153,1.2938747789858354
67661,103.90885223629283,1.3888820913128752
70071,103.89844616198417,1.333840209700343
15051,103.80235877400484,1.2770711858754564
96081,103.95555621055469,1.3365350401545213
11561,103.80248725172987,1.2911273810962434
66191,103.85984050314927,1.3606528445839383
23389,103.69383624698546,1.3075808586127398
54411,103.8542503916227,1.3723581786294519
28531,103.71644530631498,1.350032953891084
96139,103.95590753099151,1.3464901309918995
23151,103.68492508833442,1.3278957819209225
42089,103.77943824621721,1.340000383474299
25099,103.64488147136946,1.333920829512762
46261,103.78687677479614,1.4425350216293005
50011,103.84718054167992,1.3118114352622663
43659,103.74922614594027,1.3637943756319948
62099,103.875702379562,1.3441662984823861
43301,103.76202207380042,1.358933829514471
49249,103.72548869555753,1.4370875214763577
16051,103.77496632889716,1.2898520714787307
98099,103.9633383534994,1.3645709272881694
58019,103.82474002214465,1.440828345833785
08111,103.84084687646303,1.2998655058679007
75201,103.93354623986069,1.3508102253001237
20251,103.74456376436535,1.319847931763756
68131,103.86188357048582,1.4146448391466027
11101,103.80602713690469,1.3162418937791969
14281,103.8180082948534,1.277050056144993
55509,103.84560074779762,1.381068439349075
50059,103.84210777288783,1.3248009447085916
27061,103.68400533375748,1.3499697073386356
68149,103.86316861033623,1.4176612098855363
44249,103.76653738991996,1.3805039255417115
59631,103.844009929575,1.42335344479772
78049,103.94196888911324,1.3743929283039573
18309,103.78142852410917,1.297521009684796
59579,103.84392242483528,1.4202024208133712
28309,103.7458667691387,1.3262430676802643
65099,103.9071514018568,1.4044815491082883
43051,103.76683397063886,1.3604946408265872
28321,103.74092023154853,1.3412994707287165
78261,103.96080773020637,1.3787067701337983
66509,103.87006309604944,1.3753004113533294
47621,103.80988240651487,1.4469150999310327
20271,103.74556085158996,1.325034558484293
20021,103.75783807199342,1.316783085782946
28301,103.74031402250522,1.334907508916613
66231,103.86444522510395,1.369949835777742
59073,103.83544666618037,1.4286128427980596
24539,103.6555140203352,1.3049784865549514
46441,103.78967607428285,1.4422084972873377
10389,103.825740949953,1.2887261328477981
54241,103.8463132492992,1.3691244357393622
64391,103.88977480106817,1.371478717185333
59159,103.83449197078606,1.4305529155067558
59141,103.83277434713742,1.4303225236237989
43541,103.75495337789863,1.3529467260907746
59169,103.83774660968099,1.4304454658744303
54401,103.85168287328676,1.3729284141377587
58501,103.82711804370159,1.4506967919080078
59091,103.8351074273498,1.4317248892185404
59099,103.83521711419415,1.4327948220498452
55199,103.84255858811544,1.3795401021167557
64559,103.89086328034963,1.3707034342665994
58159,103.82238597160091,1.4481737765217544
59379,103.83825965079392,1.4194348113398527
20011,103.76136483209658,1.3130234295529823
66071,103.86743016640519,1.3437382810320602
52271,103.84975545533199,1.3368829644334954
05519,103.84106405335683,1.2755327197530417
52281,103.85365460262265,1.3345359039454732
20121,103.73706194661189,1.3202335210794633
59321,103.83183466591967,1.4200348742411315
59561,103.83299638496705,1.418675086702786
10231,103.82767699309366,1.2904027860755383
59439,103.83829014361119,1.4177891909158316
31089,103.69707065511636,1.3798577732646309
84159,103.93304258994668,1.31668188045069
84411,103.92934255070142,1.3338419864120932
59329,103.83177044574524,1.4197172444134494
22479,103.6930654081196,1.3347460424729198
95089,103.99584356243426,1.3896066014793171
21541,103.71993535693512,1.331417003444003
65311,103.91279379078591,1.4020827395234081
11021,103.8022403869771,1.2894490344750649
83321,103.91363660482335,1.3217557696000133
98311,103.96861580288014,1.3592801974433766
68111,103.87139744541676,1.402327624140974
75229,103.93669137037199,1.3450210175549615
11159,103.80373135122005,1.298011602008203
10489,103.81775055662963,1.2882065287123317
20341,103.75046306315056,1.3118392604731295
77179,103.95084470193514,1.3725989668154697
66569,103.88256111540842,1.3831038675607208
84329,103.92960601250178,1.3302952965748396
07231,103.85732909134812,1.3096743109201012
66589,103.87942746743475,1.3821417066916
31041,103.69391879491342,1.3687202222221897
21391,103.7086360743701,1.3449567423583462
22501,103.70292966301027,1.3376496094164803
11449,103.79765215433589,1.2983461922247712
57039,103.82002673744276,1.4061587264271056
21159,103.72045134670066,1.3186277855056199
67291,103.88980329933364,1.3871501894467466
67299,103.88970058455702,1.3868335389036925
66611,103.88008025340486,1.380911888278546
47659,103.80548305909906,1.4414201863779297
28651,103.74793806203478,1.335080091103308
47651,103.80525202520549,1.4416363408982529
66619,103.88008432068254,1.3807448467593855
59819,103.85193167286322,1.4270329430697204
59701,103.8402697455093,1.4255076656373076
75491,103.93665914264827,1.365777056759682
59691,103.8360349407634,1.4248209521895268
75488,103.93819856928,1.3639129098248575
46961,103.79290202418647,1.4305004289537424
46669,103.79179273088663,1.4374135683872162
65061,103.90186643312383,1.3949415145478794
58341,103.81688911265833,1.4526766600082972
44601,103.7684727369345,1.3821368794123627
28169,103.71959747337874,1.3561497744778788
12111,103.77240111478649,1.3191417583218814
17101,103.77180317273837,1.3146419367675963
64049,103.89595752234938,1.3703068000477174
64019,103.89385426924015,1.368267755580209
64389,103.89177278458973,1.3731193802022454
64381,103.89164178594137,1.37291505870079
06141,103.83410860196702,1.2894911156202744
06081,103.83352283380597,1.2882289244138245
06131,103.83222476878385,1.291534894189022
06149,103.83415997077817,1.289809758620341
10229,103.83187526795851,1.2905244959814965
06071,103.83358908756972,1.2867497442857898
76319,103.95558607817122,1.3576571846006933
46709,103.77549539209402,1.4414708020315463
46831,103.79564504173186,1.4436250666960166
84409,103.92665045568022,1.3329118498108579
84029,103.925096130512,1.3229442825136926
67319,103.88895448192284,1.397363714233352
04149,103.84983203427004,1.2927054205244592
52429,103.85709545046421,1.3363665878544249
17049,103.76462511712941,1.30467500328211
67311,103.88975829568659,1.3969681398540459
78221,103.96116688831445,1.3740662099160157
63359,103.88782357294814,1.3694052335853415
64141,103.90821689747598,1.3646864642272443
83139,103.9099672652782,1.3145434108637073
55231,103.84832421119147,1.3856306088854937
55351,103.83695573966722,1.3897853922595538
92089,103.91758601713627,1.3071783068309608
80271,103.8829556789089,1.3051177443025124
82059,103.89749801528313,1.3011529717820527
57011,103.81710926455973,1.4002357259981992
21121,103.71694172032609,1.3147796025393832
01311,103.8623643075861,1.3072675287186601
57019,103.81733609785863,1.4007942211828082
76249,103.95938607497794,1.358273148285138
50061,103.8413912025932,1.317377744025342
31199,103.70932482468785,1.3708523676430355
96261,103.95585581455272,1.3440796026786028
11189,103.79258214538089,1.3074120622544105
92099,103.89894131743954,1.3023399160480893
18029,103.78913239967679,1.2961298834111266
55261,103.8363740577452,1.392490177061814
28241,103.73952544797456,1.331837662629307
84091,103.93010848049096,1.325787052867784
76469,103.95985540695995,1.356292240373168
23011,103.69240986118947,1.3224088433725718
02051,103.85887138301568,1.2895356588318503
04239,103.84745548759047,1.2888058336441148
04222,103.84715897569795,1.2890397700514957
56199,103.8300487776105,1.3788898926219937
58029,103.8239841566932,1.4431024051903212
58021,103.82366954753364,1.4433114240238925
95061,103.99649120976038,1.377426908845178
95069,103.99638027923363,1.3777791079429595
59451,103.8436096949876,1.4256737566788173
13039,103.81744322830868,1.2998227898338377
44019,103.7625697393754,1.3761560814841742
82181,103.9059647709288,1.3142524155776651
23271,103.69175402938268,1.3153442879604984
55051,103.84900554577759,1.3924391747399305
12089,103.77576056124208,1.3265019786476242
46621,103.78065569714747,1.4295618611888865
83181,103.9174915307457,1.316652543889296
52131,103.8440624807036,1.3323128993593039
54591,103.86178771931505,1.3753180163705836
51029,103.83974791847135,1.3302268013378995
24011,103.67752863701944,1.3222973702546494
27149,103.68871110626966,1.3388972752452728
15041,103.80182351652437,1.2746323569670175
15049,103.80216083755025,1.2744970635948891
46809,103.79811269349322,1.4464911873681012
54059,103.84500127806285,1.376248191141597
41019,103.8203006564829,1.3226582654327939
40171,103.83587750001436,1.3109984694336034
14009,103.81911480375103,1.2671664368168394
43231,103.7600924317369,1.3539824410502244
22099,103.6969168539527,1.3088292829914883
46811,103.7992707788521,1.4439038671915594
52331,103.85582893567363,1.3325070209468797
67369,103.88825150474393,1.3908166777089088
46319,103.78031068629409,1.4423043133966966
46311,103.78051865477065,1.4423553026499434
62141,103.87518815261443,1.3515079369655756
84589,103.91954173905235,1.3230309672590943
84581,103.91941924972602,1.3238768526636737
96411,103.96379429924232,1.3378206854480112
20149,103.74902426386953,1.317912684555805
20141,103.74865695990684,1.317750630846031
65429,103.91213035432614,1.3968279787025168
65419,103.91393654900553,1.3993623948490688
65469,103.90072695030702,1.4099898879845534
46309,103.78279766494529,1.4430432189228732
27071,103.68435597047899,1.3549838989549452
84169,103.93207366234073,1.3222421592293505
66551,103.88138588458392,1.381636262070752
72149,103.91165249342654,1.3383423209574632
72141,103.91153755088013,1.3385435591313442
72131,103.90999312993512,1.337874850231155
72139,103.90912356224784,1.3373750283461756
01411,103.86295808757039,1.3021247590228067
67759,103.89716257640842,1.3911206375295466
01319,103.86327159139151,1.3075505343856053
95909,103.96049414491189,1.3384377858950798
95901,103.9602094357725,1.3386361454710516
96449,103.96396757705531,1.3398282299279678
96441,103.96287029674568,1.3395152128364545
96041,103.96126203190829,1.3416308977628801
96049,103.96139349322479,1.3407593822832502
20139,103.75206205248386,1.31580987995445
20131,103.75179814579509,1.3156419417893852
65191,103.90545369414286,1.3951833419583715
59319,103.83200273455773,1.4261852803284079
43771,103.74142014968226,1.3620774425215323
43779,103.74167836693415,1.3618675641926081
45131,103.76104972678426,1.4251555078182503
45139,103.7617488542325,1.4252253728506508
44339,103.77117266520736,1.3809380371570266
43061,103.76737272446591,1.3631229963040583
67381,103.88852609268731,1.3945863738444513
67421,103.89216244428228,1.3965784671192412
64729,103.89195977241683,1.396946963305092
64301,103.89906966862465,1.367285389870846
64309,103.89922526876568,1.3670023242602924
44049,103.76097403458203,1.3809461247947847
77291,103.93475805859326,1.3774030536662376
92219,103.91668943839376,1.30647060535147
92229,103.91605941095614,1.3050144748596035
59719,103.84228752771008,1.417665853438988
97009,103.96672180140497,1.341705266685422
72151,103.91315885406524,1.3408749198280292
72161,103.91646545308636,1.341134361420138
72159,103.91264792442999,1.3403411024424228
72169,103.9162978403827,1.3410266909058417
76031,103.95533091155872,1.3552059885979755
76039,103.95559915644778,1.3551264299902732
76049,103.93646624247693,1.351468647707098
76511,103.93943027806881,1.3594000173546277
76529,103.94043534059045,1.3575356659060067
17171,103.76509175379329,1.3148014457272847
18211,103.79518665228858,1.291613212824477
54169,103.83479839365697,1.3709054415628699
97039,103.96895183296664,1.3554168044115107
07561,103.8526261059181,1.2994932353615323
91049,103.8863679351704,1.300692351563311
22571,103.70692890196945,1.3379026661313804
44819,103.76002123038752,1.3870808375414274
52109,103.85818235804416,1.3269632763553374
52311,103.85727492323208,1.3343430805566343
84319,103.92767152710064,1.3298039768917262
43539,103.74337397745269,1.3514362928923085
98011,103.96294681157374,1.362238487692047
71059,103.89198794136729,1.3405963804783851
82171,103.90300500710259,1.313810398452044
73049,103.89915801954308,1.3506911280131564
99189,103.98963370939249,1.3883582772978307
40179,103.83679813657942,1.3113020210534931
59261,103.83150147309355,1.437514516692106
54221,103.83964415864256,1.369955899085534
92119,103.90272787108862,1.304428160754368
32059,103.70121331264825,1.409001560086267
50249,103.85665795832054,1.3173237299664227
82159,103.90053035333308,1.3132856433850775
64571,103.89293746093155,1.3780679664090012
76171,103.95050486675927,1.3517874097943179
66549,103.88166201134146,1.3803123988487773
78081,103.95635315027494,1.3736270256208845
11049,103.79954771566311,1.2953316011090992
26321,103.63119998919288,1.3061752463539125
99009,103.98773031177568,1.3893482568319517
05199,103.84673833719546,1.2845739625048291
70139,103.88323088341915,1.332167331786907
24629,103.6501962615354,1.308594345660198
17299,103.76873041403492,1.291151870284221
45151,103.75428945350396,1.400833103767462
22551,103.7005908922117,1.334986564617728
10449,103.81205409230732,1.2866271913287612
59219,103.83752226708438,1.4404540448297336
93029,103.92468781682831,1.3084948383712862
98071,103.97839546675829,1.3797671762181556
25511,103.64083642659178,1.3297997880040362
70119,103.87769992450477,1.3307411300379859
06049,103.83521575678012,1.2846731635152608
12121,103.78703455486722,1.3115922462941094
80191,103.87581873123374,1.3007659190371885
50041,103.84159766600018,1.3235465683306742
27159,103.69001409350555,1.3403819279391864
54161,103.83472579915042,1.3711249534258336
28101,103.75903277700687,1.3332251703583633
17359,103.76623115028214,1.293304563710941
44329,103.77258343167473,1.3803047642427542
58241,103.8202181161838,1.4472382748983448
95081,103.99797039727129,1.3893960294213301
42149,103.7786128015259,1.3360113940310223
29111,103.74684431212967,1.3000591268899997
24339,103.66878861683301,1.3083546725796928
42231,103.77066057525887,1.3405804421760446
10379,103.82490649559627,1.2837840103070453
54629,103.83795479213427,1.3656070845464967
43391,103.74778122186218,1.3499392496422118
58079,103.83438722889531,1.455850173538771
93011,103.92154544831669,1.308266562640516
77351,103.95018028204213,1.3678777684676895
67221,103.90629279569198,1.3913060650713585
64351,103.88801712430622,1.374761710250304
63361,103.8738199344125,1.3575146603392851
85041,103.95116523420319,1.3264603758190114
94021,103.93823316676432,1.3147351519106032
53249,103.84904546069389,1.355308622067527
43349,103.74074255003495,1.3498925511395967
17031,103.76563451728566,1.3017282624447566
11051,103.80041818106692,1.2990967567921434
20031,103.75479963866259,1.3204343963939325
54621,103.83774782360706,1.365946377106813
16141,103.76960784020447,1.29793172798537
71011,103.89029966091825,1.334119703274618
43399,103.74807195959427,1.350612404747957
78171,103.95677374796111,1.36790036187363
44731,103.7643324287899,1.378712278192495
44739,103.76463191419926,1.3785867350178447
77011,103.94252481460798,1.373852837343115
09149,103.82131250286886,1.3060901631497477
43829,103.76732842050043,1.356875525440159
43821,103.767594699193,1.35675168192427
43049,103.76889460527251,1.355603398447629
43029,103.77000440243505,1.3521449994601495
43021,103.76979872908123,1.3513617733453067
72029,103.90663633229917,1.3309114814644996
84709,103.91247906597684,1.336488121754449
72049,103.9076503448386,1.334959433027357
72041,103.90738310305393,1.334681885563011
72039,103.90993335917804,1.335481179495647
72031,103.9098389232787,1.3352111186438917
59349,103.8387765348884,1.4234118805860814
 ,103.84603455901403,1.4330868516835422
81181,103.88862787282598,1.308485405667175
44499,103.74093035521257,1.3832713344029501
20019,103.76150883784038,1.3136284921187216
55159,103.84062497368765,1.3833618488454813
67341,103.8951252963334,1.388658459085925
29049,103.7367775691139,1.3059851287004742
45231,103.74222173970482,1.3847226322814412
67351,103.89144821512782,1.3899384436685611
45319,103.74200819085391,1.3929589109569471
84271,103.94417185321866,1.3367508003581827
49099,103.7565864955206,1.427594353661123
49091,103.7562420932716,1.4277015316947157
54089,103.8485473404082,1.3629337017217404
58269,103.8276124614326,1.4470877672236724
27429,103.69552678218825,1.3428294296605991
54659,103.86676702898286,1.3783409637911077
58261,103.82718491027234,1.4470878013683102
59599,103.84968636636978,1.4269243606107975
44549,103.74624482852741,1.3870760946244227
83109,103.90531772781928,1.321124587612957
83011,103.90733641027921,1.3197120110091427
59821,103.8457157977287,1.4328859047130218
65639,103.90499176086456,1.417640093114993
54201,103.83918968434678,1.3759261441032191
67329,103.88480818305936,1.3898986420949526
54209,103.83950785360268,1.3762608665863767
10339,103.81861367863267,1.2811665859396884
65551,103.89330960431504,1.4037768616588346
65531,103.89362418186555,1.402405391653405
52419,103.85401778256576,1.3279758468945397
66081,103.86977946090167,1.3430586623436804
61041,103.8704521310937,1.3415002081801777
66089,103.86938811608745,1.3424293038780806
65129,103.90960204887665,1.4165440576001156
92309,103.91268543369361,1.3082960875877607
77061,103.94037663809453,1.3737193589840295
46781,103.80120224673239,1.4427240944216788
24159,103.67663560936158,1.3268977766234793
25331,103.6537851109024,1.3201816227507637
58301,103.81057698626418,1.4448561478134874
28299,103.73683511246858,1.344650605347342
46141,103.77326740918886,1.4436614092538114
28679,103.75106451849398,1.3366019339320814
60161,103.86560897866453,1.3248145901042814
91111,103.89249533434186,1.2953598454543513
92121,103.90663800213659,1.3071861396805595
26221,103.63700820341333,1.2932830047223076
54061,103.83411257541638,1.3672553425901817
65201,103.90362990227504,1.4008167819472763
63209,103.8752187398383,1.3660186731979829
63159,103.87704440820977,1.3551146457439882
83151,103.90917370803999,1.3148790582525711
81209,103.88433969915954,1.3184251512757195
81109,103.89112972845737,1.3210255383055367
47511,103.7964501580515,1.4319225339748758
95189,104.00141384560222,1.378686918198749
67581,103.88973927720423,1.391000414528649
68129,103.860967031263,1.4055751405921078
10301,103.8109118903091,1.2962774366360905
23379,103.67947116082578,1.326500049404033
27539,103.68687463012049,1.3406692610749846
27501,103.69172768301723,1.340920304350872
27529,103.69408950670498,1.3362551065717954
27509,103.69141703076026,1.3404600647100908
23371,103.67907923375212,1.3260163091134245
59651,103.84177637392973,1.4271134254966868
75149,103.93361964232237,1.3559907283375408
77289,103.93586272634757,1.3789480420615525
45381,103.74745849813772,1.4008140719339686
77371,103.94820709312587,1.3745390825086172
70141,103.88739374792847,1.3332944121596104
76311,103.95532664680546,1.3579654189341044
43749,103.75168845561458,1.3466144651819505
43741,103.75184445825086,1.3465095733075967
43411,103.75025101927562,1.3516871602201541
84571,103.91865380264612,1.326586238717255
53319,103.84118270319615,1.3473208871528597
53311,103.84175444121054,1.3468156620326523
43421,103.75365402991716,1.3511662910319284
76411,103.95752167154942,1.353845782640324
76181,103.95314181506444,1.353843821274189
76189,103.9528961973301,1.353711828212941
76341,103.95533902162934,1.359770271346798
76259,103.95827691424422,1.3595593675670747
13059,103.82656597747797,1.2932488837540561
91079,103.89519413790714,1.3012910655205754
16179,103.77423792399578,1.2990497376273151
09131,103.8232746762926,1.3040978445175828
59181,103.84207064397503,1.4339998273969572
46219,103.76792918241291,1.4612212910537206
22591,103.70324509497804,1.3443024615830281
46279,103.78695797565629,1.4401826464905443
17211,103.76588182327511,1.3183476614649599
46409,103.79574139457839,1.4405741084018915
46951,103.79137060785135,1.4314676416396472
44351,103.77558238274756,1.3681597437656718
71181,103.89891306159605,1.3434023499161238
40069,103.83446454319643,1.318259871467567
14221,103.8289510981211,1.2735183885330292
55151,103.84027044346817,1.3833677771179154
09139,103.8237479954599,1.3036385403138397
46619,103.77775923175763,1.429080215359979
65409,103.89952230310628,1.406271383998964
76369,103.95026389408712,1.3602707821326874
54389,103.85656523636352,1.36632586965054
44229,103.77142699928622,1.3765239640471345
50241,103.8573218859565,1.3172201774945782
82061,103.90250529260445,1.3188066157776717
07031,103.85126240820718,1.3057720716973686
83101,103.90493121972173,1.3207297074317723
71091,103.90374974575606,1.3306610961858525
43089,103.76632488825574,1.3670452866190341
43069,103.7676820823748,1.3626891643406744
43099,103.76506829038478,1.3687258598280319
43091,103.76472101721278,1.3686765710808053
43081,103.76627572218383,1.3662996473248918
12061,103.7707853987101,1.3216752307384185
12069,103.77106138576927,1.3213366989607966
66079,103.86733665975879,1.3433023452777308
75551,103.94353918178082,1.3663021830001367
11009,103.78929489660828,1.3111364080776289
54051,103.84464395655897,1.3763414500076594
99109,103.98179038310215,1.3912088916652605
09141,103.82169267221353,1.3054314618467644
20179,103.7391754794418,1.3199743206279917
43201,103.76451685327801,1.3469101175655611
95209,103.98224915580036,1.3389135808775319
77039,103.94832280368443,1.3716214445343948
11029,103.80205005479398,1.2901520789470462
63069,103.89189217229045,1.366343103109447
67391,103.89152358385839,1.3942126091013254
44449,103.74756164886027,1.3789237205443468
10299,103.81150039622348,1.292358351725347
18289,103.79111934271494,1.287288944002579
64191,103.91601032935391,1.3797514560548143
27139,103.6890100807711,1.3420481105699247
09047,103.83302046300658,1.3044378986420115
64189,103.9138811919014,1.3768419196189312
00000,104.01559407002748,1.3176500796377675
0000,104.01531756024853,1.3177616003435673
73031,103.92005773125723,1.376784301651987
74031,103.92573083528741,1.3675880440311479
42159,103.77502007050843,1.3403823121498528
73029,103.9192185272606,1.3790225407144066
74011,103.92040568514214,1.373805669225736
74039,103.92585943843933,1.3671199678259343
64171,103.91246404239905,1.3743125534468497
73021,103.9194787597587,1.3791844393934882
74059,103.92914367354976,1.3661003588007372
17119,103.77190783070468,1.3171646966606425
17109,103.77219327260609,1.315310531994002
14339,103.81113181784899,1.2767344573437696
14331,103.81118373561745,1.2769079213127703
43131,103.77010003581181,1.37332859050885
81211,103.88656393201758,1.3190433278400704
45269,103.74374568161484,1.3943729107214775
52008,103.8476807776205,1.3323400669322543
52009,103.84756742104067,1.3327965085153304
62259,103.89261160918107,1.3463172200853137
65009,103.90229170673324,1.404275162681107
68091,103.86961093043088,1.4078521418515344
68099,103.8692983536099,1.408047976760465
84008,103.9288895821583,1.3246960747485423
84009,103.9296548234795,1.3248541900467168
96381,103.96216140110725,1.3333099020203374
96301,103.96171623699286,1.3345338106410398
96309,103.96180405268488,1.3342721052920425
27421,103.69533874731991,1.3427487824661477
58139,103.82071923915493,1.456351030005146
91041,103.88657315246591,1.3010129534399837
64131,103.90358813119954,1.3630298955589342
24639,103.67787547599016,1.3203940398817797
05239,103.8412681914363,1.2783281383453464
67579,103.87370371970769,1.3948403353127734
64159,103.90991349831367,1.3674666626360812
58011,103.82416019795807,1.441418698630761
64349,103.88670678278537,1.3728949928979866
62131,103.87285059152505,1.3490200776401164
76269,103.95734640473096,1.3619125545963466
21599,103.72271562375204,1.334622294744281
13051,103.82641305414546,1.293382852329668
84081,103.94013663577054,1.3204434150819309
10459,103.81628343606462,1.2875568353077613
10279,103.8175266196868,1.2915399754307446
10329,103.81595580807179,1.2935621790980811
21511,103.71081989096287,1.3329758455872958
48049,103.78922147701836,1.412369662610196
24331,103.66883366029919,1.3085839319681862
27351,103.69607280769367,1.3441374418676932
28681,103.75492878638984,1.3371686648777084
84631,103.92957099269785,1.3387453798370799
59571,103.84370709339046,1.4210626934153026
80189,103.88004333837189,1.3049038078989295
55271,103.83252429429768,1.3949841953351163
28371,103.72403557493688,1.3448879605110682
27329,103.69196525802234,1.3439530138187155
67089,103.86885410148254,1.3900055885124312
44171,103.74713265806837,1.3680533168034288
44161,103.74988670768357,1.3706426096908695
44169,103.75011871036536,1.370380241213723
24299,103.67170595946665,1.312179544912348
95039,103.99453699525105,1.3722558397455507
23499,103.67797822414899,1.3275684972600692
25361,103.65112596631002,1.3249566200261274
24509,103.66415709605842,1.3243690372613597
22161,103.69636683528594,1.3254365040732727
47199,103.80265435348385,1.4612487757976163
22319,103.70545582827489,1.331921891413023
22189,103.69667176221687,1.3336092901676104
46461,103.7936824039284,1.4466350459883035
68021,103.87247658216845,1.3932884442250664
68029,103.87269356692688,1.393042003234867
75179,103.93162320826113,1.3570064836937357
75171,103.93137544803596,1.3574975068774529
56049,103.8276926610928,1.379460438897665
16031,103.77847708558014,1.288057871979021
11441,103.79749931879962,1.2978602161455552
44199,103.76674759654304,1.3789320426349914
66111,103.86822711174408,1.3584951765344915
76421,103.95994185121529,1.3538479311554348
07111,103.85322375458927,1.3088254832677166
44251,103.76212613911007,1.3802845961978323
53099,103.82842804976164,1.3665610047439893
05022,103.84448874547438,1.2858253014833285
50021,103.84421274866745,1.3174021284725326
14141,103.82204708797815,1.2655002275181955
81091,103.88160844250746,1.3200747792930358
70101,103.87401941599768,1.3297078255786046
07379,103.8634271094337,1.3101239915544776
82179,103.90451282965356,1.313916930458457
85089,103.94869187789934,1.3333214057585516
67359,103.89036066244843,1.390055136878928
02181,103.85114720027134,1.289354318479038
02111,103.85454672769264,1.2909904772128924
02011,103.85191890068401,1.2886061183350461
18079,103.78450694793253,1.296571699356815
67421,103.89389874661056,1.396144893454377
76281,103.93846918050149,1.347535011308358
76289,103.93822081289255,1.3471132688115066
58461,103.79034083167761,1.429659874749125
70201,103.8888368951811,1.3247157369256646
70379,103.88944133391018,1.3263048430273259
70371,103.88927594595656,1.3259798128824993
47501,103.79472524850213,1.4304896796310778
14069,103.83704096008928,1.2726106232891043
83311,103.90690310866336,1.3124915641875454
25419,103.6383864446755,1.3444301650129356
53371,103.84371162531848,1.3600356540794114
55149,103.83930232430436,1.3814520063271538
05631,103.84038577766049,1.2734805963948956
46199,103.78063095812242,1.4395704865458159
72061,103.90992349280442,1.3317533336629057
72021,103.90621574486386,1.330920311554739
72069,103.9099047865295,1.331515680112616
04019,103.84978343031231,1.2981390046216552
08069,103.84944879360329,1.2981492785652562
76219,103.95095016674897,1.3564795110261232
67731,103.90139057078476,1.3801963543901903
98309,103.9646879008941,1.359941854241525
67499,103.87474644647436,1.3906591390224314
81179,103.88509722841748,1.3072973248497763
96329,103.96509737900696,1.3320446741297804
96341,103.97033037078897,1.3329267955523239
28361,103.7274086093919,1.3442207129328037
45439,103.75114461329777,1.4012279818181965
46629,103.7808378242567,1.4294678875543176
56089,103.8185972998065,1.3920109951692232
05039,103.84247902171941,1.2828663677384375
53231,103.84794831293372,1.3508115866441888
01419,103.86319135850505,1.3019295238182578
48019,103.77540082561787,1.4104485715253594
26011,103.64880300837122,1.3192672209115646
43351,103.74110160212186,1.3470207448379092
65179,103.91186202818203,1.3943242807301437
14011,103.82552960031171,1.2679615964559297
21539,103.71634573327748,1.3314224390065879
14039,103.82345154366465,1.2765730738994578
22159,103.69660301559166,1.3209136687736729
44119,103.74935537847846,1.3805764508315568
58071,103.83389639270571,1.4553071928956982
76409,103.95087041906713,1.354817556238014
66319,103.87391072992085,1.368303015444649
66421,103.87343220345493,1.3736780380530693
94051,103.94746746786988,1.3171031549356202
56051,103.8257177752489,1.3825666186940921
54499,103.86052155643766,1.3769916565374478
63399,103.8802600772073,1.3701603594520222
77019,103.94359795422007,1.3737282326062392
43329,103.74485674996873,1.3498023177761107
58109,103.82313077980719,1.4466328112499816
52329,103.85270517657037,1.3314833341555616
22251,103.70257002409151,1.3407165806428103
52171,103.84785561183533,1.3409514165918237
12021,103.78236137956921,1.3190756051604167
67591,103.89539632594898,1.3977906312152961
12131,103.78505313896255,1.3141601784261168
81161,103.88310994653578,1.3105337933461398
28641,103.74616197279424,1.3391205643371114
25009,103.63938806745686,1.3449430839093128
23131,103.6840164814832,1.325499771135898
64619,103.8846547474361,1.3781144847041849
40331,103.74026196685033,1.3533852422336599
95139,103.99904974195135,1.3856659255601866
25109,103.64724095058963,1.3346702008162055
28539,103.71548821763125,1.3498226268391316
67599,103.89482471520387,1.3972563953869475
64149,103.9089241043313,1.3650590686829522
53049,103.83434410497674,1.3535180632741666
53041,103.8342692544165,1.353121029240483
53059,103.83158895268497,1.3553697218384937
53041,103.83292627817023,1.3543195564075057
53179,103.83576456479311,1.3529678505694365
65671,103.89877323016718,1.411255006454345
47189,103.80123584379092,1.4589633344876518
24519,103.65977928818637,1.319104192624261
65679,103.89890933842321,1.4110132599366678
11289,103.78908344604956,1.3161696029760988
23071,103.68254400397204,1.3297776384021636
44529,103.74182121763045,1.380601321385545
41079,103.80313354476482,1.3293376416436256
10499,103.8334839586198,1.276013318216421
14219,103.80704808241401,1.282195977423914
14501,103.80646569777,1.2768799320773265
46381,103.76682763561503,1.4291555151535003
46389,103.76660907088673,1.4293463339342318
46088,103.77107886349457,1.4417166209940129
26289,103.62682253683151,1.3085957853834032
75481,103.93785638789798,1.3637460174102753
75511,103.93480247334892,1.3641718424754727
75519,103.93454434902473,1.3641021822003472
59549,103.8303973519502,1.4232321093882627
27219,103.68030386684688,1.3479636831055697
25811,103.64286462342996,1.3319776477468022
40361,103.74087033955628,1.3572322811519217
67181,103.897737700486,1.3908940389427529
52211,103.84172434753452,1.3386636682551243
92201,103.91125011029283,1.3112206684248022
46491,103.7720034227548,1.4318901879075812
06029,103.8387362968021,1.2815657262359124
11139,103.80739706702201,1.2931038531182395
90031,103.87557537939949,1.2970453365857202
48119,103.77925446193872,1.4096566150845977
66599,103.86839644383589,1.3733139104316923
66571,103.88120681030445,1.3843234789454755
55049,103.84656744397866,1.391068468635215
55041,103.84605829258251,1.3912639262404622
55221,103.84620837775438,1.3878002542742018
12091,103.77684025970122,1.3286208809852016
22019,103.7071462539694,1.322029446375342
12099,103.77673598272546,1.328014888582345
63229,103.88502516711435,1.3575376206535605
55229,103.84588646111403,1.388556723144921
90039,103.87533448238425,1.296600882507716
48111,103.77969632544557,1.4093991150726775
22011,103.70768310585268,1.3213103753894648
28041,103.74820936504497,1.3301324559441512
28049,103.74815691454893,1.3307105052338508
28059,103.74581376160656,1.3325993360143258
46859,103.79740233885266,1.4362875641572077
20281,103.75464863333147,1.3124137344160116
17339,103.75851208559197,1.307852408339694
17331,103.75837623041994,1.3074671497314325
17329,103.76047842936994,1.3051920229467848
17321,103.76030580209948,1.3048627389660403
52309,103.85426935467909,1.333847155559812
17319,103.76219352665859,1.3020530300747493
20289,103.75507824798798,1.3124807821422386
52301,103.85463170895689,1.3340974895661009
52339,103.85574641128711,1.3327995175995082
61049,103.87098135144947,1.3419199507867026
76431,103.96115666578602,1.3537066192135776
84139,103.92783817881919,1.3212824654467863
59409,103.84641526121105,1.4265925977130527
70409,103.89792202320868,1.3309092549722341
70401,103.89813004531747,1.3307800384754958
71331,103.90100169651086,1.3369372937048118
71339,103.90107277469627,1.3366925084604027
96201,103.95916921756998,1.3406700107868434
96209,103.95970841598732,1.3405680494537833
96401,103.96614621827207,1.3371244411334575
94079,103.95518222102801,1.3196059373976203
21429,103.71059778915236,1.3475187943250437
30021,103.71714050647347,1.3744655035801496
61061,103.86814668829695,1.3327630298424278
67361,103.88840328191333,1.3909797671010093
82033,103.89831248009405,1.3179863238434635
58161,103.82043652928272,1.4604899857429212
15199,103.79322984156468,1.2760127314377512
80181,103.87979207776591,1.3050963336891739
31021,103.69283298549477,1.3626013727803634
55081,103.85600730053385,1.3917773598991194
40101,103.84780281046285,1.3104225997637247
24289,103.67490681506222,1.312408280333642
28709,103.757334755077,1.3316333828089386
42059,103.78285559356138,1.3364017484227873
40029,103.84258696725892,1.3114381565532351
29121,103.73960227948822,1.3067075342767125
25201,103.65867145741078,1.319254574879992
21491,103.71080555798886,1.3269292852984245
23039,103.6816424966271,1.3230402728961006
46121,103.77646498753313,1.443896706924911
24679,103.66118809209274,1.3093574471151972
42301,103.76865788082607,1.338815877159777
46721,103.80176422283591,1.4525316862103268
23111,103.68845123344241,1.3245332690220588
58459,103.8151473179796,1.4599698286729779
55249,103.8408947818746,1.3896346714977976
67129,103.90496602098263,1.3893826506940912
03391,103.85506090999381,1.280344686060779
66309,103.87191482812278,1.369318190939467
64549,103.89172834181271,1.3714006143863866
14129,103.82009147988606,1.265958291757974
46239,103.74317937317713,1.4954393777684813
23169,103.6885731943024,1.3276635822698708
10139,103.80828353941868,1.28630041439248
46851,103.79761524668167,1.4360565179908273
58051,103.82846461088246,1.4509093532420219
10021,103.8383360779917,1.2774628855623351
97179,103.96996799547638,1.3455007068704494
22049,103.70122284988732,1.3136155431651688
11321,103.7900955413699,1.3212505851683494
52191,103.84605774756092,1.3364227934009856
25231,103.64745937601661,1.3386158730079618
64079,103.89780301823743,1.3749807465127821
67141,103.90351137002646,1.3859864435308524
10349,103.82099549361945,1.2849173236103792
43709,103.75211924774936,1.3487428757412274
14061,103.83852303986595,1.2723584539121915
28389,103.72146825501969,1.3464816471306038
62049,103.88044257522,1.3486117596104659
14509,103.80682632722362,1.2756604251336714
22421,103.69865139539476,1.3077889492796448
17419,103.76592284051172,1.3261356213075715
21519,103.71135349586139,1.3330133770604884
52031,103.85027995680187,1.3440093854094317
52369,103.85267694343105,1.3399228339619875
52449,103.85008161965423,1.3403668871116603
52061,103.85878977185952,1.3435521186979833
93171,103.92399909528152,1.3050690192863028
17061,103.76173642744781,1.307786226663415
26419,103.63309569567285,1.288917266117192
25209,103.65889853768633,1.3192774341508648
10291,103.81059247407767,1.292157572917122
64311,103.90026971351561,1.370200457051496
40359,103.74085364125162,1.3555354202124346
95019,103.98435323530487,1.3468842009195305
64321,103.90041690472843,1.3723334117670887
77031,103.94832274150434,1.3712034834860292
82121,103.89666444940208,1.3096570208333191
43289,103.76150138468739,1.3573509650580302
47619,103.80710273183061,1.4442505527720775
70109,103.87406419726285,1.3294860412334921
63341,103.8886928383403,1.3675527787949788
95109,103.987342656869,1.3560200542982435
18281,103.79120570504439,1.2875062597427198
64319,103.9003765235191,1.3698016504708688
95129,103.98916137476944,1.3550185725700885
67399,103.89156296042877,1.3938808667409197
95029,103.99063943956104,1.3613049552717753
46011,103.77426569910422,1.4385174635250684
63061,103.89133757789756,1.3662827042385923
16209,103.78459731559671,1.2811491934503292
59051,103.83430976830891,1.4197231827908838
10131,103.80679930863528,1.2861916403855465
76399,103.9472079285574,1.3585841681992143
01521,103.86070332429044,1.3009170517539996
77261,103.9361334854527,1.38278491584435
07329,103.85986952884288,1.3127913369945954
17371,103.76351319056428,1.320490298119478
20161,103.74209328217131,1.3192525309511085
65329,103.91632951751103,1.3998465331135619
84679,103.9447612181042,1.318079818335729
97121,103.96765880690636,1.3647779093721015
63211,103.87575822438666,1.3682242032268284
05349,103.83433536624487,1.36395156128171
67999,103.87143028247515,1.3949822527722477
64621,103.88821567964371,1.381305977905569
64629,103.88803650424774,1.3815551849297
67991,103.8715272898497,1.3953360030740276
63271,103.88994382682614,1.3564112484192954
53351,103.83212837650446,1.360869342808517
74041,103.92985438647545,1.3685023102096325
74049,103.93004770072196,1.368474777181723
45451,103.73974777732013,1.3778792269092164
53359,103.83185942616274,1.3612686104764822
67161,103.89922360722996,1.3821447875859874
65339,103.89807254039634,1.4032123142915642
65331,103.89842632491995,1.402759482400203
84209,103.9333269972492,1.3369397544005799
70281,103.8879433647275,1.3355092085303455
77241,103.94031653261104,1.3752714062918994
54341,103.84779742687395,1.3747269193592424
53341,103.83363561519512,1.3634117373580894
96429,103.99533822039275,1.3137705772449961
96421,103.99660258025563,1.313620394916074
54469,103.84338857577589,1.3771920753297333
54461,103.84334997517676,1.3774801100699965
14269,103.81999775086263,1.2775787364412479
55201,103.84435565337813,1.378557968466807
64199,103.91527353133453,1.3790044034744593
73039,103.91982329898006,1.3761787305348088
74029,103.92269476027477,1.3702277607177948
75391,103.9212671443969,1.3750677396047286
74019,103.92005250631925,1.374177782394912
74021,103.92279828765709,1.3705561962122914
74051,103.92940511413765,1.3663847976021541
50261,103.85321281877168,1.3161604676622143
64181,103.91337491829402,1.3765689275692694
11381,103.7933136934423,1.308365371071055
11409,103.79439741571112,1.3077252374126582
18141,103.78803106519698,1.3042820144916354
45349,103.74555758912902,1.3974655201978146
45331,103.74613163680355,1.399099381120744
45339,103.74600795191714,1.398972355994171
45351,103.74956556048004,1.3963700442213876
45399,103.7498998155716,1.3998392373738748
45359,103.74940243276635,1.3961817960895642
11351,103.78947247453786,1.3093541883079431
11199,103.78845965860846,1.3083661909859288
11009,103.78930175594178,1.3110442652178975
45261,103.74340867595613,1.394114796214833
45271,103.7452727555874,1.3957018288701213
03222,103.8449228832012,1.2740233073907652
10399,103.83011029165735,1.2758801565861009
03569,103.85378321800302,1.2755064239942153
03561,103.85403274849354,1.2755875860249282
10429,103.8138935925098,1.2892875227832838
10431,103.81401840248184,1.287152229735006
05271,103.84381437486518,1.2796034962450946
05259,103.84261922721721,1.2796694571179972
05269,103.84452505900329,1.280848513426706
14119,103.82234425882358,1.2659420635722476
10199,103.8192508967776,1.2887348014321898
42991,103.7669266799578,1.3615881475807232
43453,103.7384724182204,1.3478954772169913
43452,103.73857795325277,1.3485013386809555
43991,103.7563786082787,1.3863193503355975
25701,103.62768257862982,1.29571944665002
25709,103.62728606197922,1.295642381836391
59621,103.84392099284022,1.4342312715494911
26101,103.63823180941043,1.3268507178822935
26091,103.63616712586014,1.3246539857753514
46981,103.79331032864476,1.4275491847959307
46989,103.79218855555895,1.428075619345435
47751,103.80578577642287,1.4392872385037658
59771,103.85217298065848,1.424143978947345
27401,103.69420931644852,1.347357374681337
18201,103.79310883278005,1.2949167558353687
58991,103.83487331801051,1.4242870295012895
83279,103.9250030426306,1.3188824413755091
54501,103.86209349942399,1.3777554096452738
45059,103.75627402464639,1.4031770663161485
45041,103.7554847214151,1.400359104871303
45049,103.75502690858241,1.3977356050958027
45031,103.75428467546467,1.396517966244752
45039,103.75438665244234,1.3959019825806767
45379,103.75186776239825,1.3947204478369093
45371,103.751982747193,1.3952188780394006
45021,103.75391270144057,1.3933506140727652
45029,103.75421076524677,1.3934050433185954
45011,103.75463693763817,1.3897437484373905
44061,103.75536994867761,1.3879749567547426
45019,103.75558573333427,1.3882336588365987
45079,103.75593781452231,1.4102475138564683
45071,103.7556425631445,1.4095900681284508
45061,103.75601100935091,1.4068487730358044
45069,103.75634022883175,1.406079661989508
45051,103.75600550560671,1.4034032359240896
45489,103.75199491562198,1.3938876350586433
45461,103.7436206072914,1.3926704760586148
46479,103.79857459557236,1.4480622403655925
46471,103.79764821433244,1.44800157564817
59779,103.8523584249168,1.4238453555773372
60241,103.86157712052916,1.3237150599176457
40369,103.74141370923017,1.3575278894923122
58059,103.82864003974444,1.4507680847776472
64399,103.88921032343683,1.3711640227480604
60199,103.8613036696779,1.3179736161054534
55169,103.84097644734999,1.3812322572819025
43549,103.75532556950985,1.3527086635465935
10359,103.82254988861352,1.2871784020732766
20201,103.7434026578348,1.3212437450571672
43629,103.75915126854385,1.3423259737238022
78149,103.96417908895825,1.369637255353947
11019,103.80580742850107,1.2866700442167707
66351,103.87318359418275,1.350559846310126
52479,103.84595432938822,1.327506978577485
10351,103.82208568714077,1.2868097547045083
19041,103.77564434209054,1.3123105870686855
98119,103.96432764855291,1.3671739832656178
78141,103.96364683219444,1.3701542178172579
97301,103.96999245477241,1.351985795754171
19049,103.77410828287661,1.3125663512703345
43381,103.74755854670347,1.346956175464804
76521,103.94074920515841,1.357589502177928
53021,103.8363641718909,1.3498699278493418
53029,103.83737361649777,1.3492369978772736
67551,103.88033644121445,1.3958711562868047
43181,103.75678543235067,1.3465151018671835
93121,103.9250176739415,1.3109085816691455
21241,103.71240288290483,1.3497807190997213
07369,103.86251161753482,1.3112554394466491
63309,103.88585662935039,1.3520239674160575
16159,103.77015435517704,1.3005356624098159
77379,103.94803974801869,1.3747866733830316
65371,103.91633732622999,1.4030640794567493
83063,103.91473667349639,1.3211876185958278
47121,103.80270488338347,1.463803009922514
78099,103.95695405638082,1.3775770383739232
65181,103.91753646242742,1.3968224217413734
62149,103.87599184480368,1.3517178014015216
83062,103.91343162342173,1.3209936047117075
96079,103.95345012269775,1.3353698446391584
67719,103.89528322259514,1.3797434298272055
65379,103.91645748925073,1.402839198049955
19099,103.78188876366879,1.3069586560354078
65399,103.91252379948234,1.4056121579887462
83031,103.91000507575389,1.3202596612491255
77141,103.94527180886682,1.373825379593224
96119,103.95384972647727,1.3336506579960852
41111,103.81186621524034,1.3208332330797792
65461,103.90158468846056,1.409750550214744
58251,103.81895702103738,1.448082182289435
77329,103.94802430926366,1.373063270430437
67629,103.89063068479666,1.3802454952678884
65391,103.9125169282311,1.4059652324465133
47129,103.8029979216392,1.4636693526339242
07211,103.85627825335553,1.3130238631958329
58291,103.81993847724401,1.44586164726578
48149,103.80905464331435,1.415211886231677
23161,103.68875936812354,1.327893296583341
58309,103.81032560242006,1.4446649691248254
28491,103.7307659520832,1.349092393872685
33011,103.70224943656032,1.4196435236754743
67229,103.90603764960444,1.3911774634790475
53241,103.84991665171442,1.3560947258951968
17059,103.76156478952338,1.3168709008667177
53281,103.85434646870844,1.3467976926697156
21629,103.72266055189063,1.3395242951400732
24179,103.66485499758426,1.3094120525945148
43751,103.7365479463389,1.3559168315286185
42209,103.7635732820308,1.339152223542358
42201,103.76390567963499,1.3394010470471862
45411,103.74772902974904,1.4035016670261171
84501,103.9159962539621,1.333115848532838
11071,103.80173965180902,1.30629960587895
46399,103.79413204198592,1.4389470180762896
52221,103.84827078880667,1.338010456951435
71141,103.89706129277897,1.3291726010458687
75131,103.93717694135275,1.3559477268893398
53389,103.84517252559492,1.357951597548918
21171,103.71907096515632,1.325889855159166
44291,103.75138017388218,1.3815369358254164
40121,103.8405858151817,1.3146450567023773
49171,103.75089425943237,1.4347090485037866
22231,103.69714738088533,1.3408589923796768
66439,103.87551718076696,1.3738911976075854
76291,103.9511970622688,1.3488049386514858
13171,103.82675714006506,1.29903925187772
78209,103.96218958478423,1.3712661649707552
46769,103.79776432541769,1.4394850666808279
55371,103.83441954720641,1.388666521821073
23249,103.6792035482725,1.3098065389675746
82129,103.89655507094109,1.309440906799571
52399,103.85971976694212,1.3370187894343488
28111,103.73582728907236,1.3478989027237445
50161,103.84373860654037,1.3266769613286733
84129,103.93161598375275,1.3187767676101323
97079,103.97759055467291,1.3681448397467213
97071,103.97825159846148,1.3689166820528156
25191,103.65965162453054,1.3212896693311282
58111,103.82069487170996,1.4510199284735366
43259,103.76266765655178,1.357535222135148
44361,103.77559129113563,1.3663933278587792
83281,103.92696072380133,1.3196540387636253
85069,103.94746166801397,1.3316846337797208
75219,103.93217017468228,1.3497819108566529
67279,103.89169473064418,1.388171488197865
13069,103.8288002368397,1.2948410049772683
53111,103.83889183946235,1.3455224743333487
43879,103.76901850327592,1.368369529208719
96129,103.95798243424696,1.3473675839392907
28329,103.74053125201577,1.3414605022215318
45179,103.75520620929811,1.4060894445581327
58041,103.82686587012932,1.4494191595813324
76359,103.9522384342441,1.362131701872219
58491,103.8243110045895,1.4526965239334069
77279,103.93469277893695,1.3808601577812378
42139,103.79441499012411,1.3286937859578556
59231,103.83678043679652,1.435370995426328
53419,103.84982643924519,1.3463520912440246
84691,103.9459133106695,1.3211368718458225
14161,103.81020013721188,1.2707353181836603
18019,103.80248138523628,1.2808679134553025
18189,103.79393082120903,1.2984362547417527
54509,103.86252234666952,1.377573868676428
51139,103.84024598616881,1.3443608255443442
97151,103.96697666244732,1.3495562986152485
21249,103.71242713799342,1.3495576566108078
46779,103.80054619477224,1.440642041083426
21129,103.71485941526753,1.3142284251083247
29099,103.75205446750651,1.299364994691716
47151,103.80387199931208,1.4662424401740142
32041,103.7016773145967,1.4043867260225567
31069,103.69552767258998,1.374922219928453
63101,103.89026668090915,1.3510434870917383
10099,103.8175570576821,1.2842521478202198
20191,103.74844043040342,1.3191959512217515
83131,103.90904973776254,1.3162767826670763
70221,103.88514063103094,1.3262776038745305
11179,103.79434373810405,1.3062216129558555
21669,103.72211955064705,1.341306617628013
33039,103.70405789805635,1.4232539433429583
07551,103.85456773545802,1.3017593804600773
82032,103.8972577254307,1.317785039860395
46519,103.7721102004752,1.4356240227616706
22469,103.696379753696,1.3364165670681503
83081,103.9174895801966,1.3213662403142614
67239,103.90367080115234,1.3930792175291768
10111,103.80924174090806,1.285905395313729
11259,103.79247903779496,1.3125265502018488
59481,103.8365131375066,1.415413520462043
10141,103.83226860113518,1.2858282966257883
75371,103.93056553719403,1.3591926932872902
60209,103.86893588537416,1.3297722998899408
62249,103.891004186672,1.344295677934849
14419,103.80107412764609,1.2673163940010281
47811,103.80903646791573,1.462403922795082
24259,103.67551548919,1.3202265888519098
61099,103.86708436423119,1.3323553255941938
90019,103.86953231355425,1.2970064237726735
40071,103.82925038119949,1.3191493996334271
67079,103.87671329303564,1.3825937501876817
25421,103.63770209715886,1.3421513743883282
49071,103.74705327442894,1.429281475904616
83209,103.91462204665822,1.3186570805821338
52261,103.8512738572543,1.3340755883830309
21201,103.71776240614597,1.336864972751443
29081,103.75283809485659,1.3016895227548957
64409,103.90352467247047,1.3781486863237544
51101,103.83731456209951,1.327532546116479
21259,103.71038322955391,1.3360650489709816
05059,103.84578247869305,1.2867597765986332
17021,103.76688311339426,1.2962080640330909
43271,103.76595063460135,1.3622265323811205
93079,103.92499413527453,1.3125052056432442
92131,103.91088586161928,1.308775142364415
21279,103.71953915735912,1.3348801012124305
67191,103.89710053734784,1.3890643118031458
55139,103.83998789006083,1.3788594925747821
92139,103.91069023979414,1.308540805145125
66401,103.86609741976355,1.3493398975773205
11521,103.8054962002869,1.288652450929573
59171,103.84017200946627,1.4322472754470907
46379,103.77284554057441,1.4290753045544047
77329,103.94769001910917,1.3729364063015843
75079,103.93700625034573,1.348602525659818
77029,103.94612055252621,1.37269768259423
96319,103.96079882521185,1.332760610364545
96319,103.96079882521185,1.332760610364545
16101,103.77974486164274,1.2892500694680766
96269,103.9558764050362,1.3442960788666172
50321,103.85077150765922,1.3136944500368481
25059,103.61740233338095,1.2700597657428614
21529,103.71503106278927,1.3340987927555494
02029,103.85287594307958,1.2887419024111688
11389,103.79292365453426,1.3090386578297282
52011,103.84268556713623,1.3449794144180318
52019,103.84357580253587,1.3439712642061652
92181,103.90530670806572,1.3053582534177373
52231,103.84852846485188,1.334352110107127
13079,103.83251806309978,1.2961834218581916
65439,103.89627418229946,1.4016312776496964
77339,103.9328315317304,1.3781033437555028
62121,103.87160591201042,1.346904799631117
16199,103.77078746038211,1.2964198215181686
96149,103.95306585506655,1.3443772373912857
16149,103.76994057533412,1.2977555119802848
56021,103.82844157285346,1.3725068562948237
16191,103.77033253332944,1.2961297000555334
54371,103.85570620473739,1.3624704319381515
78061,103.95841856678233,1.3682813598991161
27241,103.68065556548667,1.3398179417381035
95011,103.98357207445554,1.3461701612708554
50129,103.8491931105488,1.3189621504746945
65481,103.90609705808447,1.408808577180664
65489,103.90568454270948,1.4082402999878592
25561,103.63753985746561,1.3182251277686192
25569,103.63727112964325,1.3182430525981486
65561,103.91910901554084,1.3988863000656817
65569,103.9192459486294,1.3985962875015143
84101,103.94414495093467,1.3226363367666796
84109,103.94411081576796,1.3235052167471906
65071,103.90417086518269,1.398506289893645
66031,103.86567621985958,1.3546690262033867
UNK,103.79384957882525,1.4257764008977203
45109,103.75478554952763,1.4178073427375408
97181,103.97213000255266,1.3477740049095428
17121,103.7693657791092,1.3048037956736083
63019,103.87794483731946,1.353440791399472
68049,103.87297517671865,1.3984956336771368
59111,103.82878942721936,1.430161111929371
54351,103.85008734514294,1.3764848806902998
84071,103.94268245290446,1.3206944905278064
65119,103.90942163616798,1.4142358521136644
49011,103.75227903709016,1.4105306549539116
94041,103.94426966127043,1.3161741947955976
49131,103.75359337935241,1.4081216871501907
43279,103.76587217146421,1.3620425301392556
17151,103.76961712118445,1.3117199624350602
67651,103.87093473261294,1.3893496625336819
70039,103.87978160327398,1.3292090513496593
75249,103.93010037210783,1.3479621464657359
71031,103.8968956499408,1.339234948014934
01341,103.86448894961222,1.306504907578397
40201,103.82737008842032,1.3135993685602307
97079,103.97838871960133,1.3687936597619237
76131,103.94260449466653,1.3518671193112206
81119,103.89169279978844,1.3187506313157094
47629,103.80987897712171,1.4466853490329317
99029,103.97952229013093,1.386578212041022
41101,103.80927525029648,1.3191481509951282
42161,103.772568914063,1.3402992894472836
46611,103.7776248802306,1.4292405403414934
23479,103.68073127521247,1.319521167305897
44491,103.74174756430124,1.3835562704777837
84381,103.92429215181349,1.330787858413896
16231,103.77849742409713,1.2864148293672377
12189,103.78014674450876,1.3163880103467518
27451,103.7040957231267,1.351265945384967
45301,103.74654931583717,1.3918417267894503
92061,103.91050949743928,1.3058468797283096
96141,103.95328711031087,1.344697735240721
68119,103.87223268082484,1.4021319331223565
24021,103.67097476277893,1.3218531840127963
22229,103.69881847951469,1.3276621351587257
55121,103.83516594614828,1.3794251475796373
31201,103.69658591834052,1.380402429617271
82071,103.89538406839515,1.3073300308032854
24029,103.6713746899761,1.3224767057113915
07221,103.85787595891844,1.315046871784073
50171,103.84644042865447,1.3266496167039352
77211,103.94089076421628,1.380018801176851
58081,103.83595835441865,1.4582893765444813
76149,103.94637547430023,1.353608212671164
27051,103.67663528460315,1.3485047283218512
83159,103.90942351466308,1.3148188941257877
32039,103.70079866529782,1.4024823148143009
61009,103.86659717028496,1.3352151712578149
85079,103.95005176260285,1.3339073691746388
76251,103.95828045532289,1.3597309583537291
25729,103.62821597064071,1.2848904860684267
27271,103.69124508030083,1.341954744815181
06159,103.83695685066748,1.2890900417904612
75111,103.93195112262035,1.3530614134460548
77059,103.95511046535186,1.3693991094704732
96199,103.95778472215385,1.343569915348131
25751,103.62151543429486,1.2763488880696492
26029,103.64732048609802,1.3178676273878311
26019,103.64815156382423,1.3187518742588946
26081,103.63497465111871,1.3224416474833587
41061,103.8056994370231,1.3270761673875315
31031,103.69332030292986,1.366074507148987
52489,103.8587025920796,1.3353742695418624
26071,103.6370983131599,1.3204333112785702
17399,103.76694857019979,1.3241084268391705
67009,103.89648772074679,1.3912756736660226
76371,103.95422645764339,1.3585427643131818
23179,103.6909297964255,1.327660306926106
59269,103.83146940818732,1.4378820645678283
22361,103.69584153389306,1.3407463593352802
66091,103.86133260500368,1.3545728689268473
27021,103.6818996434268,1.3532135897257345
65029,103.90056727443464,1.3845783603737947
32089,103.70106692801335,1.4167886950738746
60069,103.87247072340524,1.3234754171992729
41121,103.81351525120449,1.3255811780913582
53369,103.83010061628062,1.3594731696690723
98231,103.97183107321847,1.3712359483671985
92189,103.90593626121561,1.304771187188051
63311,103.87798875267852,1.369887731057978
83229,103.92069316162151,1.316587946511068
58481,103.82277489358108,1.4530947184877967
43529,103.7502912159332,1.3676649641422944
25471,103.64180157784341,1.3355449373993293
50051,103.84184256509172,1.3257004049752013
28511,103.7236225285464,1.350674311805032
91131,103.89543713617097,1.2983961632584342
93159,103.9312551630281,1.3077704860698836
10281,103.81450678995223,1.29152997144248
70089,103.89434176355091,1.3318514010408904
17071,103.76042321662942,1.3089541367530881
70051,103.87781773637063,1.3361707230663706
14051,103.81497316438323,1.2756989981360813
55111,103.8376725856202,1.3769709566521784
27131,103.6884619271013,1.3419650846975153
97011,103.96595497369557,1.3533261977892093
80231,103.88016927783391,1.3185854590670074
47049,103.79250399606009,1.452437322183339
11529,103.80605122313725,1.2889510456656252
44381,103.77445213468668,1.3723457367209027
96101,103.95098995400124,1.3364392040585387
17351,103.7662907623261,1.2922741978046712
71189,103.89921580186954,1.344848859084167
46291,103.78248663215284,1.4363582174846283
82029,103.89550336769402,1.3156731030568511
66119,103.86815573067634,1.356807593256352
59759,103.84624078226484,1.417488619128278
59751,103.84582813717898,1.4173559620740481
59749,103.84435304948146,1.4150519153371697
25671,103.64167331632912,1.2943148066379848
25689,103.63698454079751,1.3321329357324134
25681,103.6368870164538,1.33275792423758
48131,103.78935557543346,1.404572159759313
52049,103.85996603496113,1.3273276207118903
58169,103.82083871359744,1.459827314726806
24351,103.66831230929495,1.298194215727389
18101,103.78623412284392,1.2928218426254043
78251,103.95956903349861,1.3782504719601778
78259,103.95944598533053,1.3780529061664766
67281,103.87296710366532,1.3892392650553929
20039,103.75480587218802,1.3209982312458641
28079,103.73860385781498,1.3384008683895934
60081,103.86639894897543,1.3292517117834006
15131,103.78469528865546,1.2928143578495133
54269,103.85109591707658,1.3692250325898137
43641,103.75034371070193,1.3652972079464347
65279,103.91092077795682,1.3993716312415667
11269,103.7944238515755,1.312695370192796
44041,103.76038160872508,1.380819998514239
23441,103.6785312853731,1.313128438263312
76231,103.9574806026857,1.356755998097581
76239,103.95764083325784,1.3565378024787818
67419,103.8938624171365,1.3945318868802348
58549,103.83015154809047,1.4426106211551033
67559,103.88097071455876,1.3954233820861721
56261,103.83180285180067,1.3678607743361242
77361,103.95171121554512,1.3679435233099415
47529,103.79810035612635,1.4315313332888393
67099,103.86930331751358,1.3937968724559266
54339,103.85060343659944,1.3678058517497618
45591,103.77509817568637,1.429269944144671
67451,103.88958383991341,1.3829919555847623
03071,103.84953958672304,1.2801970335238635
14071,103.83393163473386,1.2721822860801058
67269,103.89506676259158,1.3860760114041428
67489,103.87698409750503,1.3909843520092906
78089,103.95610618336305,1.373671589995079
11261,103.79441093169993,1.3122649114787992
21661,103.72139327537006,1.341829230017969
66471,103.87440990346211,1.3789954519783332
66479,103.87440742908102,1.378645411610267
46051,103.76635207607875,1.4388692551857567
58489,103.82249477252365,1.4528558403545233
28229,103.74592968969678,1.3252619819639446
18329,103.77497210455435,1.299095078825915
05649,103.8410025868775,1.27239329739863
75121,103.93902864572405,1.3559476245432733
01619,103.85500277774287,1.294236903284807
10049,103.83462084656354,1.2762514453331955
10041,103.83528447868298,1.2760826895045854
23449,103.6788745496658,1.3127216697316226
46221,103.78757597139523,1.4308224155673064
46229,103.78708511605994,1.4302212499086413
93179,103.9236713818896,1.3048338342057353
52441,103.84980558534907,1.3408402062276255
52539,103.85390705320107,1.3399318403907863
52529,103.85732277860384,1.341375066228793
52069,103.8586720558324,1.3431064129798855
52361,103.85297896559176,1.3397234553549444
52051,103.85461237243015,1.3435265201723852
52059,103.85637070727172,1.3430497955560932
52359,103.85268308788926,1.338561919136014
52351,103.85314661793282,1.338500065925537
76041,103.93636161716474,1.3509274985646282
61111,103.87207587505448,1.3354194605805636
75129,103.93921901485028,1.3556655372628998
76119,103.94017158030985,1.3519095777610477
76059,103.94164209835674,1.3530343342261109
76051,103.94130244409511,1.3531490579339334
76111,103.94029428697341,1.3515585004795105
67389,103.88862569335242,1.3942545315199204
54199,103.83762523222055,1.3742335131042913
80289,103.87939745245026,1.3160716118824498
68141,103.86389322074187,1.4192008399252236
72019,103.90551529343129,1.3287351133568417
18021,103.78895914374384,1.2964222089702984
83351,103.91215996336318,1.3277011850698122
27251,103.68348591279346,1.3424092630956808
11059,103.80075696923305,1.2986030793926262
67041,103.87040372243241,1.3880036147653212
18249,103.78723481590765,1.2907714405419544
10017,103.83777003895412,1.2783981681864203
48081,103.80899724466275,1.405395762561162
66329,103.87231890406017,1.3660765202098684
75361,103.93026694915983,1.370788307861445
68159,103.8659504810099,1.4224810131188113
33051,103.70686001581099,1.430310580262642
70049,103.87874726774504,1.3328606305466049
83079,103.91502131729445,1.31974732946604
10011,103.83739353810182,1.2777065222509554
98141,103.97418518960984,1.3760510151843073
67501,103.90366677125942,1.3836305837627163
11089,103.80332082890847,1.3093886346813601
14189,103.80411600904543,1.272708502548644
09219,103.83313728822164,1.307248257365942
43699,103.74623096984037,1.3446732480299615
78181,103.95910545379998,1.36472956633172
18339,103.78465127882701,1.294895368489673
07249,103.85950285543103,1.3153300759192843
54231,103.84200871868934,1.3696756481469001
25451,103.63405985512657,1.3322185792167152
96351,103.97028410134003,1.3352633556238127
77381,103.94716036774712,1.370516783697719
98061,103.97722950138335,1.3766223616045719
84629,103.92541602007405,1.3381775622347036
77389,103.94668484242345,1.3698286380735505
24189,103.66199329329118,1.3111237904415118
06069,103.8349414021154,1.2861635163736338
76271,103.955146248245,1.3618155923471775
67011,103.86266633519213,1.3901033127667095
23059,103.68818741796917,1.330774011097089
34049,103.70802090907432,1.4383282206148391
84421,103.93031846170257,1.332264372113678
24139,103.67244729891827,1.327384425820094
46679,103.7947635180098,1.4367592025478744
23311,103.6774730703242,1.301758813123589
10061,103.82947155300188,1.2785965117299638
08019,103.84408934476399,1.2961661835157647
76159,103.94716285181681,1.3551953627351874
96181,103.95771297676664,1.3457006717443438
44859,103.76310369227727,1.3776357392297882
84499,103.91400602267097,1.335186489906798
16119,103.78227154692226,1.2873050099791639
23091,103.69270118410832,1.3245244898452617
52209,103.8467619661564,1.33919287889833
26061,103.63945592714367,1.3181823613505832
46699,103.79567274111965,1.4377640245179073
84361,103.92460003921195,1.3294253529218314
01231,103.8610616161534,1.303351723245184
55279,103.83428040379961,1.394198999242627
68011,103.87024722857704,1.3913360120746436
92151,103.91594086349338,1.3097823344956667
11079,103.80192328134147,1.3055959582567263
91161,103.88869911473314,1.2975222851575847
50069,103.84159818880146,1.316968611479932
75349,103.9339085412084,1.3380592325708598
11161,103.7983455983683,1.3020889285709387
27479,103.70830565634468,1.351700374928286
98059,103.97431326746545,1.3731431661149982
59049,103.83329686862453,1.4168799650470367
09121,103.82684612054287,1.303847275844219
14329,103.80940986742652,1.274292232428607
51059,103.83743721102117,1.3371734330182825
98219,103.97339262472809,1.3802484951005993
64009,103.89204905926813,1.3709449744436137
01621,103.8565062384082,1.2969835207481417
42129,103.79511895712265,1.330075446943376
27371,103.70103328648342,1.3474924537823152
43449,103.75897610443701,1.3515399259272947
58311,103.81815109517754,1.4501053415566931
67051,103.87307337538445,1.3873892964091101
59559,103.82817392622292,1.425149629066102
17139,103.76589089711163,1.3090212426071537
93031,103.9294415380455,1.3098560648708168
14369,103.8034703783533,1.2814107720328756
83261,103.92430461041451,1.3190412227529935
44689,103.7384810104352,1.3780914196342873
11469,103.8019182288426,1.3010975996283152
53261,103.85175683442856,1.352908466859533
28441,103.73885434853571,1.3358199645386475
16009,103.76984580335066,1.294178435072695
52291,103.852210075657,1.3370205583958186
48089,103.80798327182097,1.405582232454362
65269,103.91464951867204,1.3967213411822792
65151,103.90676702862378,1.3988855719320767
46901,103.80955670035134,1.4480055989540135
16169,103.77267288229973,1.300956002565804
21659,103.72413964946158,1.3388749271810956
26409,103.63023728817429,1.2891415301296425
43171,103.75454842083244,1.348586983216376
22039,103.69870434068099,1.3228401153613623
09111,103.82892598551456,1.3045445383754595
84681,103.94702720243166,1.3202599632355572
12209,103.76433463252273,1.3263280584761599
72071,103.9118748940949,1.3322112398444612
20249,103.73671938377937,1.321610578176037
14191,103.81215551304787,1.2811907954780832
75541,103.9416187580998,1.3683470367056558
66411,103.86904611597373,1.3500828833022116
20241,103.73642638664063,1.321244367361585
43331,103.74315449130056,1.3489163360307501
28649,103.74596144310387,1.3390528474605636
61069,103.86843663844412,1.3327220154889283
60269,103.86918246665721,1.3309335038109609
05429,103.84370114485847,1.2776222149010528
05049,103.84448261759667,1.2852419183294932
11361,103.79058475029825,1.3065433134758138
40049,103.83883948420915,1.3140392327092512
26079,103.63671603623719,1.3206047510234005
81191,103.89180806664088,1.3091585527121508
20181,103.74755672499754,1.3204931652516878
46439,103.79268998636272,1.4441429643413959
25349,103.65252702160905,1.321552793272912
83309,103.90807102758544,1.310391480498788
10081,103.82238508196791,1.2823101273602564
48091,103.81244422064651,1.40267642434471
82139,103.89933738038872,1.3093817416729716
47589,103.79196357720706,1.4349219839491358
21649,103.725167085308,1.3366536560401714
81149,103.88972926752791,1.3121412347400334
01421,103.86479011977421,1.3033632577398715
31191,103.70996353895862,1.3716596824453144
47561,103.7989382301413,1.4332127805671737
59109,103.83328734054611,1.4344089069083816
59101,103.83305060392487,1.4342038677246935
44179,103.74730875175023,1.3677679332436297
03539,103.85558176721685,1.277512661120982
27309,103.69437775180099,1.3409759858880754
27321,103.69140599444249,1.344142378032226
62271,103.89962674094193,1.3760067899476849
63249,103.8925552722544,1.3640815965605095
55331,103.83713372358947,1.3869166684250187
70271,103.88926392874896,1.3307776504361175
70279,103.88950536273096,1.3315004434836806
70289,103.88869017497541,1.33500435848354
78269,103.96091279220074,1.3786246746311284
52341,103.85565409390438,1.3362252836593966
52381,103.8583405568091,1.3398889790395183
84019,103.92256078148625,1.3221923032304292
67061,103.87535838924452,1.3857965515440165
55171,103.84224862652728,1.385724926026496
84281,103.94038140227279,1.326592667133199
04229,103.84870012283065,1.2903787013485726
99019,103.97844620744603,1.3836349770801957
16091,103.77924096395034,1.2993662793516316
49051,103.75010267159901,1.4227256454796064
25169,103.65449420535717,1.3277794375274077
14231,103.8266462150151,1.2709400082058364
58211,103.81968922508423,1.4492429936545876
43191,103.7592299551022,1.3463593107909895
26171,103.6471863687491,1.3200965098642357
18089,103.78761441616716,1.294704794815565
50037,103.84228161971876,1.3210450418269075
59601,103.84937327769735,1.4292091330660226
22579,103.70667159985125,1.3381575246842499
50029,103.84485057176428,1.3164262528120725
54079,103.84595532235083,1.363878102846676
06161,103.83999722711913,1.2890013499730388
22181,103.6963621687113,1.3331244028026608
70311,103.87908821234235,1.3233772638111585
66539,103.87484006168143,1.3750633837740638
44609,103.76814797014408,1.3820212493868413
64071,103.89718447567299,1.3751859308030137
60139,103.86631819123976,1.3221164011347433
75261,103.93796352387506,1.3579880186391664
96221,103.95785654117357,1.3309446230167554
14249,103.81736594964919,1.2793802569576458
66151,103.86585276464488,1.363083054017876
90051,103.87988412300133,1.2977900408800593
50231,103.85493225639465,1.3187402166349105
23301,103.67952903572598,1.3020421925166001
66129,103.8681093517841,1.3613697694709015
65171,103.91217388183111,1.3944355711300294
72081,103.90950525624469,1.333353240357899
72089,103.90940122028455,1.33296514312227
63291,103.88777579725019,1.352228371732363
40211,103.82585613347986,1.3166175595126908
60159,103.86757804390012,1.3240129285151943
21571,103.72311497026887,1.330649207891022
93169,103.92704567347813,1.3059400830350487
58141,103.81658943630579,1.4633435780394024
84671,103.94509670274527,1.3175829082234682
54041,103.84498661097223,1.3735328330912906
46411,103.79436432145594,1.4427866927679616
16059,103.77545236944974,1.2898135775261699
10189,103.82192053738534,1.2885909240967313
27311,103.68547206803386,1.3490993180238229
26089,103.63506897470731,1.3221767429362148
64209,103.89444624902492,1.361455062106789
43179,103.7544027969527,1.3489304250092065
96241,103.96697555673943,1.3275221278337448
31211,103.69700768502861,1.3829005576276392
91069,103.89314886196328,1.3006501957975725
26261,103.62875581205947,1.3147970235848243
18119,103.78461668054673,1.3000564710711897
58359,103.81464519022539,1.4562482048377374
65281,103.90789713619965,1.4019174429168038
18131,103.79178306840629,1.2895056711936326
59401,103.8461478116789,1.427112107408423
42049,103.78469668491732,1.335782713228824
22439,103.70675721013616,1.3331285194687137
23429,103.68471309918543,1.3045225998640202
42319,103.76042113585883,1.3392381353215175
23119,103.68852859423829,1.324671588462053
58369,103.81191893190889,1.460662330897288
24651,103.66885122045875,1.3149429228704597
95169,104.00474885576007,1.3724180042001135
26021,103.64696244655275,1.317289586082772
42239,103.7700972458301,1.340277041530373
22169,103.6966733119378,1.3262140056680458
42151,103.77525488694091,1.3400944957694323
46891,103.80706459006994,1.4482223915389647
47179,103.79883082313947,1.4582603035165815
11099,103.8043632587096,1.3130064011716445
01349,103.8654697250493,1.305617284789848
54379,103.85593336608235,1.3628423315237093
44261,103.7743471038928,1.3760634189378034
81111,103.89213368366521,1.3183990628613125
52401,103.85088547585978,1.3282549174791898
60099,103.86138568641859,1.3152111060713814
92301,103.9126511875046,1.307928415927521
27101,103.70105174357337,1.3526006911638795
53279,103.8539492617721,1.3496355056269522
27331,103.6993750148326,1.3453935636253225
84419,103.92916141859925,1.3336248414217597
48099,103.81194130627524,1.4029851244145928
83179,103.9192525584883,1.3145554097007472
46071,103.776865831771,1.4386706520333885
93019,103.92136321117023,1.307926808693677
46179,103.77793277870353,1.4439299208647631
54601,103.85511561854848,1.359469808223811
28251,103.73683899064515,1.3338984891185803
18071,103.78438775874461,1.2955467762320292
28249,103.7389717524264,1.332652510707683
24009,103.67844224962025,1.3269768074903427
59669,103.83774450339843,1.4262149423092771
45429,103.74998192541547,1.4027305876671505
59641,103.84615658712026,1.4317718716983334
23519,103.67939647605193,1.324956130818181
45409,103.74582574101197,1.4014787532173925
59709,103.8406015688842,1.4259488422320787
77239,103.93789677646028,1.3774768135492306
27511,103.69311708066816,1.339271075822505
50251,103.85485422991046,1.3124650138584426
22391,103.69571881101531,1.3134945227562675
63281,103.88986903950426,1.3541740373421394
30089,103.73410542296003,1.3771202828238511
46761,103.79739807473591,1.4396382049248821
66181,103.86183176421396,1.3588208393207706
54219,103.83673595990426,1.3687661532023943
53209,103.83851080484405,1.3609372860310112
25449,103.63512039050602,1.3354109245522776
54579,103.85486839428333,1.3748123109552763
16131,103.76937876173724,1.2949649787193613
54349,103.84812493658255,1.3747146803880388
90069,103.88252263986324,1.2979375829120576
57021,103.81836138904825,1.4041645846464639
44059,103.75795599051678,1.384872239112535
43409,103.746990280821,1.3524536872664612
14389,103.82509818526987,1.2742655970417531
51081,103.83894839629826,1.3406162588960446
55029,103.83911521154766,1.3855968317199518
44159,103.75257448154001,1.37394051768515
63131,103.89030979006527,1.3612902550922434
62041,103.88018251468769,1.3482120646493736
78091,103.95624465594307,1.3767512823366792
52349,103.8553544274707,1.336218593179481
59059,103.83497277767948,1.420491348204921
15071,103.78699429152304,1.281411247109433
67589,103.8897211159342,1.3913741640580832
17291,103.7684798156411,1.2907149537207971
08079,103.84906592384316,1.2991627673282469
59809,103.8478461549191,1.431920334581668
48071,103.80579857649232,1.411713728678096
67611,103.89426051449718,1.3876947004460536
12139,103.78495755993472,1.3145956976476545
22609,103.6980749884754,1.3307180476790594
54019,103.84423128181487,1.366251918408849
93149,103.92794437210466,1.3074044687167699
63189,103.87364234897545,1.3612999897686888
01611,103.85541716400958,1.2953605403607207
66271,103.86576776086967,1.3640103721235757
66321,103.8725141799999,1.365069997746195
55209,103.84470214259943,1.3785868666899563
56011,103.82822950348974,1.3683721738100258
19039,103.77884838098693,1.3115939117652429
19031,103.77834149793044,1.311266545149755
40079,103.82996155187288,1.3197086598114474
47759,103.80578827485202,1.4391099317113087
76519,103.93921699310847,1.3592811202482107
42079,103.77705131643651,1.3391940346241753
67761,103.88753481900135,1.3960133101862453
58319,103.818000732545,1.449794920434021
75279,103.93607231519587,1.3605819568751802
58229,103.81619899516791,1.4486216728836827
21059,103.73007285107403,1.3119723557447611
21051,103.73048175352768,1.3122729088799368
21231,103.71601205641018,1.343674754083836
44611,103.76758710285124,1.3871622387036995
96039,103.9585885791725,1.335701055270732
50031,103.84173467082685,1.3213174989702516
96091,103.95809176473307,1.3367099059826704
22519,103.70009604588859,1.3377609785572668
22539,103.6983959680393,1.3392214694924593
77349,103.94876103539306,1.3698659708093839
77049,103.95157590899046,1.3696633369283304
80049,103.8736047556751,1.3107539700365256
80109,103.87148985096172,1.3131979896786639
82069,103.90286211745023,1.3171016300226166
62129,103.87203391835584,1.3469520521922933
01329,103.86357489073806,1.3049204339935652
01219,103.86073846153333,1.305289430298201
84039,103.92870607212667,1.3235561110375031
52241,103.83903828780753,1.3381151500041615
70059,103.87832303593981,1.3347451843134654
80319,103.8727119710427,1.3149331286224197
80291,103.87231488789445,1.3194771132578094
80309,103.87295812054644,1.3173109168427946
80089,103.88073846948544,1.3127205086733396
80311,103.87256596109965,1.3144122920556292
80299,103.87193431781127,1.3196407332290492
81089,103.88200528758692,1.3161233369037182
81081,103.88167331267374,1.3163064952712928
01339,103.86428089865488,1.3077164711672322
07371,103.8635595509572,1.3092214575864412
80171,103.87719976142853,1.3008545365491984
80179,103.87707775070942,1.3005946632016874
91099,103.8847447983687,1.303312633865043
55109,103.85989129285895,1.390481915310863
55101,103.85981790798729,1.3909027293851013
24401,103.66350793614706,1.300335274599754
07361,103.86181205012413,1.311699577394913
11491,103.80768115510973,1.2970856772364148
75159,103.93144358523455,1.3540588326773064
44661,103.76504553420205,1.3844836640030531
95131,103.99976666378103,1.3851673635350874
43139,103.770256108154,1.3732096165688292
14229,103.8285241215235,1.2737873386791645
24529,103.65823322129168,1.3172872651422933
55219,103.84594106562598,1.385625601824464
14049,103.813009236686,1.2731986882780895
58089,103.83655401653768,1.4587396837209492
44579,103.74351614885774,1.3785135936753639
51011,103.84089743163364,1.3277626351829297
55119,103.83791421968635,1.3772803410087076
62179,103.8748321656717,1.3485691239292232
10051,103.8321581447452,1.2774220273661343
64439,103.88954915926449,1.3780501103402167
54599,103.86175499712259,1.3749564682602646
55321,103.84720525267652,1.3783262996845969
55241,103.84067433480307,1.3893818355003542
44379,103.77290913402857,1.373563471729542
57079,103.82564654089315,1.4243435959319055
23451,103.69728901840291,1.3039782014350458
42029,103.79215650051404,1.3332596197033981
48031,103.78324371077133,1.411112983532843
93131,103.93415070911963,1.3127167949421406
67021,103.86556825815977,1.3893064341597245
45299,103.7451665804051,1.3913756541919615
84069,103.9421108321796,1.3254491255424985
23469,103.69686458298129,1.3050315043338803
64241,103.89636380496628,1.3671590210813827
59241,103.8391983007543,1.4342915156405578
53141,103.84133971946186,1.3557469421480375
52021,103.84779074366772,1.3442748912633993
47499,103.80057545881527,1.4308339584166516
47491,103.80049498299478,1.4310577836484848
46681,103.7957768109807,1.4357371259077687
98131,103.97233048601495,1.3741813788137978
76351,103.95298930748027,1.3621401600530336
43011,103.77123085948348,1.347294273869686
92051,103.90796478314572,1.304697312361328
76079,103.94554859107237,1.3478718824126326
27099,103.7036369279665,1.3501925740983705
29159,103.73752359262433,1.325312522367267
04167,103.85164857321166,1.2928028162224572
63369,103.87413956470566,1.3565875170816548
70261,103.88961548721319,1.3290096783099206
21459,103.71496552531775,1.345640186938697
52099,103.85491245905213,1.3265937477069163
21069,103.71918117381624,1.312297429387857
21011,103.72856715879564,1.3252823622835572
58179,103.82341353777073,1.4585681153121535
84051,103.93962183162557,1.325317347415053
46739,103.8040015434152,1.4483941412112793
93119,103.9229748122645,1.314242928027087
18159,103.78851093471447,1.3003658137179372
27389,103.69815045586054,1.3484642213157618
80239,103.88042397600444,1.318452784884391
47671,103.80338738688198,1.4465475611111944
46181,103.7788486077876,1.4401439662960747
62251,103.90071477859371,1.3775069185260658
25269,103.63745640960119,1.3477888040294066
14279,103.81926671121204,1.275874975892076
11061,103.80122529419162,1.3027948327812024
77331,103.93345116408199,1.3783927969373626
84491,103.91417447013174,1.334511584882486
93111,103.92279578410012,1.3144598271019705
41139,103.81480121810947,1.3295216962033651
28529,103.72068891536787,1.3511844217962585
40019,103.84926869347632,1.3065273147649883
27031,103.68054777810644,1.3519209064085902
54539,103.85104210954088,1.358617645675506
76349,103.95557556099526,1.3604553978463165
29021,103.73450272671657,1.3127138216241754
04121,103.84959417903549,1.2961883344184304
44631,103.76392043473916,1.379615753362317
07021,103.84997333038983,1.3032032570128222
45291,103.74494847436124,1.390982525695954
11589,103.80404085076509,1.2930397991116467
68051,103.87230401910007,1.3995650579563192
80229,103.8780945924118,1.3172006913035204
58409,103.81812315686187,1.4561368750556711
16211,103.78353975022067,1.2794493645555978
17379,103.76389820038762,1.3204503189002452
64499,103.87815521591618,1.374882450661
75239,103.93235741524362,1.3468265070122316
10101,103.81361602443302,1.2850392034902904
48021,103.77951081804906,1.4109218220850697
28119,103.73608468838458,1.3478023153403909
59581,103.84605394704181,1.4191665796448767
60141,103.86390572466689,1.3226487447763116
21109,103.7211635361756,1.3108627224505567
46969,103.79263320368393,1.430554001383889
11201,103.81173454972992,1.306991734002464
49061,103.7488972220443,1.4261777218175078
52139,103.84402909927495,1.3327174154381283
53171,103.83631401550724,1.3547022662380892
17269,103.76264070191728,1.3049229245906442
11291,103.78590715822484,1.3178782439368824
11531,103.80736968007287,1.2909179489335816
46529,103.77460005296557,1.432047379508778
95151,103.98184798075587,1.3421883334513371
71169,103.89209341308226,1.3270232839275342
27471,103.70777667139201,1.3522252022288168
43831,103.74780643455968,1.3651308964928177
96061,103.96291452330784,1.3469108445803215
09011,103.83425621621521,1.3021374178716032
77259,103.93859653371818,1.3826871333482713
46189,103.77842196120994,1.4399936878882638
67479,103.88004140209789,1.3919793085515166
20219,103.74149334609548,1.3220627902338844
42221,103.76796808805732,1.3395646548989364
24199,103.66001023256347,1.313056674024565
26241,103.63072836104627,1.3201898274671897
26429,103.63596438407767,1.2887064546592666
21631,103.72492023417273,1.3336926885427889
21359,103.70993575029946,1.3385886994723744
42109,103.77693211590683,1.3432558157398296
84401,103.92696613923559,1.3331816898281779
67019,103.86244080079781,1.3897820710065578
44411,103.75326015771685,1.3784938367416877
67171,103.89903683881718,1.3873108874225044
70251,103.89035537425033,1.3251962216630921
64341,103.88640133233554,1.37297336558241
18321,103.77474734394428,1.2991191821362151
44461,103.74300871009913,1.3824794542450065
66171,103.8635822339232,1.359681905600943
18069,103.78748484282639,1.2964468427498592
18061,103.78744014676795,1.2967357086287417
43731,103.75424248640189,1.3463100452678187
43141,103.75592190803053,1.3442366912117167
43149,103.7560185595759,1.344016836254241
70029,103.88050022722422,1.326742719557793
22031,103.69852839992916,1.3222080027484693
43321,103.7450979764292,1.3499176745245367
66021,103.8618443397453,1.3510664390390983
21759,103.72489625132239,1.3301249186996047
21751,103.72480639812242,1.330896681787383
58279,103.81455818026707,1.4466572807036409
70241,103.8818814731052,1.3253114204287129
47599,103.80273609049952,1.4397162566167958
47641,103.80378619184152,1.4392226435646134
65301,103.9092971675479,1.404556240011462
70019,103.8814711063545,1.3231709745278013
70011,103.8811662293368,1.3231347543405598
34021,103.70803370344538,1.4357854441146332
25491,103.63819594404848,1.3389706262157899
43459,103.73810629698447,1.348146175829518
17069,103.76208519766334,1.3078156800304814
49119,103.7556869975222,1.4321616349036799
14409,103.80169686530874,1.2715255899113247
40021,103.84275887892043,1.31105293362053
46091,103.77006717574406,1.439605705263771
23101,103.69091294963101,1.3245290581107603
84301,103.92658746305652,1.327878627784963
15211,103.78632141045796,1.2779543009291958
14211,103.80531341019342,1.2816362086328326
03371,103.8672159629645,1.279460259183169
46429,103.79307456501024,1.4407157889847615
01229,103.85958824593644,1.3033597735109834
85109,103.95138764529787,1.329500478839103
12041,103.77644660719554,1.320509767062736
94089,103.94292769430376,1.31532839652859
41069,103.80745090483126,1.3266614819664087
77209,103.94275780964652,1.379004031551138
50331,103.85726237452707,1.3185912861354288
10311,103.81322749854644,1.29557047898736
40229,103.82571305905896,1.319263622466759
40081,103.82603407044817,1.3201400088543045
40239,103.8262776455059,1.3226787365549963
13019,103.81932740531768,1.3069438830581577
13199,103.82997906006159,1.3022266585129738
40221,103.82544801193961,1.3190979483614145
40089,103.8274531000364,1.3205055333170508
13011,103.8192514779121,1.3064860778319618
10018,103.83865662988124,1.279049634826578
13191,103.82991265503848,1.3027394477251393
27461,103.70508604865284,1.3532757468113397
27469,103.70484390874472,1.3531376640463035
51071,103.83611552720429,1.3421796025196744
51079,103.83606874942977,1.3417030278059365
51071,103.83585733400007,1.3421525641118892
63231,103.88768202515142,1.3590070205324032
63239,103.88776538436623,1.3588933545637063
10481,103.81794780250775,1.2877583511137067
54261,103.85087002753275,1.3694991524930706
46069,103.76939605497378,1.4429712802785981
21779,103.72421763016554,1.326433175948391
23261,103.6858527246462,1.31270841702852
42141,103.77821003731964,1.3361807931710181
29119,103.74714390008046,1.3006713724804053
40189,103.83835142348562,1.3123307034231622
24489,103.67105450129915,1.3257450606221393
03511,103.85899874164184,1.2820068919171994
10469,103.81229290048053,1.2966255132386915
47551,103.80169531812437,1.4344513375383463
70291,103.88706385412505,1.337659625983366
67601,103.89326054474343,1.3832757556522128
46749,103.8071810022805,1.445996126468815
81199,103.89055399731843,1.30862995467613
64029,103.8968870720274,1.3777751708853976
56061,103.82282588578933,1.3851681187279132
29041,103.73605411948975,1.3063075071021824
27141,103.68782158484092,1.3396952173761514
84011,103.92243475357957,1.3226284615204666
44651,103.76292386846255,1.3853776833342322
60219,103.87080134429225,1.3284171824421067
43311,103.75689532563898,1.3398288616005642
46549,103.78118331413592,1.4330938855003597
13041,103.81972023458339,1.3025054457542824
23029,103.68652675016608,1.3230416944905958
28141,103.72854209371549,1.3540241683577239
59789,103.85139697004864,1.4229834295689623
80199,103.87544074304076,1.3015819651975882
59441,103.83947349525302,1.4158925280144228
40031,103.84021951687733,1.3120854569457432
46791,103.79960937303309,1.4457013400372987
16089,103.76915790364042,1.291992322290881
59501,103.83790305068482,1.4128135052493767
63049,103.88748460827753,1.362184370272003
25219,103.65686943050711,1.3288293644756877
65081,103.90531359816995,1.4009861476097263
15129,103.7840945102117,1.289201415320314
62151,103.87753593575438,1.3457693128251678
53071,103.82829830940398,1.360724336564945
44209,103.76692504750372,1.3772509197710738
52239,103.84890346644153,1.334127961001249
62189,103.87462603890502,1.350530022376063
43889,103.77135320403143,1.3702804709787988
62169,103.876493035177,1.3476151868887993
66349,103.86534518861981,1.3707968268857347
28411,103.71757561049934,1.348121475192386
62081,103.87765431104101,1.3439113260618147
62089,103.87830663238066,1.3437936942636557
57089,103.82685817290965,1.4273531733452751
66391,103.86485448641135,1.3509314668473285
92261,103.9004158275188,1.2979500390071348
52451,103.85738694837747,1.325268846981966
82231,103.89306793805825,1.3140304188200966
66059,103.87221504970465,1.3555532565957809
66529,103.87302911596156,1.3751495599631727
27341,103.69770005704902,1.346663472277407
13049,103.82041011326453,1.3026196155123417
51019,103.84080586176916,1.3289826721291784
27121,103.69516966449577,1.3568442407822177
71291,103.90384264510297,1.337052614608903
62239,103.88995183205738,1.3476807001736244
81229,103.8901061135188,1.3194536739582783
71299,103.90401238355871,1.3367078074172682
21439,103.71168707294295,1.348354560655396
59331,103.83282605021594,1.4229765415986637
46369,103.77317499584873,1.4275953588400794
54529,103.86308703869913,1.3732865661682796
15091,103.78780318666267,1.282959450772817
13121,103.83081049335395,1.294190798411318
54419,103.85482125400304,1.3720638762421327
40231,103.82571255760274,1.3222346249163295
45149,103.75694519220662,1.4251261943444467
20329,103.7510809378262,1.3149836633756804
77089,103.94279598153635,1.3800973661292866
44421,103.75508534811526,1.3781766724475766
59079,103.83516678657884,1.4293480998765429
31079,103.6963221780696,1.3776136136210542
57049,103.8223139259267,1.4107447518506846
71079,103.89819555105306,1.3356268425428484
27169,103.69388416143158,1.3568933213331613
02149,103.85951844083468,1.295530653662188
97189,103.97140666961131,1.3467263856230582
59221,103.83497038525748,1.4389883123309193
47821,103.80589408120288,1.4608118159732437
53081,103.82782928475685,1.363338795871617
30019,103.71298342060925,1.373103668718701
28409,103.71803544755156,1.3508203638421714
64461,103.88637466185492,1.3794006086100266
07509,103.84908991524033,1.2973169007803473
17409,103.76583054808569,1.3251135355397492
83299,103.90590749475005,1.315623204220186
62111,103.87081986592227,1.3451662511978137
73041,103.89886346940658,1.3505759869934206
11081,103.80253847731692,1.3085813223624547
85021,103.95463231138775,1.3219275175352445
11379,103.79192718562318,1.3091395079570003
67119,103.90321605211754,1.3905128285657025
68031,103.87307409554315,1.3970726435040783
59309,103.83060960658969,1.4282940050649264
78161,103.96047824715693,1.3689790829337103
97111,103.97039474463433,1.3633221114983074
53269,103.85119404905907,1.3533552741192154
65021,103.8996568903125,1.384069086599488
44639,103.76394326029208,1.380019151721795
49089,103.74865262948462,1.4339673904429195
12141,103.7823996989632,1.3157240534941086
23081,103.67826538585456,1.33010596499422
09022,103.83234182834398,1.3025647121193467
21141,103.7195730481626,1.3152427240272546
63139,103.89132558327171,1.3611545435845918
99171,103.9910606517939,1.3911324928466031
66371,103.87269093141421,1.3538245684734995
23049,103.69076238550457,1.3342612554219968
66241,103.86566977846348,1.3688597730798304
58189,103.82592755539292,1.4591311763901849
43431,103.75648599990949,1.3513997005084828
25091,103.64520202253657,1.3344553832009844
62091,103.87507910119199,1.3436451259809907
67209,103.89619609771376,1.3869434914012182
02171,103.86097258479509,1.2907798717407275
21181,103.72098125370314,1.3300666923208926
47051,103.79568371664841,1.4545555054293542
43621,103.75909507832885,1.341570861752383
23109,103.69069374525584,1.324673465674367
22091,103.69660172484095,1.3088328289096514
28639,103.74403266563161,1.3404278231939621
58199,103.827813631547,1.4590802046756017
96159,103.9517643218975,1.3418929549554057
58129,103.81991183601461,1.4528071038113353
20239,103.73946248801312,1.3225191143709873
53199,103.83896837057165,1.3574944557838755
46019,103.77408081092035,1.4386659840898754
11031,103.80032993210472,1.2913333961530344
46421,103.79355755827413,1.440874242913221
01631,103.8558101613508,1.2969523138201642
44189,103.74280687338056,1.374316079259459
15221,103.78547252233507,1.279544805709877
58601,103.83107578684758,1.448108714033177
80249,103.87984530177863,1.316901881467894
11489,103.80499642372703,1.298455181252365
58611,103.82995418165991,1.4463419703484017
14351,103.80997529727549,1.272689429901485
11471,103.80320060918366,1.2995912006610475
51089,103.83962167848125,1.3415033456716337
96299,103.95707013465015,1.3412317247677286
60079,103.8695421391337,1.3268210171222312
46711,103.8008367352965,1.454733010371284
46561,103.77727622150655,1.434801974038014
46571,103.7758895968186,1.4348226484432651
46569,103.77745017535362,1.4347160023051828
28421,103.7192877790714,1.3459152625060755
44519,103.73976375808938,1.3791999023034078
66139,103.86939342257764,1.3635796972639747
60051,103.8657536459647,1.3141374011741742
65541,103.89125868516305,1.40350831137751
76241,103.95892865372711,1.3582013830750344
56091,103.81804992331877,1.3974599886337637
53211,103.84710496363665,1.3469726180024002
59179,103.83991356300797,1.4322468737665166
03419,103.86293063401696,1.2712252629132672
01429,103.8649778755717,1.3031556114427154
46299,103.78274420616658,1.4369015204621307
43591,103.7520564656715,1.3447969320017266
83029,103.90634957817069,1.3177710972071486
42229,103.76824887121136,1.3394376354623818
51099,103.83446273605297,1.3258678435462312
80101,103.87152559574538,1.3125785627471394
80149,103.87973541984789,1.3075417932137134
17079,103.76002069149953,1.309670083689013
54409,103.85214547505869,1.3727120495208347
54259,103.84635460754427,1.377216813329909
43211,103.75506074058053,1.3408758511383443
44699,103.77101707371892,1.3883633468693883
66049,103.86892414532856,1.355344240214904
56059,103.82608799606487,1.3826396092844593
11331,103.79148929765209,1.3232856343719976
23121,103.685606527954,1.3245267658782627
66041,103.86975245900092,1.3557352432558367
94061,103.95136303864669,1.3184475209962083
66011,103.85996006599669,1.3472688239554982
11211,103.80946335599292,1.308335847007378
75339,103.93413955208172,1.3584603916632452
49151,103.74687380483492,1.4366657393848454
06189,103.84334075409434,1.2877762881127082
21381,103.70868778259882,1.3496821917978192
65809,103.88631599908152,1.3911189841036642
61089,103.86530495295868,1.3329868246492356
59649,103.84571004592108,1.4313960088208748
82091,103.89410551513532,1.3127079545354419
78059,103.96115797689932,1.36675522483569
54651,103.86557199056274,1.378570824501815
21251,103.71027538580906,1.3362269533544382
84289,103.94019113712129,1.3265679573586255
20171,103.73980122815249,1.319743193615312
46971,103.79040614541958,1.431861228016955
50351,103.84851062475981,1.3121538669961839
45191,103.76354384227575,1.410641606959443
64329,103.90060304536358,1.3724914494790554
56249,103.83301530280234,1.3730205356882983
97041,103.96940184810673,1.3579218639704391
85051,103.94883708396954,1.3295085486791618
61011,103.86948813588249,1.333541432991194
65089,103.90580793636133,1.4013018590760475
64201,103.89409309943781,1.3617310784097818
64359,103.88918628540692,1.3753287788185162
53131,103.84034761177723,1.3532046114286689
03151,103.84773694152612,1.2789100607215491
53381,103.84495495694159,1.3581854988868889
58449,103.78904505938331,1.4271029790411227
16241,103.77350080755885,1.2890881758027577
22429,103.69909685622746,1.307234127155434
44801,103.75903970259242,1.385051748982201
56289,103.83234669840581,1.370261907943434
67569,103.87708154837885,1.395130124982254
52279,103.84991045718247,1.3369666171011918
70259,103.89076268360616,1.3250974176440025
82011,103.89491798208897,1.3173939038026226
15161,103.79662305397412,1.2744778429435746
27209,103.68568641771489,1.3515703865458613
42259,103.77702326206315,1.341142663620613
27011,103.6860576770195,1.355872360566178
70021,103.88034136512523,1.3263881484877051
52559,103.83960788114754,1.3365770560649923
66519,103.87163621151913,1.3774078648687451
65411,103.91388506240723,1.3995547474383006
67211,103.89777361208165,1.3838177474655178
55011,103.83553797348422,1.3820795810015785
11319,103.78953703570544,1.32025722781219
55341,103.83664606157957,1.3850439896297215
43199,103.75921443577283,1.3466364480507969
67481,103.87775329877202,1.3915393583221232
55349,103.83653103178301,1.3847609057158963
55019,103.8360065578942,1.3821157297628996
10599,103.80922300545164,1.288679559522367
67471,103.88034910149105,1.3922110691386658
10331,103.81828580097749,1.2813384314422973
67671,103.90711634243492,1.3918939107587631
58289,103.81605031592947,1.4448734705947972
71219,103.89505216240975,1.3255382546373278
03019,103.85312023089503,1.2841509620112055
67029,103.86507906104424,1.389050051821991
14489,103.82164922053832,1.2722513756217568
10191,103.8190079706982,1.2885960171425994
62079,103.87974683294779,1.3429592238840677
76329,103.94984503867269,1.3463897845346964
46729,103.80223420679029,1.4521482245521433
47021,103.78335566921,1.4511284258821224
25381,103.64741085700082,1.3255336485090357
17099,103.77168181381988,1.3079166936303672
19089,103.78179678214047,1.3036904240984217
50119,103.84572798968975,1.3182659623279207
24389,103.66551819478711,1.3066195314567748
17081,103.76459412207092,1.299589176882959
46871,103.80182927952393,1.4368966563807481
17381,103.76681125010874,1.2991166565908971
83119,103.90555761291964,1.3230081554148534
94071,103.95520521444436,1.3199468710170916
28509,103.72663784235345,1.3500230153405988
75099,103.93418783106758,1.3481272220717504
44141,103.75783551844785,1.378413704985475
23421,103.68458755679205,1.3054961124489173
44869,103.75885730616955,1.3864906260833867
46151,103.77351682754664,1.445830858405377
63391,103.88022938393844,1.3709041967150382
67409,103.89603781318857,1.3923491291298198
55211,103.84552689636845,1.3861167714077751
67401,103.89514553277608,1.3929944433884
03421,103.85995314482527,1.2664884328172907
44829,103.76308620735959,1.3866127764839329
44821,103.76334540068018,1.3864299128694668
54311,103.85259533883699,1.3614747466626524
54521,103.86285279262012,1.3734930435631876
54101,103.85465859703821,1.3573368953293925
54279,103.85395264446693,1.3697111849365813
52269,103.85147643964746,1.3339505783908452
21611,103.71923577894715,1.3383248915336508
84369,103.92466471018098,1.3291621264943099
80051,103.87319633630895,1.3124973345261086
77251,103.93855897586073,1.3822953750685714
11349,103.79305172770286,1.325630131957491
17011,103.76686812316773,1.2939250558361624
58031,103.82533066923756,1.4460083063626434
27379,103.70096015925499,1.348003637706848
53219,103.84658317686929,1.3461474543825795
21399,103.70810902134066,1.3448261714094942
20319,103.75287458209615,1.3125295112510893
44131,103.75541647999307,1.3771325958409169
53289,103.85458291132247,1.3471614268714562
21559,103.72051329989999,1.3267064112517721
53159,103.8416969886417,1.3595767793384732
53019,103.83880214932024,1.3458192634411053
84701,103.91206286698764,1.3360128134215712
64579,103.89269427243336,1.3783013698084536
47039,103.78896027023328,1.4515470819610263
53079,103.82866380862865,1.3607671888008648
28091,103.72004863563537,1.3442353106364333
80071,103.87664287129665,1.313820869391844
16181,103.77245712056387,1.296543576793797
26069,103.63890685580712,1.3185330125814847
59251,103.83365139943513,1.4367172248877949
19021,103.78128973929948,1.3095678650465055
84431,103.95023881259196,1.3351155028367725
63091,103.89144567980497,1.3537942592138572
46079,103.77696923524465,1.438881768273204
57081,103.82655556508014,1.427559545581989
48029,103.77961020719566,1.4105605763673892
45329,103.74782592804894,1.3973357984467463
44191,103.76696687020707,1.378728401486136
21211,103.71602153440011,1.340147952060569
32031,103.70078951617025,1.4027340026488084
64481,103.88094986233273,1.3751786730805562
83301,103.90815197921386,1.308864524638381
11069,103.80161711549079,1.302611774475145
55289,103.82907434824,1.3983718670887624
23181,103.69455183575673,1.3279221578512195
71029,103.8950413620524,1.3363938557052482
43801,103.75173617231717,1.3551942303069089
23099,103.69291239166498,1.3246763469717435
71129,103.89906704865248,1.3297126596393756
24511,103.6606544141682,1.3193281726520283
48141,103.80952667035771,1.4155697741601727
22191,103.69838094085806,1.3314891652294227
42051,103.78262260266828,1.3360205667515588
25329,103.65642842696953,1.3178473446878325
22179,103.69668284998689,1.3300599277412917
28031,103.75098186314634,1.32793497045025
23221,103.6718304070407,1.308969005030038
44641,103.76284118464073,1.3818328147155259
08011,103.84364128497373,1.2970292894631796
21219,103.71626580570423,1.3400483681754036
23259,103.68359625838944,1.311354525100986
52189,103.84679608823187,1.3331213714739996
12211,103.78070749632683,1.317258094026704
95161,104.00451725574564,1.3725866885918934
25181,103.65882215715321,1.3238275066339542
21549,103.71893796885452,1.3308669091750105
50071,103.84712952587171,1.315782995528671
23241,103.67980581635493,1.3102319109311118
24641,103.6656525182798,1.3143852118853154
71121,103.89947897928337,1.3301422133177216
22271,103.70016953976018,1.3292490495929707
21321,103.70882774600652,1.3263164450859273
25351,103.6530634978574,1.324007951426198
42041,103.78677428485743,1.3344846989201438
11209,103.8103414000913,1.3082186206582234
71211,103.89525263161205,1.3254697702484235
71201,103.89782115043445,1.3261253112376548
44531,103.74464973966553,1.3842992949029411
71209,103.89734612444761,1.3261197437192285
71109,103.90255449799291,1.3283929484264336
78111,103.95797101569507,1.3754066933164681
96179,103.95538957387842,1.342611268072396
83219,103.91910248756359,1.315879222437952
28099,103.71935335690331,1.3443457034754294
24391,103.66443814582273,1.2987208877778265
12169,103.7771745641202,1.319125072770881
27181,103.68908515646888,1.3559426238666714
59209,103.84022183722143,1.4384904881977618
23021,103.68552869949016,1.322410074833732
34109,103.69824721588841,1.3842488838498028
34101,103.6978915004972,1.3844529263049603
13189,103.82387555914187,1.3005684240605886
59619,103.83685190002409,1.4233901081714118
59611,103.83671526793323,1.4242967810864577
12059,103.77365481259304,1.320031775482247
16229,103.78167896099234,1.2829453902341288
23201,103.68631422923757,1.3196693081763173
23209,103.68572888457612,1.3195045031223411
03509,103.86008534713758,1.2831384057189013
03519,103.8588107336849,1.2812354814470777
06171,103.84246537714084,1.2860825715415398
21639,103.72512330967143,1.3337711618727124
28021,103.7554242325675,1.3261939148647728
22299,103.70176519658825,1.330640133331499
23031,103.68090162127774,1.3223950847056476
46501,103.77119876307775,1.4379093465211261
07539,103.85237108947395,1.304344827656416
21329,103.70903690704789,1.326809933708177
77359,103.9500642232804,1.3680688776861796
84611,103.92791761538005,1.3392436809177808
46249,103.77880052911945,1.4420391154541825
01541,103.85730555821972,1.2989283469120692
81171,103.885048721762,1.307586126480634
15059,103.80265129655997,1.2768951801128832
22499,103.70490050916203,1.3374655596303895
77081,103.94270398038708,1.3802765842975118
11039,103.80003595152246,1.2921745003093874
85029,103.95430933616902,1.322630457371396
93049,103.93293464188382,1.3106935145862397
67571,103.87401707943303,1.3950949426766792
62159,103.87764873733327,1.3458577440183588
31061,103.69554663378442,1.375963587098815
60029,103.86605129376642,1.31720717588466
59191,103.84210996801555,1.4365228909244694
98209,103.97268857134424,1.3814966903573134
80269,103.8782628163744,1.3151402531258871
28109,103.75932968208613,1.3334170148149274
43161,103.7575666164075,1.3487727563491696
63329,103.88195326340403,1.3686262519814771
49199,103.7357647620205,1.4383706201539443
20291,103.75761856178967,1.3109258513758288
53301,103.84585442968508,1.3485618282314304
78271,103.96359062504159,1.3792422901864578
67259,103.89999173436173,1.3948059494843108
64401,103.90328493639144,1.3785027490354784
96291,103.95775971551566,1.3419576103962259
26109,103.63851287250768,1.3273273176519755
68061,103.87212651508779,1.407306190039214
67101,103.899646969856,1.391418549132031
58381,103.81344809073623,1.4479820300582653
58219,103.81977879776737,1.4495187554704396
67349,103.89536637590079,1.3883624753223447
49081,103.74839989401758,1.4338119852671756
11181,103.79214429750378,1.307307976274341
28571,103.72552811666293,1.3523579729998398
19029,103.78210012856897,1.309500355672231
28439,103.73856154095077,1.3345380697601426
47819,103.8100284303437,1.4625469991605065
45181,103.7613695990137,1.4115998045280025
25119,103.6498099753629,1.3322367779737727
46451,103.78926747796976,1.4446054250937637
53391,103.84691893927415,1.3544899048985046
78071,103.95717491877345,1.3702633444626293
44369,103.7753101653565,1.3658147750706782
22281,103.70375027950732,1.3285885793261945
75169,103.93445783968241,1.3533233523998467
70349,103.87486420043533,1.326231714268806
56041,103.82758835648563,1.3790603949465685
40261,103.82709107764529,1.3412962417992111
91121,103.89648838424388,1.2989481600915314
44091,103.74403600058308,1.376446402031875
94029,103.93744720632981,1.3144786045165708
65059,103.90130200762603,1.3930274710739827
16171,103.77437326481821,1.298920570451776
61101,103.86369931407206,1.3356369502973726
01239,103.86164564754188,1.3028501361648017
65499,103.89503116678264,1.4045768183468186
28009,103.74186042756332,1.3331944335210504
25641,103.63845897183577,1.2962032536173331
10039,103.83628647430771,1.2773805146727564
44909,103.76243432184661,1.3800770802636657
59471,103.84901765201953,1.4211894270518062
59479,103.84911369757566,1.420760254194132
59589,103.84467756938413,1.419572247410526
59721,103.8340449147896,1.4118047061337295
59729,103.83399498653368,1.4114199435949442
59741,103.84455139973151,1.4155393538721053
76441,103.96203099229056,1.3522135449739272
03241,103.84545143374812,1.2746600104362527
07351,103.86046519088201,1.3135529240315027
92141,103.91314288339596,1.3092145847123926
50019,103.84760565601414,1.311958399355438
08058,103.8463604022403,1.298997152030106
70131,103.88512784283527,1.3327894217092386
96249,103.96655908251859,1.328216259245591
32049,103.70185329252827,1.4045024038423346
63299,103.88837129482881,1.3526592243593754
25069,103.64554976052783,1.3274705516767258
44439,103.75431603554854,1.3798269852069043
17191,103.76997754251768,1.305667962906634
47581,103.79372513572002,1.4345227035368624
27179,103.6917028859402,1.3562872254171077
26369,103.62309884252502,1.2985446409327053
12081,103.77564211247574,1.3267941198573407
10181,103.82090908254709,1.2885096413511625
98161,103.97589322473809,1.379968464728681
22481,103.70554637658783,1.3425361374464022
82109,103.89324514573127,1.3151710918281745
09169,103.82848007890796,1.3069657996470345
23141,103.68402390573254,1.3267073863311336
11499,103.80781950342336,1.2968654097603858
28139,103.73042826549698,1.3531091284179073
22449,103.70380311965928,1.3426473061030317
52251,103.85143627314592,1.3329529787151895
59299,103.84098458320818,1.4189771993683358
28349,103.73321338486555,1.3425294449592702
70111,103.87718180486428,1.330802199326169
65161,103.90865344445395,1.39732366371108
21469,103.71808206570881,1.3275263800732706
43671,103.74341788848005,1.3645406890420897
76151,103.94712159212827,1.3553223362911668
21351,103.70956652734567,1.3387617811374029
64441,103.88813331113319,1.3798231930880926
15119,103.78508809590409,1.2870595645553176
54611,103.84061820443385,1.3648779839201957
54309,103.86300515124704,1.369879535322366
76221,103.9539874715118,1.3563771920254168
76229,103.95340194375504,1.3561483660952136
76211,103.95114869711688,1.3567013956822165
42011,103.79496331219343,1.3316343109507858
42019,103.79668408541582,1.3316628618569737
41081,103.79714484046075,1.3308817809369813
67271,103.89204118375302,1.3881936039208855
94039,103.94069310953337,1.3148488680165271
94031,103.94093780901555,1.3150472891470422
17221,103.76796808768825,1.3173879863993079
68161,103.86053266822672,1.4088132089027825
68169,103.86073153232529,1.4088176542198756
13141,103.82996840760329,1.297624624566932
23461,103.69640693322145,1.3054730540296746
05651,103.84307715016526,1.2732757895993398
09159,103.82585193068644,1.3061165241140407
28659,103.74767204459451,1.3344501021542383
28471,103.73208056146038,1.3480953845209822
40181,103.83810999716565,1.3125535827728234
24451,103.66385617720825,1.3059987310576247
03211,103.84663415139023,1.2730253721239686
27281,103.6878573471625,1.3455666241546158
78241,103.95760000813135,1.3720931507822864
26209,103.63175869143029,1.3269749718734467
26161,103.64484183306034,1.3223396724032912
43491,103.74718261583071,1.3638638800928151
40011,103.84922889577386,1.3059323497460618
46931,103.8078394576446,1.4530364244762775
44111,103.74973522650652,1.3809000219536525
83201,103.91443843926328,1.318594432287759
59201,103.84039182068611,1.4386348693472042
18221,103.78340888655639,1.296338539877584
10211,103.81130747709445,1.2908288439926334
18239,103.78320101986102,1.2968139411598765
44509,103.73849097266191,1.380888913132922
75151,103.93143586032909,1.3545515336104768
58349,103.81639608045647,1.4527666097737835
44151,103.7522529291504,1.3739836692753655
98029,103.96543431664988,1.3643466536239872
17009,103.76310870946779,1.3176972082377003
14031,103.82303549457389,1.2762465422455236
10451,103.8172529213369,1.287636202376041
31161,103.70212878580818,1.3725424240401238
59459,103.84261829786328,1.4263692935810457
98299,103.96547663150045,1.3560962368813998
46921,103.81088291087787,1.4533260821179286
14201,103.80923690981234,1.2816444613406275
22559,103.7009671543688,1.3346619778109552
59301,103.83056897910976,1.4285543071537452
10241,103.82353213922953,1.2906258946830318
65169,103.90921471385164,1.396489721300101
50209,103.85154586433946,1.3239420568327736
23509,103.69566375661178,1.3246690910820784
83341,103.91111125748809,1.3254620798123955
81029,103.88483210653328,1.3135384048560006
68039,103.87313334468071,1.3965053911151013
92111,103.90289336726292,1.304762268046686
84559,103.9228042532727,1.3283323357172347
67609,103.89304072855504,1.3840102781805967
45259,103.74050965763826,1.3916273793095326
11539,103.80785269911563,1.2911132704158064
02161,103.86093532317429,1.2926954885314823
14169,103.80951859110013,1.2711655490970903
93109,103.91999816135399,1.3128153256828146
20081,103.73875139952304,1.3266122765839232
64509,103.87881887622905,1.3741816075067335
14349,103.81341638211933,1.2757599849933032
76439,103.96256841332739,1.352899741685801
16249,103.77406800986755,1.2892695558125271
17201,103.76738624339414,1.3206809974660698
10321,103.81591932866675,1.2944067931721301
65041,103.9016040667238,1.3899387490102455
16239,103.77897497141844,1.2864402776139652
62231,103.8903403575169,1.3477170048864944
20151,103.7461619141442,1.3183125157942217
78139,103.96400074797519,1.3731754979178277
70341,103.8745149093514,1.3260308599091069
03223,103.84638820571975,1.2758179610484077
67529,103.90929645856825,1.387279902357232
76139,103.9438044679887,1.3515955912587927
58509,103.82693749690806,1.4506277296715264
64161,103.91142541029717,1.3719950724824055
64039,103.89383265644632,1.376690510025729
50279,103.8526052104435,1.3124938327120808
22029,103.7026878521721,1.3224324278770871
09047,103.83273078052873,1.304624044893985
25341,103.6519211191804,1.3219574011184898
47029,103.78249313768283,1.4509755917535074
23359,103.6789492942148,1.3143342167771095
23491,103.67787174541554,1.3279341228758403
11271,103.79002451805286,1.3147453478136601
97159,103.96773733088193,1.3503294316303482
66399,103.86318362204189,1.35148770106733
21621,103.7220871407483,1.3392512102304934
49019,103.75244687624627,1.4105919350454188
49021,103.75176984239619,1.4133641837173083
24169,103.66669354957901,1.310450599599649
28451,103.73462337959289,1.3439772668474315
21209,103.71810893738683,1.33682062110616
75039,103.92954579192327,1.3506376501141726
33059,103.70660948083646,1.4293048719445718
59291,103.84069210752544,1.4189006025094386
13181,103.82397702759938,1.3002590683782373
21029,103.72180261321476,1.3243445355554655
54281,103.85603972081492,1.3694743862174907
17361,103.76341176663755,1.2986648397676854
04179,103.85153152233855,1.2963949920210918
18251,103.7884305609206,1.290711157231631
15151,103.79808109566223,1.2739446463293858
64609,103.88470559642883,1.3759151023290586
03501,103.8606492980111,1.2852495263305705
96121,103.9577457682232,1.347266917073838
15191,103.79243121012225,1.275938283235338
20331,103.7492749406803,1.3132913058902294
21769,103.72489680096595,1.3284214651721105
96151,103.95124868520236,1.34232436277606
24411,103.66168405319813,1.3025006069147744
63089,103.89215547787666,1.3565853043853027
16219,103.78371359566938,1.2800564778531498
05129,103.8463384397568,1.2860526834675285
24701,103.64911492150569,1.321348587005309
24709,103.64899656612795,1.3208058934733806
24711,103.64001929921395,1.3299138285800172
24719,103.63927777655691,1.3299842377076356
25539,103.64498858805376,1.3323091033749137
31009,103.68423833401573,1.371772454045082
23431,103.68457243068275,1.3081844460414618
25431,103.63661108505907,1.3390361769346202
23481,103.68183719392732,1.3279135694199875
43429,103.75383441746877,1.3510491384891405
78169,103.96025620611024,1.36912441671079
44469,103.74273647231179,1.3824669843983655
42211,103.7656620922582,1.339750019965079
28189,103.75847168259895,1.3298596664821398
40209,103.82751097328054,1.313844105356281
84249,103.93959388662847,1.3295059259352247
47201,103.7850899398697,1.4497720679840571
22599,103.70311549637094,1.3448187007089807
67519,103.9062762347786,1.385643888793808
03349,103.86443460238682,1.2764610283736553
43209,103.76390777628818,1.346999511012901
98129,103.97043743658432,1.3720503733165303
50189,103.84854144543401,1.3259899221945393
75561,103.94139569444353,1.3664897119568387
54439,103.85709066217883,1.373278473631227
75311,103.93077506607416,1.3671421343319214
59521,103.83169514122844,1.4400531644658512
58401,103.8179885155162,1.4557366380863863
82049,103.89883877317195,1.3163412744139897
85071,103.94987885186696,1.334099502940789
80259,103.87999945312482,1.3099033687116408
60229,103.87017449145867,1.3225657596284273
91081,103.88527260847647,1.2992613950334693
91089,103.88554513396689,1.2991142908885713
03339,103.85944406584589,1.2750186520971267
03331,103.86083388081296,1.2765941044446305
67379,103.88713614149133,1.3930799415894486
67371,103.88711940323216,1.392585208901603
21089,103.72275416687805,1.3111687486990975
75269,103.93813521164545,1.3591339745412836
55039,103.84376263906022,1.38910352565009
61029,103.8705065920253,1.3359000687043983
22529,103.69714955207314,1.3377773764542822
59011,103.82736669238665,1.402089662352608
99011,103.97817070738941,1.383376795259023
50201,103.8509450972747,1.324892798885648
58091,103.83793164891983,1.462133601355466
21309,103.7105254602592,1.3190902332535228
90061,103.88239233668092,1.2981275897239326
05023,103.84541710355704,1.2869757822999177
43241,103.76193410026478,1.3559134728907267
40129,103.8407869794797,1.3145007502501596
24279,103.67674689704015,1.314892073339093
10089,103.821742868437,1.2829107304337442
21361,103.70758745606284,1.3431282612007076
47081,103.80382527539777,1.462044341114612
92171,103.9030883321246,1.30835093212736
03059,103.85139449518958,1.2810686823031532
95171,104.00211096669068,1.3746087707010552
54459,103.84113372524132,1.3769314994167552
55021,103.83874987593778,1.3857462805754024
49181,103.7540847844789,1.436905941737222
12119,103.77215364792481,1.3194171772163281
43059,103.7674477785642,1.3593684861376407
65359,103.90436990615927,1.4056315826375372
62069,103.88164129939668,1.342076777121279
60019,103.8631455631354,1.3135733337485795
46021,103.76172152688856,1.4292440922586065
07359,103.86079872225947,1.3135988458082006
60011,103.86314119757326,1.313918037786975
96419,103.96384426042785,1.3375591810271608
01113,103.85616254493162,1.3012388792195968
01059,103.85641452993762,1.3010999113248094
67641,103.89339023916978,1.397833481803383
67649,103.8932729414876,1.3979165090126744
47019,103.77894111460967,1.4507613328013476
23061,103.68649652081157,1.3295115418799925
83169,103.90690795582005,1.3143175363680646
33019,103.70214634507188,1.4191688708827062
22419,103.70292965762681,1.3462347210277452
14139,103.81624756983652,1.2683963403964726
83271,103.92594609568948,1.3192949705300385
25061,103.64526396126936,1.3275797818980455
65079,103.90475076127447,1.3988889725582232
25389,103.64723358911648,1.325922340716583
68101,103.86553119884874,1.4042798825678628
77041,103.95123294382324,1.3694879049191655
96239,103.96201461027442,1.330047731213367
71151,103.89452935433265,1.3281736967900841
98041,103.96975099561989,1.369141926779475
44121,103.7510013840171,1.3776847122203117
76419,103.95643601000177,1.3536743595021175
24041,103.67493587851054,1.330339331500364
45091,103.75518116526645,1.414268139414034
77181,103.94106650388339,1.3759684975718078
21581,103.72325573605156,1.332551869847897
56259,103.8348345145199,1.3768488248564996
11609,103.80210670670652,1.2917908527523696
47829,103.80611069193459,1.460502145579214
84461,103.91938603051298,1.3381164766621971
25189,103.65861376412367,1.323861369206836
96011,103.95356026594129,1.3317233209744954
44321,103.77231616172739,1.3799859763904712
11219,103.80727608876815,1.3098543464925316
67109,103.89992506901427,1.391037297768296
22501,103.70292007650748,1.3376629726636486
84231,103.93858761101023,1.3317261814905563
44649,103.76299067516793,1.3820115304478517
59371,103.83785682890834,1.4200846907791107
77269,103.93581193203842,1.3829597006458536
25531,103.64515827514812,1.3323196449775943
25541,103.64777753496584,1.329827734930837
25549,103.64757283700318,1.3298514082384754
58521,103.83262861138424,1.4481451808063102
58531,103.83225309838727,1.445365632428077
58061,103.83114130445875,1.4530264121470189
58539,103.83233798079046,1.4457861281249453
43261,103.76420219064488,1.3608669227679093
16201,103.78415240829523,1.2812785551559274
40351,103.74093403267308,1.3550241985321845
40311,103.73898833976016,1.3572683798260865
44999,103.75450833866417,1.3913428021749088
45491,103.75290269482845,1.3941477775695217
25791,103.63613713666557,1.2820750683565918
40191,103.8303674810655,1.3126726660080672
40199,103.83194378675189,1.312598343984384
25651,103.63547162046778,1.2994141637813392
25761,103.62429328449055,1.2751067519161272
40341,103.73886376890393,1.354607090100195
40349,103.73942150895893,1.3548899415518447
40321,103.7394493510241,1.351733273772856
40329,103.7397075710231,1.3509795522336956
96029,103.9561695752486,1.3332123997758178
34011,103.7079171590924,1.433531837293692
65239,103.9160699640039,1.3941619056166867
43691,103.74613008365515,1.3449871390011479
77009,103.94976123769246,1.3742025351336455
60089,103.86636219198665,1.3285236898592032
28239,103.7429280784786,1.329951339084594
43169,103.75793808012618,1.3493542810234191
17041,103.76452004761921,1.3042386953515288
29019,103.73372071782119,1.3080209928875413
23159,103.6855426406033,1.327639080848836
06031,103.83869115371553,1.2860687229303784
45099,103.75594032745734,1.4133576666923953
71051,103.8919135516406,1.3414356863501569
59021,103.82910104132964,1.409454753284805
59072,103.83549294452966,1.4294947566553209
76209,103.94749598801947,1.3566191229620332
81141,103.89030560588131,1.3119873991851017
25249,103.64529995351826,1.3398580225299188
25229,103.65166510705414,1.333803667549397
75479,103.93826906361402,1.361857196906292
65069,103.90229687385565,1.394963860471051
77071,103.94128164252965,1.3781671325823597
44621,103.73702063310871,1.3791381535282676
04311,103.8439105576,1.2947838870643824
18261,103.78939549380796,1.2901359892600814
24661,103.6640723490755,1.307979908989332
23489,103.68032820034604,1.3276332622403242
20309,103.75407677338497,1.3105658748106401
12179,103.77692978898716,1.3167618974425752
47059,103.79539901943403,1.4539161220184296
24369,103.66702829306676,1.3007346375053037
48069,103.80196578260328,1.4159874445567493
21189,103.7212066620834,1.3302102204979247
43639,103.76856050262332,1.3481507956583791
24301,103.66579897694194,1.3126564917612134
40109,103.84766591100374,1.3094427991757733
47169,103.80054125376458,1.460899577372092
51091,103.8341806612285,1.3265262473239778
91059,103.88827543803986,1.3005244432874263
52409,103.85099550613663,1.3280597638630243
67439,103.89745880701037,1.3954760831359412
28459,103.7343866287039,1.3443849251119306
20211,103.7417382700902,1.3218077326619575
10069,103.8301201794466,1.2785382751437608
92049,103.9058482608372,1.3029679846003537
65601,103.89874792105547,1.4084700626259345
24631,103.67831873318116,1.320577891835159
67691,103.88950100115599,1.3989140327335738
67699,103.88982504998454,1.398721882906063
22141,103.69598733223513,1.3174828322628842
22149,103.69628790064394,1.3172472300402907
65491,103.8948813907692,1.404843619499816
46321,103.78659959315878,1.4345922467588004
46281,103.78983742605025,1.438725366171536
46289,103.79103153116357,1.438732451842453
71171,103.8924496221847,1.3350128175653126
34009,103.7075584822165,1.444851563702572
71179,103.89119563338315,1.3340784314764504
54511,103.86344348667646,1.3717001586568818
54519,103.86372988784962,1.3712458314057367
91091,103.88435841781136,1.3032897125165381
22561,103.70425436001578,1.3349886491980714
43961,103.77306908070409,1.3648517692592532
44009,103.74375025154771,1.3853411866071648
75369,103.93053435789047,1.3709408584653262
41021,103.81507977081499,1.3227080555714121
92071,103.9148222799102,1.3068675054574113
92221,103.9149428374241,1.304986242959518
92211,103.9169779587596,1.3059491160283137
92231,103.91221027312129,1.3042655336548186
92079,103.91482276637556,1.3065438173465904
28051,103.74552210617449,1.3324344293552055
70151,103.88099624187227,1.327687676621776
23439,103.68469740251606,1.3077039380955644
44359,103.77531902524309,1.3678366588183681
65019,103.89750207727536,1.3815827594603662
10071,103.8263167467565,1.280481759535961
47041,103.7917278921942,1.4526030976485993
55259,103.83875327107303,1.3914073595241947
05029,103.84829048702787,1.2871997229827188
17091,103.7715492308403,1.3091135349919913
28029,103.75445446772831,1.3268766170898694
84579,103.91949020204622,1.3257993761563789
44079,103.73628384656027,1.376544812994304
10381,103.8256098569869,1.289131085336904
24531,103.65685963988905,1.3061753980656607
17279,103.7632324783434,1.3028016639322268
66341,103.86528251847336,1.3711854501805625
66099,103.86139192416168,1.3542965080735956
46841,103.79692035483443,1.4449937215192548
75141,103.93386366156457,1.3562049536058585
84599,103.94655110974502,1.3376991533274512
52471,103.84558594674488,1.3276230782451492
76161,103.94757249427617,1.3525098485362024
28081,103.73657017277043,1.3395813062631385
49041,103.7507280028919,1.4192050012257966
21409,103.71213674667007,1.3434043067503947
77341,103.94847280498573,1.3696930010265165
93041,103.93343632370663,1.3112673148030178
94019,103.93576796461208,1.3143076701631713
59121,103.82995929052522,1.434512480285883
99079,103.97923459926777,1.3875626361179192
99071,103.97836687367506,1.3876586633366579
66559,103.88176407078255,1.3818813270047303
14209,103.80954014768864,1.2817413171476892
52319,103.8570383498765,1.3341231685525201
58399,103.82254865243355,1.4439811147408352
09213,103.8330181047922,1.3078737476663915
99091,103.97980366376147,1.391039026556082
77219,103.94070357524731,1.3805569271450648
67189,103.8974282169299,1.3906306442996146
10411,103.8128459588511,1.2892035994093618
14019,103.82566709179477,1.2683910065640742
45239,103.7424404694292,1.3850412179816924
78131,103.96371784363573,1.3731148750917332
05421,103.84353755472746,1.2779105786539855
97129,103.96762536921393,1.3646275149746658
24049,103.67384752314918,1.3309682332145318
52499,103.85578324962904,1.3256593224294653
17019,103.76703874292966,1.293853361427628
84259,103.9390378712928,1.333282472280438
47609,103.80308956438849,1.4418284450767476
41071,103.80256777021714,1.328979053202763
64421,103.89515936810943,1.3750869340131182
56241,103.8332153985591,1.3720747642177145
52509,103.85020361976788,1.3311436751478198
78129,103.96215414302704,1.3751356513781403
67201,103.89629081592967,1.3866787716914661
41049,103.81020610701813,1.3247556506848954
98181,103.97342590594252,1.3843562340751356
44669,103.76483089695398,1.384295111542805
17289,103.76479427576271,1.302342883454913
24019,103.67735391276968,1.3229078962188217
46581,103.7738255781951,1.4364432378802656
23501,103.69576715451223,1.3245257889444657
16891,103.76816610826921,1.3098696093762048
26031,103.64521675374287,1.315438783076189
78189,103.95898657253522,1.3645728439122529
11151,103.80236884852907,1.2985785236694587
21479,103.71561880006864,1.3269257764278715
43819,103.76507156881833,1.3582143168568948
49069,103.74892915036808,1.4263861406528235
18311,103.77787047858693,1.297484457977052
62039,103.8809294066003,1.3467272442242768
29071,103.75180729158856,1.3041482802277018
41029,103.81635178061964,1.3233526595676168
02169,103.86064266760259,1.2933369739111613
14471,103.80671716394268,1.2820373122170954
47549,103.8035482793466,1.4379075953475533
16099,103.77827467423766,1.3005498768841066
47801,103.8129845656303,1.4641315787455311
16029,103.78023987182071,1.286102104645375
66101,103.87334787538121,1.3709308491934102
52481,103.85855503659276,1.3352225774975628
67461,103.89121017060523,1.3857007830949846
64491,103.87910220184352,1.3751551679516023
84621,103.92496866621931,1.3383284449882527
65609,103.89836704243709,1.4083997247314002
61119,103.871786779359,1.33547114957069
13089,103.8360437457979,1.2957362591488162
23041,103.6904683403763,1.3333014771365295
33031,103.70424390019106,1.4240341754866812
26211,103.6368407010271,1.2910930643243028
68069,103.87226721101047,1.407528053439861
54359,103.84995215437301,1.3761543600406618
25111,103.64983290158233,1.3323870092460988
55131,103.8397108100996,1.3791000650707101
67429,103.8936619547042,1.3964282068461458
11541,103.80568709985054,1.2923923350347983
11551,103.8040971960675,1.2912756084388268
33021,103.70321304526526,1.4216985836107146
55071,103.85268914200779,1.3924378349696387
10151,103.82869315964284,1.2856947359968425
21569,103.72290888303942,1.3282268255109195
21561,103.72275861128163,1.328882119203799
46111,103.77375966247902,1.4413332404365133
10129,103.8286482234669,1.2823450433353232
55339,103.83707933740453,1.3870271845250524
45389,103.74730706586017,1.4006363789062977
66029,103.86136416013122,1.3501287409477445
75471,103.93791588330636,1.3616514318248838
21389,103.70905104865622,1.3494973353375546
55079,103.85333477570607,1.391944715094147
55059,103.84903521712339,1.3920730047594405
92249,103.90120956316784,1.3016151913260066
19019,103.78480998541028,1.3080311442363775
54071,103.844802135557,1.3643633308562262
17179,103.7654449180747,1.3151957852755718
77129,103.94374817523335,1.3839637799408073
96051,103.96195684743125,1.3437701506878372
96059,103.96217921938954,1.3434672273033286
17259,103.76746699410312,1.31089594297861
67701,103.87738211464128,1.3984314858707374
99089,103.97844081786114,1.3890525498321444
90079,103.86732088781349,1.2975557349776248
84339,103.93079377240309,1.3288102327081375
45141,103.75683577126976,1.4248678015057492
44399,103.74859309025199,1.3830263317724165
27439,103.69711058245689,1.3494919648252497
27441,103.70074949028835,1.3503404315830272
54441,103.8507605684095,1.3742467625402326
31129,103.68736489832715,1.3699583752957687
51039,103.83890674925755,1.331577835439302
25321,103.65641664188878,1.3176653259532736
75241,103.92982187112193,1.3484391178123756
43481,103.746431337643,1.3598916975701085
55181,103.84387187977296,1.3815192750502143
01012,103.85255464496007,1.2969163850723693
98049,103.97059298803828,1.3695140142094584
44559,103.73785917023565,1.3762266605938807
13119,103.83284656037567,1.2935937135373705
21291,103.70943740535215,1.315983086795199
43489,103.74639599822858,1.3596831274997965
67131,103.90524534875266,1.3876190077631565
23149,103.68416271675224,1.3267958892451388
62219,103.88025324608127,1.3519244472878604
77309,103.93878437780936,1.374311923458532
49109,103.75624148083253,1.4287681762982865
14401,103.80212766970489,1.2721963137748278
43839,103.74831275519087,1.3652774114712904
24611,103.65249411446656,1.3108070496484676
23139,103.68415991458954,1.3251377042235084
54631,103.86697610873115,1.3770378309859488
84591,103.94693695467616,1.3378004059222597
05419,103.84319478512799,1.2748179638517863
53361,103.83028850314734,1.3593117897114166
28311,103.74114085639366,1.3383205071816187
03031,103.85091962963368,1.2821619117517207
58371,103.81882225273948,1.4443748248853305
92091,103.89929820919124,1.3027339770358841
58379,103.81881641259889,1.4441146918704464
68099,103.87065382153358,1.402825045347451
46651,103.79455597807544,1.4329865595428009
22089,103.70086221046733,1.3059019266789935
62021,103.8825851522167,1.3436138001202795
20051,103.74752358468696,1.32258605235351
24219,103.6626326138952,1.3181552900724853
19011,103.78437257831611,1.307729498502356
80029,103.8675966611933,1.3093485291542935
80039,103.87168977321328,1.3099768301126686
43009,103.75106334171195,1.3502658867681512
40269,103.82654413485612,1.341042140137136
54239,103.84324659431812,1.3691899345853382
04159,103.8510420127435,1.2948332307736348
66291,103.86193784270591,1.3659876722642814
23069,103.68585240025499,1.3298955277280347
96021,103.95661778884893,1.3339905241482686
45211,103.76988973031635,1.4103275515113651
22221,103.69792548514279,1.3279011885828071
57029,103.818558446497,1.4038891482880054
29059,103.7424470870539,1.3044456370499575
84341,103.9320723799241,1.3311451064028033
05189,103.84523879863389,1.2820440417208168
84669,103.94416532453901,1.3199972447005368
54009,103.8487004105385,1.3698639988714685
99129,103.98672726011155,1.3900866057174452
09023,103.83168679585945,1.3034813180366591
46161,103.77561418932648,1.4453208295592221
03341,103.86410231649974,1.2768515100022648
63039,103.88542840946319,1.3601953089195857
66339,103.87032540688936,1.3713025465233462
75021,103.92851950978991,1.3515758689959987
22411,103.70387348520538,1.3463079236831583
78179,103.95652445427928,1.3678202383258249
21411,103.71027133000231,1.343999040102554
28131,103.73044219715744,1.3528876785619395
28449,103.73969737845563,1.3364477219241264
63149,103.87456180639217,1.354917105870019
59391,103.84518690737949,1.4302288858099004
28601,103.72316307320806,1.3475206585633295
59139,103.82955089577841,1.4314580524197682
27221,103.6785031154286,1.3463346233352695
99031,103.9818735303286,1.3879331874685739
24681,103.65870495313625,1.3119705234430994
98139,103.97246947679017,1.3740583874453154
58351,103.81494398962721,1.45588454011128
13159,103.83053429418251,1.2979587772084398
63261,103.88916460233447,1.358968315903805
11579,103.80310566791547,1.2925541903431048
43339,103.74382303660147,1.3490815057528835
44881,103.74843170038203,1.375739688854465
40339,103.74088377458466,1.3534253213157246
44591,103.74201196329966,1.3754779247722602
44599,103.74226873245031,1.3754147648832897
59509,103.83759849736147,1.4124018149416233
76279,103.95516060119607,1.3619978667414103
30041,103.72195525820871,1.3746217107240128
22171,103.69637120691915,1.3295484556701094
09048,103.8341848390049,1.3038349928883781
23281,103.67898544571558,1.3064762171557187
23231,103.67511105870433,1.309336094954648
57041,103.82194188262503,1.410748823303064
01029,103.8543968575508,1.29669654818468
21049,103.72006616579236,1.322170979357404
21041,103.72004937656081,1.3210362401296982
04249,103.8502881349253,1.2904806510962765
18049,103.79216816530278,1.2901109000122912
52151,103.84360012404186,1.3379712741799572
85101,103.95073843274244,1.329359851749806
64129,103.8768692793268,1.3798770941155487
10419,103.8125051121852,1.288362332954685
78231,103.95979448429792,1.3734582446428822
63389,103.88236949540381,1.3706692025344849
90021,103.872279418218,1.297202231933131
25391,103.63709014331405,1.3290478808942965
58101,103.82280391666455,1.4466708888843018
49149,103.74319234694856,1.438371045092015
28631,103.74412537563909,1.3405673246493972
63109,103.88985548838568,1.3508393519568422
22069,103.7037146564186,1.3136592285750455
32071,103.70058462048195,1.4160574494541258
44331,103.77082366374228,1.380208759036613
77199,103.9456982928391,1.3770748026280646
64229,103.90213443429208,1.3624165413650176
17389,103.76704531805412,1.2990513676859259
53089,103.82824349971449,1.3640542321751596
44219,103.76926652854641,1.3758194968571082
84619,103.92741445088369,1.3389623484629969
97101,103.96746444269662,1.363254413341368
46589,103.77406234401104,1.4363256813667509
43511,103.74836170174667,1.3450167474888932
24249,103.6722788200046,1.3200116774423412
71089,103.90120020108864,1.3327318892905375
21079,103.72273999686392,1.3134378355817973
20129,103.73758239620761,1.320330130026208
75061,103.93653015840799,1.3407893009694107
22401,103.69710194588153,1.3101510726792778
66201,103.8596691282512,1.3622053631623403
15141,103.80085878756684,1.2728071141782167
12049,103.7766503133748,1.320947097858334
64331,103.88812539683884,1.3714081873369675
03217,103.84782364317162,1.2753726268328915
15209,103.79030378202367,1.2770456845054825
80161,103.8624028614769,1.3002877811075273
22071,103.70699777707856,1.3143348579880016
58429,103.81899238702212,1.4515457369737643
98091,103.96308211852322,1.3643720792412508
46131,103.77703374263847,1.4463087104429684
76101,103.95482509418521,1.3531096805244114
23191,103.68359268168629,1.3196677909765433
42021,103.79231503722426,1.3325620536014882
27519,103.69293544417279,1.340021952425897
44489,103.74534629782374,1.3818073855314166
65101,103.90879408941788,1.407568204655437
61031,103.87046016472944,1.3384904609919013
05019,103.8410637216525,1.281192956382378
65459,103.89764912955516,1.4105071710745334
21271,103.71943404483174,1.3347125332715992
76339,103.94753214828906,1.3454053692899985
97321,103.97444543560617,1.3605724712049234
25499,103.63819249690279,1.3387584180429837
66601,103.88231601520467,1.384836607568504
66609,103.88210989389185,1.3851130767765805
58069,103.83037578630099,1.452151413220724
92199,103.91681379961602,1.3028907177760258
93181,103.91786643420615,1.3033437895153934
67071,103.87701617659332,1.3822017589075308
40039,103.84058265109176,1.3123600915789464
44561,103.74109208831315,1.37789521635333
65341,103.90046040504392,1.4020372261797829
65349,103.9006127201169,1.4022279257976213
44701,103.76880073406656,1.3892605983810593
67739,103.90200475031352,1.379945138794978
51031,103.83859785979566,1.3316022159826375
76169,103.94745946491804,1.352449508483155
98229,103.97469514026382,1.377920906805099
17219,103.76615317143678,1.318207583761005
32119,103.69999176325229,1.3988002870996006
56269,103.83226125638258,1.3674458404870455
24229,103.66622794856212,1.319560617323806
81221,103.89020989016146,1.3197804726248057
80151,103.85672361888986,1.294758341008885
92251,103.90622558242242,1.3000551354902987
55239,103.84802987793677,1.3870699731793819
52169,103.84465708334712,1.3401426007330703
58281,103.81625543715631,1.4450178275877694
50049,103.84187784007835,1.323469354532554
25101,103.64789589741747,1.3342280801564879
22341,103.70096096104844,1.3448833047577518
57129,103.8263996607176,1.4342743071127362
28331,103.73800160996285,1.3420839031310698
32109,103.69774096470091,1.3855843400583214
43239,103.76002353762493,1.3530359057157617
18109,103.78668859760093,1.294089913958878
43761,103.73763479300713,1.3508646032847966
65559,103.89252692624824,1.4041351100735662
93101,103.91984795414189,1.3126454362532078
65611,103.90028346052384,1.4112968732123514
65619,103.89999911862583,1.4115873674610218
14179,103.80639757933238,1.2718980176324914
46201,103.77683594750708,1.4407006321846023
65629,103.9024871004673,1.4165304708093296
46159,103.77329536873854,1.4456595028285062
59341,103.83881404565763,1.4237918589237104
65621,103.90263402001142,1.4161844678605573
65631,103.9053382400793,1.4172309954135482
59591,103.84947249521356,1.4265431185224018
40279,103.84611781718512,1.309765578984416
23349,103.67879937708247,1.3110554153365142
42119,103.77245173831705,1.3463283926331417
47101,103.80912598985485,1.4665803737258842
21269,103.7104805973141,1.3341774875453287
77189,103.94124646752915,1.3755003207497176
68151,103.86569985635202,1.4222401393884598
54049,103.845336361534,1.3734305043444304
77069,103.94075374177973,1.3740170590465943
14391,103.80861468241908,1.2779186484916225
46991,103.79595792718688,1.42764651112597
18271,103.78991299135753,1.2883460372417825
27531,103.68696809700492,1.3404739137545099
14341,103.8135999223903,1.2759015023436369
54251,103.84609592107022,1.3769054466622934
50349,103.85961316111734,1.3192413077760694
28159,103.7214510157124,1.355957571296524
25121,103.65171537043292,1.3305865589000259
44391,103.74871540285646,1.382657935676241
77091,103.94550604105451,1.3804397365114582
52179,103.8479675942264,1.340697349191316
76301,103.95356475765321,1.349093353514099
49229,103.7321047900675,1.4403087759097932
04168,103.85122418022267,1.292072730980297
62139,103.8733131786729,1.3489655793786013
46211,103.767030080555,1.4612206920711486
22441,103.70362013132572,1.342726616136562
67251,103.89990069983564,1.39460082796932
43521,103.75012276218956,1.3675862777560293
47521,103.79818797526349,1.431651870940568
23239,103.67499083779127,1.3091228742008403
80009,103.87179631149284,1.3103956351587156
32111,103.69966702594519,1.398544572930542
45209,103.76645956711451,1.410003597843373
25781,103.6357357846949,1.276443407670417
64521,103.88947296758734,1.3699721355573808
50169,103.84416929188413,1.326487138766366
22399,103.69601405399588,1.3133603317643159
59411,103.84556237077823,1.4250608488511403
43739,103.75461184486436,1.3464611393758854
22509,103.70327938414796,1.3380008290073857
68209,103.87355102750142,1.4114562376953017
70211,103.88685190672044,1.3236506270076105
24601,103.65478968351944,1.3132510971855749
67169,103.89926367864679,1.3824847638713995
58619,103.83012536459329,1.4465568446978163
14381,103.82552085159983,1.2741368240286544
14499,103.80787270384549,1.2729620306780185
58621,103.83423789942817,1.4456655222206376
14359,103.81036993221774,1.2728928884444182
44181,103.74293951374776,1.3744456967326144
62171,103.87462690554466,1.3483172864268265
11091,103.80368638506602,1.3122338542053804
11341,103.79287836397552,1.32565012913193
45189,103.76090756373726,1.411387284628518
24669,103.66289806458424,1.30804602279265
22151,103.69628887257068,1.3211286326891059
66379,103.8728360450984,1.3533282248028515
45119,103.75596610938928,1.4217862212252674
11041,103.79952357822764,1.2963382816612783
59041,103.83262011327952,1.4163042486697415
28199,103.74388643636668,1.3326448607349806
27349,103.69780367824427,1.3468380977022556
97109,103.96694849858476,1.3627905063785057
53329,103.84001715867686,1.361776354256312
53321,103.84022532595291,1.3613785744363558
58249,103.82114977014231,1.4470951998468253
84309,103.92685296377554,1.3280843223793446
14491,103.80788650708392,1.272785167787907
66141,103.87246545642654,1.3630922338012441
65401,103.89880611290275,1.406552023768749
45431,103.75086001348029,1.4006958327447636
44709,103.76848360340247,1.3885811684329121
67721,103.8981801467601,1.3797260643308793
10261,103.82037652756695,1.2909268377221534
44201,103.76732375510964,1.377276636547998
23211,103.68922838638713,1.317892235231686
22459,103.69577624861981,1.3385177131200896
16061,103.77347129993396,1.2905685807059832
82009,103.90173666106625,1.3193923286128422
41119,103.81246601350256,1.3208122949454
58049,103.82702455923811,1.4491702827693316
51049,103.83799001571583,1.3337902938091737
14171,103.80642489836258,1.2714671332608276
46799,103.7997263908933,1.4458528217716307
93091,103.93162807074987,1.3140192054859976
43509,103.75438360195248,1.3434805041347693
23199,103.68318459980651,1.3195261857098322
17241,103.76908081203918,1.315223388366405
84471,103.92203547087067,1.3373669501870622
59249,103.83951961765646,1.4342992669956387
21371,103.70620799588325,1.3451737401141979
27091,103.70383109836,1.3491659227964155
77281,103.93609423997624,1.3784256160170865
26151,103.64257008969608,1.3244930682603708
96169,103.95345823574274,1.3423294510263846
40301,103.74273703393604,1.3534295861261374
22079,103.70809222497984,1.3139490481941785
20101,103.76217034445608,1.3199928596253367
43571,103.75148303692907,1.3592840525968257
44211,103.76929009808458,1.37605559338736
31011,103.69378331190957,1.3599356189072034
41131,103.81457328987975,1.3298440524977182
29029,103.73494376889111,1.3135953003951175
52501,103.85006122408025,1.3309210812627235
25071,103.64318189299358,1.3295485191863132
12101,103.77769261419297,1.3325210549591113
84241,103.94002516865656,1.3285303491299605
65259,103.90309555896431,1.4050300523653811
21761,103.72471587669128,1.3284744691239663
10371,103.82444709022971,1.2835787332818764
44521,103.7425530531554,1.380821576491968
26141,103.64030922250284,1.3266526037714825
04111,103.8512707113165,1.2940053627669221
08041,103.84779581853401,1.2980886220241143
44679,103.76597669395736,1.3835775745989118
54039,103.84565805197757,1.370793584550942
66121,103.86774864177791,1.362444560865942
76071,103.94517976555748,1.348076100066012
05521,103.84056796681189,1.2767887123121526
26119,103.65378681056208,1.3149533971245753
21689,103.71439229764655,1.3424772196953025
63179,103.87394163116615,1.3599616099116494
28369,103.72745824575087,1.3444724436149271
63041,103.88762050115223,1.3627005953121736
59431,103.83771956777876,1.4178066734287524
23391,103.69214912351079,1.3048138826415
56069,103.8232522353656,1.385290822911502
01121,103.85878421385488,1.3040316334377138
67159,103.90229633110164,1.3844299242402478
97061,103.97536773810931,1.3658640170036809
46521,103.77448973495397,1.4324142813842322
45129,103.75860593590515,1.4238146522753936
62119,103.87098539916036,1.3447766485025596
84529,103.93431255468195,1.3320825295163017
97161,103.96776686236144,1.346879044995096
49141,103.7436580564732,1.438305395973641
44231,103.76937534072823,1.3791372067264656
42061,103.78033110763734,1.336893710607461
46459,103.78933356265472,1.4441414201108649
62229,103.88213517168691,1.3510909471044836
46941,103.80539559398746,1.4516418125623525
95179,104.00224284396137,1.3764334194440777
22081,103.7004181126692,1.305973704028792
92101,103.90136045795742,1.3037386396672288
02089,103.85932641033574,1.291546523748411
21641,103.72500778764777,1.3363815650621653
77301,103.93862371458412,1.3742568232485544
46659,103.79417082321588,1.4327397973450757
40051,103.83562594648373,1.316618369193342
26269,103.62892909830694,1.314331215254329
65039,103.90192355726627,1.3872438703329364
27129,103.69520548567417,1.357288322438436
70319,103.87907553533324,1.3232179638847152
94059,103.94791197337152,1.3170518280971868
90011,103.86932251238542,1.2971207312397963
70121,103.88120192715888,1.3319244609576972
95051,103.99616041771077,1.3752298644881362
63321,103.88138413320301,1.369143701701701
55141,103.83905386021678,1.3814125594803461
07529,103.85479299043966,1.3044597193397247
92149,103.91421034909897,1.3092826579306105
04029,103.85104130951379,1.299662926671523
28519,103.72458073567473,1.350576143152361
59381,103.84189946899978,1.431862788381568
21681,103.71454608631846,1.3422079596029521
28201,103.74192720185891,1.3320753007691095
44259,103.76290689036392,1.3802697283429395
75299,103.93106436886696,1.362507730574143
78199,103.96186337916888,1.3646794518117347
32061,103.70005866307572,1.4114888850922669
84429,103.93013268055019,1.3323012503560152
28661,103.74940821337033,1.3366565436011977
58329,103.81661447704204,1.4505212122208053
43249,103.76198077317763,1.355586937487277
31071,103.69625613279851,1.3784680904512616
45361,103.7499512800367,1.3923645170250365
13063,103.82961363317384,1.2954611645476486
10409,103.81098218895163,1.2879290116529065
59259,103.83382470901363,1.43711697534644
84439,103.9501891433151,1.3348149448057949
22569,103.7044856635351,1.3346583394769036
23409,103.68930151227852,1.303513463932702
92109,103.90154789412169,1.303621073557434
96229,103.95802813109813,1.3312361309979095
65091,103.90655160384276,1.404007981078493
17369,103.76385660873827,1.298369175680634
19081,103.78275066249978,1.302737506629831
44811,103.761326919929,1.3867816448196761
78159,103.96056329327486,1.3725593093351798
56029,103.82869359037383,1.3735922132880503
56039,103.82852353570287,1.37671697499737
10421,103.81503650993186,1.2889126087774188
62261,103.9029097347248,1.3745399709880615
10059,103.83261805197016,1.2774400461039124
52391,103.85987970089353,1.3376486919967456
63301,103.88524154898431,1.3514624665150126
28591,103.72543475493647,1.346448816887804
18149,103.78724731535024,1.3026056303729059
64251,103.8821992590094,1.3771483314640511
10209,103.81679900381972,1.2894403756709771
10439,103.81425446724145,1.287486066048293
10201,103.81654164221355,1.2893826999168596
31131,103.69008229511216,1.3720434307627736
03411,103.86305936740305,1.2716443341641517
62109,103.87389941741483,1.3436644939482034
15109,103.78585694599687,1.2858529098234468
52141,103.84326105778607,1.3362680985477398
25379,103.64897048242678,1.3242244308495161
78279,103.9643730929337,1.3792895532268115
16071,103.77114975183459,1.2912645342985531
22219,103.70256849718454,1.3276513170471687
21301,103.70999226326558,1.3186396406289054
43561,103.75289302483206,1.3573762315664277
46031,103.76191640653754,1.4336250629469174
60261,103.86894574454817,1.3314796086093468
53251,103.8519512609739,1.3468502296112226
46039,103.76202450441176,1.4330533089994593
21339,103.70829957983796,1.330406997882794
11229,103.80529423989822,1.3105561091993676
58009,103.82014855067695,1.44761673259639
67549,103.88642579961505,1.3944782506111861
30049,103.72375216799395,1.3743309197185187
25551,103.64591390153754,1.3254875735861316
25559,103.64589819635377,1.3256713382913328
25579,103.63488125246447,1.31553407288238
25571,103.63519366056944,1.3153158759784132
25589,103.64841109485158,1.3283580542187186
65381,103.90983515200853,1.4021601508907096
65389,103.90994944876259,1.4020450488216456
25599,103.63562056269998,1.309528932083805
25591,103.63518259253667,1.3101992373296099
25601,103.63457453299762,1.301299630562951
25609,103.6343876467257,1.3015956034959153
25611,103.632972358239,1.2975449136188375
25621,103.63189124702846,1.294433305201393
25631,103.6313950764603,1.2901552286174591
28379,103.72407006627454,1.3451476643185818
65539,103.89360098728571,1.4022149685641425
58221,103.81696535724159,1.448551292866805
58119,103.82104443703604,1.4509526014433052
58321,103.81609972664896,1.4501828153653897
76541,103.94063255681698,1.3602496326126685
67769,103.88770994490368,1.3961257375142835
75289,103.93348239421097,1.3605823305326457
45161,103.75467498740372,1.402707977463798
84349,103.932255644536,1.3308936769924506
99099,103.9798728482208,1.3907403388761923
33041,103.70595589415308,1.4276617697272507
77111,103.94633715658931,1.3822402173992148
49121,103.75493386993891,1.4353427654373692
76389,103.95232863645398,1.3593935801708412
23019,103.69265473025116,1.3230517926398353
26251,103.62973287450778,1.3174846733469197
63099,103.89100220923979,1.353659186834224
28269,103.73501726695204,1.3364457056562566
84449,103.93154348030951,1.3332917920518406
64051,103.89770562129425,1.3723334587020335
84459,103.9183156500053,1.3363738084006058
12051,103.77362344088301,1.3197545310373309
82089,103.89428093843115,1.310870517313087
64339,103.88699002853974,1.3714013273926904
44241,103.76590841586082,1.381152427701582
82079,103.89521608125504,1.307983587342186
28699,103.75715986480809,1.3357222003457687
97149,103.9679461575585,1.3518527642967761
10249,103.82410936768223,1.2909102834285604
64091,103.88148276361456,1.3775301694834452
97141,103.96794144138194,1.3522347308567195
28399,103.71967245312713,1.3496811507082491
02119,103.85527893013878,1.2917846045407717
56081,103.81822329239769,1.3917443111924266
21119,103.71193199942692,1.3139879953955549
18319,103.77800300343502,1.2975471758550046
46359,103.78277892572126,1.4306515966515216
81031,103.88613706039261,1.315823175202092
64469,103.88560395489303,1.3795460384316298
01211,103.86056879083894,1.3055490544468782
13021,103.81435039066459,1.3063367166787447
98069,103.97672730594974,1.3756459584791512
28481,103.734211011843,1.3460913534631582
60061,103.87406897614353,1.3226927109364024
46579,103.77551107624492,1.4348998172139245
56201,103.83230269095853,1.3806315653988495
14299,103.82136320551193,1.2748832563367887
67509,103.90428718651125,1.384041927564264
99161,103.9930284029265,1.390232500071131
28401,103.71852682149017,1.3506656906030983
46361,103.77380042063098,1.4274762705664747
25369,103.651437411166,1.3250981455582065
84541,103.92520023870874,1.3275579050578306
10219,103.81181573228754,1.290880808651375
17149,103.76352118721142,1.3115875273940163
28381,103.72127010930762,1.346338437562035
32079,103.70024635740506,1.4151043505024241
21419,103.71060533282558,1.3438100470826366
70321,103.87685420713574,1.3224959297402654
07319,103.85859664498264,1.3103235598495966
28019,103.75898170082247,1.3249176365818318
55329,103.84726699559793,1.3789683599158722
51041,103.83787567558731,1.3334994313916988
29031,103.73539151536623,1.316575430516833
70081,103.89507315839528,1.3323207223284388
05319,103.8491814421082,1.284444482269488
77321,103.94837197905849,1.373169335334115
59089,103.83158507070132,1.4240548393551171
55009,103.84767654774555,1.385890384284007
44659,103.76288181894569,1.384883330770032
44511,103.74052609941319,1.379445799705437
20109,103.7620904048219,1.3208136915062183
28391,103.71935111969599,1.349852356744991
71099,103.90379487611374,1.3301690585297359
52181,103.84652918915506,1.3329830151016053
54429,103.85824715837016,1.3703671533954367
84191,103.93531697913721,1.3257468153766165
92041,103.90503695764693,1.3027347001259604
02151,103.85786931501956,1.2932395299813944
43309,103.7619510004774,1.3586711649236203
60059,103.86591453262405,1.3143071401549244
25221,103.65162049370217,1.3346516219957332
64221,103.9009321603278,1.36266199912093
46191,103.78056473236454,1.4397696249119398
71111,103.90051744037594,1.3267145814288541
71149,103.89706589540037,1.3288658279865584
98149,103.97420176061226,1.3758139973310446
80279,103.8834204483139,1.305200001445442
31171,103.70423564069219,1.3723949945706442
50229,103.8528362568264,1.3210083660112153
50221,103.85303305436624,1.3213730775074595
63199,103.8738618700162,1.3632498430330977
46541,103.78085699109421,1.4333085223269555
08031,103.8453511621245,1.298390425958802
19079,103.78009144200726,1.3061108554311587
50089,103.8505241950098,1.3165421296490596
50081,103.85036002947251,1.3164985729639724
65431,103.89676443394947,1.4023583264580683
11109,103.8057031317235,1.3154600597716524
44471,103.74795742673513,1.3804946815708166
07419,103.85612220476071,1.3065374302913766
43441,103.7590672866461,1.3517290221324103
96289,103.94836154091072,1.3400741637652251
70161,103.8832920571704,1.3275665918036796
70231,103.8840165122016,1.3261511872249934
28089,103.7363966903963,1.3401424323174496
44899,103.74949016221906,1.3743685245910813
44891,103.74925575211864,1.3740304833942016
44879,103.74702642132016,1.374246946840133
44871,103.74672521357986,1.374234693504512
44889,103.74832724757721,1.3755153858451243
95159,103.98194373233807,1.3411531665554441
82111,103.89378770847178,1.316155546903812
58259,103.81889682598883,1.4477365151258217
16111,103.78264410704107,1.2871585565267272
65111,103.9092628144383,1.4133728362539384
91061,103.89255476086478,1.3006339693224358
49159,103.74573343934085,1.437070341917005
81099,103.88196052322752,1.3197640047702606
40091,103.82347457796254,1.3210148072585397
53169,103.84242875705937,1.3619979182888693
30109,103.73827707418116,1.3737301643460307
30101,103.73865223480234,1.3738388123238898
40309,103.7430276684247,1.3536826360702015
26059,103.64078843194342,1.3167296750921342
24381,103.66533622489752,1.306923969583211
24671,103.66109286986699,1.30969819276454
21461,103.71797267652279,1.3273182828777412
21489,103.71269883303822,1.3263074288829526
71139,103.90114417452045,1.3307336797376115
26249,103.63104198019926,1.320074392747133
42111,103.77257071503337,1.3458553336877739
62011,103.88335920790746,1.3421484982397074
62019,103.88374358203907,1.3424506835757286
62029,103.88274599377849,1.3441581480999667
31159,103.69616291198321,1.3732513183659136
45009,103.76320130356977,1.3783031316700467
45469,103.74425282046826,1.3923389426186943
45341,103.74542610804748,1.3974172177438118
98109,103.96581288188814,1.3669945961459027
63221,103.88570227733766,1.3586989314517697
03041,103.8488498361157,1.2819118882192682
43501,103.75422580142732,1.3437861919884486
63029,103.88227182655955,1.3573431324162615
98111,103.96428956119614,1.3673767215966341
63021,103.88148934809765,1.3570444557649117
63011,103.87834166185353,1.3544041036456385
23129,103.68563981904202,1.3246822104515863
10501,103.82522194256165,1.281099285599597
63219,103.87622346291518,1.3684585635578184
67091,103.8689756852996,1.392876367022981
16039,103.7787534319654,1.2879599832085549
46911,103.8102581499716,1.4507107811337643
10391,103.8312674653477,1.276300613337336
49079,103.7472342199422,1.4293393131212213
54299,103.85826518653363,1.3689029314920647
47539,103.79797949401494,1.4292650847498944
78191,103.96182825204802,1.3649602599218367
66489,103.8789124485516,1.3788907038542815
47119,103.81069174858959,1.4664325331195236
18179,103.7930138392738,1.2998825552005258
14151,103.81284767144633,1.2697227621239546
66561,103.88249161359815,1.3834663027712746
75381,103.92657216794784,1.3731528801750514
84161,103.93238508295089,1.3216903666702544
10519,103.82614197493307,1.2916685077190717
84251,103.93887669104666,1.333470590363779
24149,103.67459101231458,1.3275383310372677
83149,103.90877462132168,1.3173761774060784
10179,103.82398710144655,1.2871740722561213
27069,103.68382938870103,1.3500110682773834
76089,103.94914464304748,1.3491169144777522
44101,103.7469029411182,1.3771789565987949
10309,103.81077766339769,1.2963528042911632
59419,103.84595799008487,1.4252434838848602
65031,103.9016400882837,1.3871942018967278
66131,103.87025817375516,1.3634633276774732
76459,103.95866641600705,1.3521016137628616
11279,103.79071690674812,1.3146270418027977
85019,103.9553630189283,1.3212963621312137
49139,103.7534939611428,1.4079831615240364
64379,103.89265221741533,1.3747377381708157
28339,103.73743688725551,1.3426610627054365
14101,103.82823290330549,1.2683208007454594
48039,103.7831329205743,1.4107348061068568
31139,103.69037569705984,1.372110606303186
41041,103.81021162123159,1.3240027401163654
46331,103.7881578956927,1.433129262272537
43319,103.75776719977495,1.3396198442389282
29091,103.75256548964235,1.2994353797401612
21311,103.70956506152135,1.3232673327885862
75009,103.94364418358565,1.3548018936451303
68091,103.87073657067319,1.4024015195782986
52071,103.843904586082,1.3299302810700797
59311,103.8321808822669,1.4260041372498995
29101,103.7500375583015,1.298594340041237
21441,103.71329690817083,1.3463443970580784
67301,103.88700039009613,1.3888454324777286
44239,103.76978447797438,1.3784686135612363
58331,103.82405810943773,1.4497676282084635
43267,103.76451121837863,1.361279939186747
57059,103.82355535891608,1.414651709152172
67199,103.89680228061226,1.3887891546014068
44389,103.77459495446996,1.371570459922855
84549,103.92507543322152,1.3272660743525733
63181,103.87342561579119,1.360826692628068
44269,103.77415138664813,1.3757770056757803
63351,103.88777664687346,1.3691235849973955
44139,103.75532434474125,1.3768053832815652
97171,103.9699980363397,1.3456827152408881
21579,103.72313273363135,1.3300451856131799
15101,103.78558611038555,1.286167907587017
07011,103.84982443270351,1.3010508979290138
11429,103.79843300040343,1.3045326215426518
10651,103.81542483009669,1.2833166767428226
75271,103.93591849122309,1.3602333695468793
48041,103.78898712929396,1.412703645058158
96251,103.95140056917711,1.3403134003210049
96259,103.95135460453828,1.3405422741098711
96281,103.94847000485747,1.3393996216478885
66331,103.87040226249242,1.3717081426707203
22021,103.70346018634113,1.3217194034017608
75059,103.94006504738985,1.3446816213959312
76129,103.93794240945017,1.3497920762085431
76121,103.93820095266834,1.350151750030043
75051,103.94022669841517,1.3450572811974773
42189,103.76965717853335,1.343746289484429
24421,103.65939748405192,1.3047068366632029
84451,103.91805207258733,1.335741888109118
82141,103.90254863384828,1.3107999578354763
14159,103.81318989550668,1.2699329265859498
64041,103.89537925167255,1.3702197475697142
10239,103.82875442141074,1.2906106094947019
27211,103.68042927005445,1.3479011716372773
22061,103.70472273559496,1.3142653476006918
80091,103.88104914924699,1.3149033064568405
24541,103.65568845101487,1.3027190901435586
10441,103.81162751865764,1.2865981187136735
99049,103.9856585866724,1.3874996288033126
48109,103.81397683644185,1.4021964210982625
27369,103.69409940899723,1.3429213128200943
27171,103.69154910086976,1.3561273053285088
10319,103.8141550751519,1.2940861314952243
54479,103.85315183233341,1.3758195642448534
46391,103.79314656236234,1.4392309664469094
17129,103.76994326687087,1.3051174981533138
27459,103.704033154348,1.3514559946363898
25479,103.64151519524668,1.3355729500679403
19091,103.78210879988659,1.3074907542006953
67139,103.90420707452495,1.3872020137904715
81069,103.89087841741718,1.314743580735859
03011,103.85336804399174,1.2857049446687905
98101,103.96532844270742,1.3671390423507983
14309,103.82311754335451,1.271276927712554
96161,103.95347099860011,1.3419925970705917
60179,103.86831712328716,1.3260222983756413
16079,103.77073061905377,1.291523981548513
92161,103.8965601357437,1.3038579083295754
41011,103.81888520804014,1.3223523128077301
26279,103.62781990600489,1.3113102340679137
53129,103.83975331894257,1.3496134516083131
16019,103.7822745397406,1.282700200995527
92239,103.91270438244058,1.3043789180207204
84351,103.93417374896245,1.3276415658016496
84359,103.93398756356295,1.3278927539836496
04321,103.8430644282984,1.2921991289534334
04329,103.84328514416674,1.2919031810276294
28211,103.74079519069667,1.3341792931076146
24269,103.67659252604841,1.3180245938112511
66109,103.87453921793464,1.370022550726102
81231,103.88187291257567,1.313907959708633
76099,103.95240094559975,1.3502430701437258
14379,103.82377378042008,1.2724584161781063
23171,103.6910981809935,1.3279049257459645
22331,103.70313169860862,1.3048796018956905
83059,103.9122802710489,1.3189282837904108
77319,103.93759574828967,1.3755239414187383
59639,103.84411468650868,1.4231882459700416
26399,103.62736894889188,1.2895145733585047
83331,103.91267796554698,1.3235280705232304
43841,103.74745167722344,1.3619658075157575
27381,103.69858919039548,1.3481690466839114
85049,103.95130222754892,1.3266506118893167
21341,103.70896564684948,1.3352856030822187
07241,103.85895801431121,1.3156227358020323
99131,103.98735879934361,1.3888974663904339
24359,103.6685668722821,1.2981504722102506
57031,103.82014758984292,1.4071131720618804
96111,103.953319920574,1.3337091899707298
25469,103.63270532764804,1.3293213066069165
47579,103.7959260512762,1.4333155537720557
52259,103.85165596233938,1.33273031710989
10361,103.82355332078846,1.2804090819903953
16161,103.7736898748686,1.3010820528423128
46539,103.77814819206384,1.4320867139800655
46009,103.78691758933775,1.4374151171456122
59119,103.8280499769765,1.4303747156434974
97209,103.97321086027299,1.3622524260456015
96191,103.95772819551455,1.3428745603696668
77119,103.94653126142191,1.3822303523553323
43251,103.76324892843492,1.358658558348644
54319,103.85300270249544,1.3619196643597231
56251,103.83441570288191,1.3762967532239658
53339,103.83682316155115,1.363108133394166
46059,103.76650438169268,1.4386886873022007
23401,103.6894803051841,1.3034212727114636
81189,103.88842849976994,1.3082099334739672
84269,103.9418637867192,1.3340251090620265
43129,103.76758454541802,1.371614661719607
18269,103.78917020009263,1.2900703275603294
50159,103.85324413116179,1.324592500677429
63319,103.87801864026544,1.3692218165263546
27291,103.6865036893899,1.34779085034231
96109,103.95068597843478,1.3373223242749932
58391,103.82249805432923,1.4443200247925596
53201,103.83852252570304,1.361334406861214
16139,103.76975003171319,1.2952442567116889
34059,103.70786531666788,1.4423024080848705
50179,103.84643469018471,1.3264216047175672
43499,103.74687317524396,1.362633163414944
43781,103.73872236091304,1.3589595365735252
25339,103.6540137155164,1.3201484068276739
27399,103.69646508386882,1.3486529753887384
96071,103.95321012296121,1.335499664107845
47509,103.79485290259672,1.4303316496734648
44071,103.73628760952857,1.376839890494144
83171,103.91896919084375,1.3147318590415635
34039,103.70811946050638,1.436581580968703
59129,103.83030634804277,1.4349301837964743
49039,103.7513766895561,1.4165627959442424
66009,103.8717395604855,1.3504589408467937
98291,103.96517403569037,1.357120497688512
26299,103.62557041607565,1.3052006895610175
22549,103.69789477072969,1.3346543674908629
21349,103.70922283186815,1.3349898561912608
67049,103.86990151562247,1.3877554760135813
32101,103.69743957636719,1.385402385925542
50111,103.8464767435538,1.3187589619978404
81049,103.88734567275795,1.3140386222754044
56019,103.82862334634945,1.3694422265892643
75231,103.93281646174941,1.3470209208384845
76401,103.95092605185296,1.354949273013084
43569,103.7531352127629,1.3573628532723603
67459,103.88910539415129,1.382932986150633
75089,103.93411969989724,1.3497534215845222
67511,103.90631215762757,1.3860416764559245
92191,103.91478150624276,1.3024707556315724
28671,103.75229266468081,1.3372054631998733
58541,103.83041916122066,1.4427639627149877
60181,103.86734278971593,1.3270192562774583
59211,103.8381465781627,1.4403531952756745
16081,103.76860446717467,1.2919734738721371
26259,103.63009122294899,1.3174798282941056
47089,103.80389469804322,1.4622543885808224
20159,103.74658594308632,1.3184605035773869
46008,103.78571304262566,1.436920240789012
01529,103.86038723915628,1.3003842631930809
40251,103.82236098018058,1.3405621677784458
93129,103.92483600870148,1.3113415524116994
52201,103.84654415274612,1.3391928565759175
67741,103.87572810679868,1.3967322765762025
43219,103.75462536439892,1.3413309517649612
84031,103.93013373732681,1.3242903956887815
42241,103.7671515392539,1.3371449366455619
84111,103.93581639236092,1.3196208762693538
66051,103.87199292041326,1.355864004230905
78119,103.95806601356341,1.3756685273735363
44221,103.77103533564278,1.376359530514799
68239,103.8730341423959,1.4140188327305172
13081,103.83629247992477,1.2959186077584397
76559,103.94360462565291,1.355645418072968
67729,103.89877719787472,1.3794723865457132
68019,103.8705598263868,1.3910181141663465
97031,103.9685697645393,1.3548722119613223
67711,103.89479356601386,1.380179296163816
22511,103.70020256698429,1.3374615311012508
98301,103.96487994627272,1.3600196749165943
95181,104.00197436675339,1.3768924864236993
47099,103.80506489500233,1.4638270528608097
21471,103.71541047374102,1.3267460171256353
72079,103.91205140709941,1.3320641891586724
59811,103.85210740373316,1.4275264592862333
65681,103.90852949929737,1.4181225719099986
40111,103.83265281450298,1.3180489005376759
59791,103.85357493697828,1.4259841013411174
58209,103.8306237311443,1.4552524954171138
11169,103.79869292145563,1.3024051933228453
15111,103.78484140201631,1.286757807755841
82229,103.90053331906624,1.3174702515968728
64179,103.91284255450717,1.374143036874361
45251,103.74005706494818,1.3912827918374404
93069,103.9223430942907,1.3116174728644088
43619,103.75868624002963,1.3439459606775601
66221,103.86262344181083,1.3683671374743969
75139,103.9360065015857,1.3556424949488126
45221,103.75790249088574,1.411902897090304
75008,103.94355797728116,1.3549022827590567
12039,103.78028533828997,1.3210350113820253
64021,103.8966353085986,1.3779639029539443
18199,103.79413270264166,1.2956264241838562
59461,103.84691404163807,1.4233548773157922
70181,103.88696849553854,1.328815399662141
49129,103.7552163228199,1.4348552701832158
55281,103.82881306921476,1.398108649626703
54471,103.85333931948247,1.3761416727752045
07589,103.85542303883634,1.3032400098335974
52129,103.8593821666379,1.3254301752545206
55269,103.83685982870159,1.3925687131691535
77201,103.94268591582141,1.3786897001536906
13099,103.83957425630975,1.2957741783154961
46999,103.79571981656333,1.4273623543528082
45249,103.74087176489255,1.3884998605572325
58389,103.81358798595048,1.4477479195813787
78229,103.960973969685,1.37413000042608
43389,103.74828875222467,1.3474778489104964
43869,103.76854546117148,1.3649233931886988
53221,103.84846004360668,1.348156897738299
78079,103.95690391787416,1.3700382374786517
44051,103.75777178893948,1.3846436083389821
29069,103.74595783424094,1.3029961159786934
44791,103.76069450292047,1.3837463637233407
43811,103.76497088570116,1.3583657026723417
16049,103.77742682510072,1.2891179061335483
83129,103.91061872167666,1.312994208105262
21021,103.72370272186583,1.324180814501609
78101,103.9539433660506,1.3750619045469763
17239,103.76583912624538,1.3124165685783822
46559,103.78126163222508,1.4355091263433328
96089,103.95585299798425,1.3364213559566973
41089,103.79996202041686,1.33043881166835
17159,103.76979804620032,1.3120225428934915
77139,103.94646352011615,1.3751177393934821
51111,103.83288096517614,1.3406694012693563
64561,103.8870041225575,1.37715501110175
59359,103.84074435395142,1.4283961534120289
52321,103.85262693019895,1.3312399078787218
66359,103.8733426376366,1.3507549982424003
12071,103.77219979916244,1.3240536443315316
21509,103.70999689082679,1.3310857111179113
46869,103.80044084988276,1.4350290435083817
84279,103.94437284081418,1.3366169111566546
16189,103.77287291939389,1.2974261839937022
28289,103.73573566680673,1.3419171110314996
84149,103.93823535950351,1.3204773043562232
45199,103.76315714540088,1.4103634673701142
43291,103.76141882662081,1.3580405462121263
11281,103.78847308103224,1.3162386239472286
58451,103.81535978831975,1.4600100528648134
46821,103.7975211846199,1.4421496181419322
84379,103.92644141186163,1.3303668037985452
12109,103.77797261155555,1.331068941883847
84121,103.93160735237966,1.3185044198406215
84299,103.94781682500717,1.3384386422654404
50199,103.85054148523436,1.3249479679791087
14109,103.8272121072724,1.268095400006203
10269,103.82050695921819,1.2912409514288288
41141,103.81801222372425,1.3349909171459056
66069,103.86268961796378,1.343535854901637
01549,103.85875874608081,1.3006865704625463
52299,103.85235973842624,1.3371122986794561
58131,103.82045310292902,1.4562623719193515
58181,103.82632900715926,1.4596753639981817
96231,103.96078968521518,1.330050576091472
57121,103.82632114774647,1.433400380355357
25439,103.63646077304004,1.3391958601476837
27189,103.68910582648122,1.3560879749922075
93161,103.92793758555484,1.3065445730153271
44299,103.75137645306856,1.3817676541398412
58339,103.82426260651448,1.4493783864035406
64219,103.89829951451541,1.3619359845780052
70381,103.88739247273661,1.3281287500413448
84219,103.93483495841183,1.329334214317477
76429,103.95954090604768,1.3537184710363817
66369,103.86822015180897,1.3535618933143616
13062,103.828484897627,1.2948266430764972
47031,103.78820580064873,1.4517850058442994
42249,103.7669327175458,1.3369940068306756
46489,103.80151927150753,1.4494816028535071
12201,103.76397613085075,1.326693410521304
21299,103.70993738221325,1.315778639878085
67639,103.87595243367754,1.3929317738732567
17181,103.76395437580878,1.317343618520265
54451,103.84067211488264,1.3772493396984034
67231,103.90399809716813,1.3932169919636619
82081,103.8941305513288,1.3104333956447862
22329,103.70505148797486,1.330250785997417
67179,103.89792729159595,1.3874270981351844
56071,103.81960754562586,1.38720502683639
59149,103.83225086511847,1.4306356331806638
45241,103.74047097820039,1.388549724888329
26349,103.6298896259461,1.3119544968082344
70299,103.8875338776626,1.3375124664956628
53149,103.84164365860063,1.3555950531191128
63331,103.88499674202632,1.3683804569017812
77161,103.93657163260818,1.3774895951681019
16069,103.77323746285154,1.2907907114638826
45441,103.74745772723963,1.4319115364302786
44569,103.74125941247271,1.3781492340299037
24129,103.66987695782018,1.3261174817025279
25461,103.63290204350199,1.3293782005345383
14271,103.81920202961933,1.275626254374323
22059,103.69785149145541,1.3144762202363292
78211,103.96242828652925,1.3679353814283866
46101,103.76763439576119,1.4445239751151724
65199,103.90543466515112,1.3959872510410574
20029,103.75771418751255,1.3177225894708058
71159,103.8944995657684,1.327857611433484
99111,103.9841872396548,1.391766437297634
46671,103.79467007603039,1.4369022061596923
76449,103.96106860759683,1.3520916419824769
44671,103.76604892882573,1.3837607482645564
98079,103.97870826731098,1.3785205636993216
98039,103.96837837197108,1.3672513959918613
53189,103.83687452981466,1.354974200618721
27431,103.69732072395836,1.3494003295302253
44441,103.74758723895118,1.37923515340925
66451,103.86859038281537,1.3787196750462738
71071,103.89790672004933,1.3363276508749777
68059,103.87245042306597,1.3997761683915546
21431,103.71246278284629,1.347557166207812
27419,103.69287714740672,1.3457240548453102
64371,103.89291284357657,1.3744086336690946
29089,103.75278503313021,1.3014618591966483
11221,103.80535517163848,1.3100469453690553
13091,103.83938918824173,1.2959625850919883
75291,103.93077719453767,1.3614185066441118
27449,103.70115002283532,1.350540126717025
66211,103.8610474883455,1.3641605206735627
21531,103.71632628675371,1.3318990399212531
77221,103.9382121983084,1.379464709091654
64449,103.88865107602665,1.379725893190971
54321,103.85240956121989,1.3639057399550043
64099,103.88158847673486,1.3778234525460742
64089,103.88019856860791,1.3760829570233502
64081,103.88007539253046,1.37595610523013
25771,103.63238655969516,1.2742410377311477
25821,103.65175271724154,1.3181988546325933
25661,103.63992960989437,1.2933798341279341
25669,103.63951166777633,1.2933439098174033
25719,103.6248527872114,1.289008365792736
25711,103.62513999434388,1.2887729396041037
25741,103.62720095907802,1.2804527637848713
30119,103.73982776457954,1.3730091175667427
30111,103.74292432238616,1.372488205781988
30129,103.74413958911389,1.3719088352606779
30121,103.74472539102753,1.3721086554077904
81201,103.8830655860247,1.3187045235978083
21179,103.7193014341395,1.3258274367827976
67561,103.87704523442456,1.3954408279937744
92209,103.91149873533796,1.3109426736395864
52161,103.84546204650121,1.3409528730690687
92289,103.91279380116421,1.3017965456485363
51021,103.83922688747126,1.3303048728220186
83329,103.91378715192259,1.3218991922654042
58271,103.81480635681156,1.4465008151851384
40249,103.82733409872849,1.3248852506689954
22461,103.69615331318248,1.3360123280821812
43019,103.77110987869686,1.348189756539897
04339,103.84465725317285,1.2925363138368438
21261,103.71028475769191,1.3339869963545339
95041,103.99566227912887,1.3725683291910147
44029,103.762096621685,1.3785684326039955
64119,103.877125405214,1.3766790106357738
27231,103.67906419192217,1.3412429048790198
64431,103.88928632400543,1.3781673157841552
45121,103.75868859941636,1.4240533001129327
23089,103.678704943164,1.3304265191826765
54391,103.84824580394444,1.3715927175383689
43719,103.76079007734184,1.3687209439374386
84639,103.9293609201021,1.3385913334640553
98171,103.97468549352705,1.3821272443816504
27361,103.6944115370077,1.3428012431987872
44281,103.75420620709173,1.3810605512155913
17029,103.76710294981544,1.296908344365997
77311,103.93693541085771,1.3757515460108076
62161,103.8760155812628,1.3474916899531262
07571,103.85106785420705,1.3006760492435343
67111,103.9024211126849,1.391058663497946
07518,103.85214890478598,1.300926540453098
93201,103.9277138328431,1.3092049982716365
07517,103.85243423151957,1.3012804334031591
47111,103.81101227284941,1.4661671147262594
66361,103.86820441264584,1.3526240759595398
65231,103.9158216309141,1.3943649981752917
28689,103.75435327638594,1.3373406698480945
59511,103.82896464059671,1.427169976837548
44371,103.77268395472286,1.3739929248200622
21679,103.72353825894756,1.3377340057178995
04223,103.84855208522501,1.2908014846666775
64601,103.88456325020243,1.3755032617160987
83361,103.91446269983703,1.3284568569989121
61079,103.8651674972098,1.3359968695377167
64139,103.90670443761,1.363212597445076
83199,103.91628877406377,1.3173617222784753
25501,103.6436866873224,1.3337538520576644
02141,103.85936381638156,1.2958417232745278
63241,103.89209614480956,1.3641654939643155
75341,103.93393177614459,1.33834698910533
96171,103.95585230542038,1.342252096241278
53399,103.84705980786282,1.3545979213808381
65801,103.88573045017719,1.3904872973746711
83231,103.92217546761168,1.3172916532666232
59339,103.83371038188768,1.4227414902170545
84089,103.94011445059412,1.320697045569512
46341,103.78624741632358,1.4317116355851427
09179,103.83052888338385,1.3058779867396835
97059,103.97090810401374,1.360691913267422
58421,103.81900133250986,1.4512748792215666
98051,103.97378927818241,1.3731033618362458
54331,103.85055645349352,1.3672318095862663
75161,103.9345376943216,1.3531995001538732
59019,103.82763406913554,1.4021199483657478
67631,103.87559865200177,1.3923532008407118
82221,103.89899136846505,1.3177451192623122
46609,103.76165891007521,1.4617777465570365
97049,103.96970714037337,1.358113585830031
47601,103.80337742619474,1.4422709051808462
63161,103.87527348416417,1.3572276354503425
70269,103.89016210697031,1.3281852392185984
42169,103.77371628987848,1.340391736590658
65159,103.90607675987943,1.3990372643409015
14291,103.821267130299,1.274717772471657
21601,103.72106019608965,1.3373454799180167
66511,103.87165167539875,1.375740305065702
57149,103.81685804189239,1.4024033662914588
26379,103.6219215214098,1.2937388255349307
41159,103.8194580246407,1.3376595173486523
42191,103.76692778462504,1.3464189280970806
46689,103.79600340059051,1.4359146589260703
66499,103.8832214633186,1.3791165450939513
84021,103.92515372683596,1.3233851801687257
94009,103.95262124456043,1.3177697095399878
52389,103.858020256613,1.3397326990917453
43121,103.76672588366425,1.371207865904238
21369,103.70805345363729,1.3430611038243516
22051,103.69878240837645,1.3146107007071588
14241,103.81689447942455,1.2792832228411708
23361,103.67879609309561,1.31916037331219
19071,103.78109617122577,1.3051410426131032
11369,103.79082095066099,1.3063181868175506
42219,103.76535739362058,1.3395904807858456
23341,103.67844788850527,1.3112744741251174
40119,103.83256102093573,1.318853611428218
28011,103.75909782575734,1.3242694680370375
26389,103.62464795675105,1.2905133385827712
40271,103.84635822128307,1.3087507973297858
23321,103.67617518668654,1.3040858781212599
11149,103.80597535732333,1.2951852615870263
43631,103.76850766848547,1.347830028135753
24609,103.65479336547865,1.3135082740034547
24691,103.65678106031454,1.3139829457607057
21481,103.71204895987451,1.3259861655259084
17309,103.76526295009442,1.2953785975823786
42071,103.77689117309396,1.3388590219075176
68089,103.86688458311188,1.406059905618137
96331,103.96777355788663,1.3312836011416391
67621,103.89032369173142,1.3808947273434344
68081,103.86718016310446,1.4058595856361402
32081,103.7012141097694,1.4174758889441312
64361,103.89053403101201,1.3763459090694137
28279,103.73424244342799,1.3394428432830452
02101,103.86179624708063,1.28937813791393
80159,103.85794586017188,1.2959532194849337
23251,103.68385145535557,1.3117478021019975
11329,103.79094702844304,1.322309858437336
28291,103.73626836368449,1.3442909853306895
14081,103.83056230790486,1.270605975544222
59289,103.84143834235785,1.4216896717983099
82051,103.89736844060603,1.3006533418942723
83049,103.91010040447439,1.318517172535657
64471,103.88393619450605,1.374577779014591
44341,103.7691776863066,1.381206905387623
09037,103.8369674615681,1.3023510326983097
53069,103.82895130147001,1.3578176058744669
58099,103.83756197919905,1.461479265203734
34051,103.70774786762426,1.4427752035871744
18171,103.79411650682418,1.29898368581759
52229,103.84868379071587,1.3377387516392714
77008,103.9492797434914,1.3739626177923683
10091,103.81777865564162,1.2839281758418368
02099,103.86140084086365,1.2913836326894528
50038,103.84350259819401,1.3195407911137174
75221,103.93603640751797,1.3456666068266145
30051,103.72542565208187,1.374550538558246
50079,103.84700629102822,1.3158698450630293
84239,103.93831690394057,1.3315480019352421
84469,103.91965003346847,1.3375886735583067
42181,103.76928572212456,1.3437699821863907
48061,103.8039290105981,1.4157865732644812
28181,103.75820517102565,1.3300143687539983
19051,103.77396462148529,1.3090002624019426
47109,103.8085967601556,1.4661026985057342
26201,103.63190529585013,1.3269101657690219
81129,103.89217599014606,1.316407385105874
72011,103.9053848448022,1.328236355084736
75109,103.9309621168872,1.351198076836413
75081,103.93434457847232,1.3498422703849506
43649,103.75063064023034,1.3654614466666446
54081,103.84793627778312,1.363579977827534
98199,103.97185180775253,1.3849557922072986
84079,103.94332221637306,1.3209974137699203
01139,103.85720163714134,1.3003738917154972
49059,103.7501913059729,1.4231968480028463
49029,103.751898856688,1.4135757730480047
46511,103.77257302003804,1.4343628400111497
99139,103.98722264122063,1.3882604408098274
06039,103.83977908535623,1.287119473932681
30011,103.71428812965121,1.3736960212196507
10079,103.82714566465437,1.2803683344251096
54489,103.8557810009661,1.3756489225617048
29051,103.74290474584826,1.3045479597781968
08138,103.84195305374472,1.300439641013021
76261,103.95741648335076,1.3616570071444984
25519,103.64095400048846,1.3297488239111352
46371,103.77255352536692,1.4291639298291297
10009,103.81744772679137,1.282100521989287
19069,103.77663859649903,1.3078277313512898
56209,103.83235369957923,1.3802743270892257
59031,103.83085994666682,1.4128343278092195
54069,103.83397357473658,1.3669529005978904
06169,103.84007135860017,1.2893584698999994
11339,103.79207662596963,1.3239997964170405
44861,103.75877297595714,1.386770401792346
44799,103.7609273690557,1.3834643505693887
28261,103.73485938138442,1.33620157820383
10169,103.82752942654784,1.286013565638075
13169,103.82843493936369,1.2991164052640578
25239,103.64789551130254,1.3374248508634918
96311,103.96083833601523,1.3331015465672764
96361,103.96652780100315,1.3366277302077259
20209,103.74407554539627,1.3204855031459684
47011,103.7786836317947,1.4508147129292766
26121,103.6514258901883,1.317336924818648
11359,103.7896859272595,1.3092022371207526
47141,103.80370527293174,1.4675827614998913
67531,103.90680297228567,1.387849253027732
67539,103.90659212321368,1.3877641770995233
61021,103.87020034065782,1.3362320636921905
61039,103.8709061608559,1.339031216091445
65109,103.90871922102765,1.4079542092054527
46339,103.78798647240201,1.4335541821984983
48101,103.81444097409603,1.4024183079052406
84561,103.91973385377385,1.3281054486006805
84551,103.92256272403847,1.328540932327422
53331,103.8370022349312,1.3628357593883413
17439,103.76706557885834,1.3281296067614339
54091,103.85091577342479,1.3616649256854676
06151,103.8373141873429,1.2887237734771253
25259,103.64063578822298,1.3442295904902277
54291,103.85893813626585,1.3692350638663535
76361,103.9502821941455,1.3599697343495185
55031,103.84364455688451,1.389495864650708
13179,103.82664879202058,1.299278917307979
59449,103.83951687619795,1.4154859656680672
95071,103.99520604928881,1.3899242786399777
34019,103.70771225975427,1.4325181261568374
15099,103.78789498840938,1.2830194353041064
21149,103.71987846284713,1.3155656254196093
43151,103.7649102532665,1.3636877827751732
43341,103.74131727905299,1.3497280287181537
75069,103.93673793731246,1.3406584832706396
55361,103.83863288138065,1.3898193334753657
65189,103.91812304274293,1.397027866384992
65209,103.90378689105692,1.400436648863423
25371,103.64904067779453,1.323971315707624
26049,103.64270792019464,1.3149055266318885
71131,103.90150443074484,1.331297855376361
46481,103.80117476667021,1.4496852940839906
20059,103.74755367684025,1.3233812793201793
17251,103.76744955250571,1.311475520542194
96389,103.9622364770528,1.3330662357423475
75411,103.92899382019219,1.3560864645022206
75419,103.92924736097406,1.355702530557866
75401,103.92663005157242,1.3517440548530393
75409,103.92732364103546,1.352184901380262
75469,103.93318681344098,1.366310049666466
75461,103.93358606490743,1.3659385360204097
05131,103.8452604653334,1.284035226142868
54248,103.84652384445195,1.3687918663793155
42171,103.77028339940631,1.342558041252855
47809,103.81354100278973,1.4638064958296155
29139,103.75136809464077,1.3029952896928756
03369,103.86937229700645,1.279914304832589
81219,103.8866243975622,1.318758130742671
27199,103.6868312567028,1.3542823595383513
59131,103.82969038742402,1.4318823493965858
73019,103.89946281985168,1.352044433220767
67541,103.88659571256859,1.3947849843082731
21071,103.72238990822967,1.3139045318672933
17311,103.7622597771244,1.3011600420508573
59421,103.8350652728073,1.417682153281218
67151,103.90212707316913,1.3834764704811298
90059,103.8801003151732,1.2976327027631476
43519,103.74841999444534,1.345265059705177
24431,103.65772598673942,1.3073326064597797
66491,103.88265284661745,1.3794078906069853
90029,103.87245565498725,1.2970253626103418
06051,103.83402537960983,1.2848252240349955
30039,103.7197458021386,1.3743349475134108
46431,103.7922289587666,1.4439820028142067
67619,103.89400050872388,1.387767109619298
82149,103.90141359916781,1.3109227782749648
44149,103.75770822900762,1.3779679012982387
43229,103.76095451954782,1.3489624581561779
99039,103.9819235255551,1.3876653876148612
23079,103.68185276224102,1.3301846534046995
92069,103.91106897699557,1.3056625141248321
84649,103.92314439879192,1.3247349308252987
98031,103.96787524707842,1.3672314597256903
24549,103.65533588390049,1.302835004108135
67241,103.8984472955751,1.3928912266248827
53161,103.84216669920029,1.3623407276142787
76091,103.95281317770315,1.3507603089415592
65351,103.90476052544886,1.405831728856681
75259,103.927905670858,1.349146883918094
64211,103.89707068945387,1.3621474415672163
62061,103.88178661128906,1.3416858429196659
84201,103.93311744327208,1.3364790044214838
07569,103.85303191555559,1.2994748464743275
43471,103.74734973617306,1.3580185897917239
43469,103.74727074410501,1.3553773802036582
42199,103.76767234696672,1.346041073513981
05411,103.8431265054248,1.275309786722802
94099,103.95037581873338,1.3114928642457386
65149,103.89698300022707,1.4049714796290538
18041,103.79315468936576,1.2883727876046533
11309,103.7884058768243,1.3185861781624921
84151,103.93332840362791,1.3165099024412776
83189,103.91748443581938,1.3168676280448361
97081,103.97991168464321,1.3713058361735493
67219,103.89746013395454,1.383738047213981
14021,103.82473891708608,1.2713544133180241
09038,103.83861374944905,1.3015079022362506
45159,103.75411072096476,1.4008672853351645
91151,103.8905056877014,1.2971058057304854
64419,103.88523117871986,1.3734681616788786
75101,103.93153684548012,1.3510676742123302
23411,103.68626676739264,1.3037012346012122
53139,103.84050881819968,1.3527327271720695
84211,103.9344348227129,1.3301371660596564
45321,103.74756177560296,1.3974009255058804
31179,103.70319060236051,1.3722431766077345
57069,103.82458670481785,1.4188601734864956
43721,103.76270486211617,1.3707700949230768
66039,103.86661755951918,1.3547196740523435
84061,103.94228036133354,1.3258844666216627
67441,103.8934470401579,1.3922718567640402
64369,103.89142565746764,1.376349282364641
65689,103.90799100094715,1.4184097247475072
22471,103.69319376997714,1.3350843462745385
65661,103.90528670718552,1.4189254598444763
70031,103.87938699969958,1.3293340500715294
65651,103.90138562477787,1.4172755036244793
46419,103.79413249394916,1.443521002081868
01519,103.85883684892659,1.2990248655266625
21111,103.7124725106792,1.3144447837044395
84521,103.93394203964925,1.3324287856310928
84221,103.93492826841377,1.3317857589893969
22349,103.7008759492019,1.345268501372163
98021,103.96548521453838,1.3648153445093365
98019,103.96304062559146,1.3619399789376054
63059,103.88983413263313,1.3643653577339838
63051,103.8891578403834,1.3641921553766598
97091,103.97607749208674,1.3730782469878242
76061,103.94186013742609,1.3481564881062398
42291,103.76428938007248,1.337770250257554
82131,103.90033498478185,1.3095794822906595
24441,103.6610258847482,1.3070705520437833
84119,103.9351615995348,1.3197053392020686
15229,103.78573279394024,1.2793320615155601
28069,103.74246708724986,1.3364809244972908
10271,103.81744571265028,1.2911892414417387
65229,103.9054632886,1.403254896627111
62031,103.88161338018907,1.3453234341595797
11301,103.78793936701061,1.318085827337404
65221,103.90485479972881,1.4040101193915848
44301,103.77396947672388,1.3776053686898848
28319,103.74170189581258,1.3385431491354673
76471,103.95116702597437,1.3585379668249433
66431,103.87526847835029,1.3730518970400487
26129,103.6509377048362,1.317664801728474
46109,103.76926628911613,1.447021401785127
45449,103.74760032174166,1.4318531172515867
65141,103.89723246198534,1.40453500707832
21191,103.72042172031429,1.3329743060954542
21199,103.72055793918433,1.3332569628306044
16151,103.76991206949074,1.3008000101019672
66579,103.88070523996683,1.3841029735184158
45309,103.7467484905126,1.3920016002264137
75329,103.93627307391532,1.3577034289801198
26331,103.63209308054573,1.3086428207919443
43859,103.76857836643586,1.3652031119773103
58439,103.78833888463782,1.4286358045057752
01511,103.85867049088797,1.299235588712357
10171,103.82340952318691,1.2874135748200732
54449,103.85090140365512,1.3745288118987762
83291,103.90593658582543,1.3146773887875918
59429,103.83498050699292,1.4174499958905578
75071,103.93648392544542,1.3489569922570446
59609,103.84954589324914,1.428745501608678
18059,103.78720134143599,1.2984885878970949
22009,103.70567316782973,1.3398615841140835
30081,103.73433811055057,1.3772571461759366
65049,103.90188534395884,1.3898482764276998
05009,103.8493390117054,1.2858736409514369
28541,103.71729981912137,1.3523622966154518
14399,103.80851726897873,1.2776719304777504
84609,103.93128837984786,1.3379082644818465
70099,103.89097043894334,1.3305237133901966
77021,103.94597842813863,1.3724796828046604
96189,103.95791744710756,1.3453380146670186
84049,103.93465487304178,1.3243243174019828
92159,103.91652211690969,1.309757687513706
66481,103.87835474735141,1.3791892911913768
23331,103.67580780524364,1.3069082066375015
03219,103.84696248068398,1.2731794244491583
22521,103.69764867753962,1.337416343185617
98319,103.96840599570723,1.3591888687154776
65289,103.90760067201735,1.4017584816121031
97099,103.97643696903965,1.373139135008227
34041,103.70790541004241,1.438904207543243
59069,103.83535662085215,1.426503616800032
46591,103.77323757059158,1.4306222374153594
41149,103.81835233563436,1.3348750846299895
24599,103.6691977780192,1.3256189138704413
21239,103.71633731618351,1.344573690815056
45311,103.74216134339014,1.3931039496120665
56079,103.81966683902691,1.387534076452116
14121,103.81915696319842,1.2659621004930912
44459,103.74451424982638,1.3803103738758788
22309,103.70335077431743,1.33324883901111
32069,103.7003908415234,1.4109997359815225
85039,103.95303047564137,1.324365461734472
64031,103.89356983336828,1.3769916517569178
46269,103.78591401022781,1.4423000941547328
44451,103.74432667887652,1.3807234645129172
75351,103.93077828113435,1.373722910396927
59081,103.83161689727977,1.4236712000865028
40219,103.82606326642271,1.3169678305153873
13211,103.84109701147892,1.2924456701507585
22289,103.70287992918148,1.3292451382024255
25171,103.6571280264885,1.325436790221687
31149,103.69397790009285,1.3739540320589037
31141,103.69343960119423,1.3740969320315166
78219,103.96331325078978,1.3671897475090715
14089,103.8298291171705,1.2705061463164498
46551,103.78161022605208,1.4353467612804836
13139,103.83206048212841,1.2949940950923196
04143,103.85023569354094,1.2941809704336176
42031,103.78989026220655,1.333373453543973
46169,103.77535985015696,1.4453115804485979
17249,103.76936133726018,1.3151625680868324
13029,103.8137726548801,1.3066311914544624
99081,103.9786677972926,1.3894409182413556
26441,103.63289969272773,1.2957372564468597
17141,103.76361723529581,1.3108569667226224
75031,103.92949695860669,1.3509788122047832
84311,103.92737829005577,1.330015247432517
27109,103.70091040469316,1.3530580690036151
46531,103.77759620149547,1.432411535203308
94011,103.93504732123584,1.3143703848368233
14059,103.81511104424133,1.2752678105842206
18081,103.78739953687516,1.2947522872288404
59279,103.82900074767825,1.4368206736607043
18121,103.7853935656873,1.2976358215286379
17301,103.76486391195547,1.295505053956125
47131,103.80223432492927,1.4666409111464214
20261,103.74547280390041,1.3216464250777296
72051,103.90406903280534,1.3334271761548993
71191,103.8982508100373,1.3413489904637637
24699,103.65679091359358,1.3134349284850917
42311,103.76027984294728,1.3384792441699407
42091,103.77535367973458,1.3430027049570141
11401,103.79499646737591,1.3090933078686786
40041,103.83799078717004,1.3138284152785458
23269,103.68572308081605,1.312382153614793
58361,103.81315347872459,1.4613926539163924
95091,103.99968125975624,1.3872129693299673
29149,103.74839821286005,1.3017242954998005
23291,103.6793179434567,1.3037796017752523
21501,103.7099936559593,1.330490242529351
81151,103.88794564854587,1.3115466866851615
81159,103.88731014742059,1.3116372844012456
65139,103.91036607069032,1.4200437355581532
16041,103.77691859636408,1.2891864954181478
76179,103.95063071306265,1.351713098542956
42299,103.76446952905677,1.337293697191969
24461,103.66620782583588,1.297220499513872
41109,103.81050525051943,1.319380477640864
71021,103.89474683405548,1.3365865713480678
22359,103.69715988588042,1.3425206613586833
97051,103.97040674316996,1.3604909304033215
63081,103.89257881376479,1.3567849603585396
64611,103.88446163953162,1.3784490646240513
27391,103.69624616753427,1.3484472848812672
80031,103.87134508484047,1.3111203193317111
75501,103.93480544722141,1.3615003552060758
63381,103.88245121406513,1.370932736120579
47201,103.7849446289227,1.4485030314701939
58299,103.81963446097977,1.4459120619062455
22369,103.69529156060862,1.3405497678547873
33029,103.70291398958358,1.4207748318648388
91051,103.8895052749303,1.3004637431455304
50991,103.8563285557101,1.3234772412825258
15149,103.80067023890612,1.2733070772264499
75509,103.93452371602679,1.3614513144758955
09191,103.82546608106895,1.3049548365574066
44401,103.76273326158454,1.3805473772319459
71161,103.8921528720345,1.3273581558802494
67411,103.89429539125356,1.3947083983644417
84489,103.91630644503405,1.3380630324409595
84481,103.91525009152957,1.337519633366263
80211,103.87556594855782,1.307104563634952
80219,103.87531866152766,1.3067481857899792
80111,103.8755191026922,1.3100028500546996
80119,103.87599081156061,1.3100415714272517
84229,103.93514951158637,1.331590401939022
84569,103.92003982619357,1.3279621368907761
99021,103.97922959498531,1.3867243677472103
48051,103.79744333838164,1.415327848664571
45369,103.74990100596789,1.3925302117472977
23279,103.6915649460239,1.3149332139225394
81139,103.89192300211027,1.314430656215596
49101,103.75583622073839,1.4302574105816674
76109,103.95509857500706,1.3529262828404873
20231,103.73958380084463,1.3222730308452286
18191,103.79591539926702,1.2943219360578522
83371,103.91534683562189,1.3263209819955544
52081,103.8608994120212,1.330794155254092
66521,103.87367439194003,1.3752358887105076
93099,103.93171410992073,1.313869684587556
95079,103.99244229439938,1.3902352457343474
27279,103.69116205156587,1.3420990064512828
77271,103.93494430018883,1.3805607269313191
95099,103.99874844165238,1.3882291653900114
11419,103.79605002902582,1.3113629433224563
60211,103.87050797061762,1.3285396143278787
13209,103.82205890286153,1.3040194697964258
64109,103.87689515971948,1.3719824663795142
21151,103.71992360810091,1.3170889707244797
52079,103.84376565331456,1.3293162145028847
66531,103.87473064469552,1.3751873785134727
63201,103.87494694220919,1.3662586301568043
59361,103.83670373378392,1.4225540628790578
46731,103.8043047459751,1.4485020791213745
05241,103.84223339357105,1.2808025255619606
09212,103.83272884804805,1.3071581653883144
47559,103.80192937871603,1.4344518933486976
44629,103.73643766538663,1.3786024656143516
75359,103.93152501945885,1.3744975686699148
21019,103.72717852540605,1.325588615074919
11191,103.78830415815399,1.3079901489167718
84391,103.92456663117504,1.3327563091434607
47569,103.79873053068778,1.4329234733022114
14259,103.81861121147126,1.2778170570175922
80169,103.86286764550003,1.3001281779216909
54301,103.86291332055491,1.370212771145957
15121,103.78378587308907,1.2889696405594804
53259,103.85201444047341,1.3470626353851556
52059,103.85821125971813,1.32791890086592
59731,103.84142545813447,1.414116225519809
59739,103.84223636914459,1.4140996970905346
59761,103.84326516849003,1.4184799849422252
46209,103.77723280958152,1.4402842388218036
49211,103.73490200223003,1.4386771418357374
43461,103.74748245451072,1.3551805033360924
43479,103.74717697951444,1.3575717937409668
58519,103.83100577522131,1.4497474236449992
58511,103.83150492842177,1.4496060765870433
58529,103.83240880568675,1.4480450667633855
14429,103.80368974417584,1.267082264577866
25801,103.63444504948407,1.284422121995542
44031,103.76234333432541,1.377794332875587
77169,103.93628984430862,1.3768662853492282
77231,103.9383200158486,1.3767679236828132
15189,103.7856311868054,1.2907426185263005
31151,103.69602152826316,1.373600675050241
65451,103.89753131318957,1.4107633370904424
07531,103.85249322127446,1.3036928367333998
46129,103.77673830778312,1.4437187296706666
20269,103.74577943947055,1.3214576699719953
42179,103.77103612646938,1.3419917190200645
22431,103.70748480294606,1.333060926067567
19059,103.77270755883774,1.308916749370137
44109,103.7475663063361,1.3771603662033278
44349,103.76929724676828,1.381181087241908
05431,103.84194180334765,1.2739985413577493
59671,103.83510197071638,1.4277174668233874
45581,103.77994830268122,1.4311482510323408
45589,103.78018943833301,1.4309560839617304
26051,103.64130925269144,1.3164217711337198
26041,103.64315936563898,1.314654838409844
26039,103.64570099885746,1.3161363488694253
40379,103.74356480063896,1.3574443389178945
40371,103.74314824583422,1.3580989927833873
41031,103.81186028162112,1.3230853793759338
42099,103.7758629756731,1.3415309758282845
43359,103.74097820045664,1.3468674369938727
43369,103.7437897696129,1.3468550994390818
24689,103.658817243744,1.3116156005799058
46881,103.80525337144236,1.4498167671684994
42309,103.7689117490197,1.3379780964983015
12149,103.78273695542757,1.3157238334043537
84539,103.91851738234023,1.3350425574415234
26461,103.62875170248218,1.299515222627612
55301,103.84449637315196,1.3842384230279747
60071,103.87039717497272,1.327077145705663
95141,103.99815690668544,1.3813544906325126
28129,103.73379170893874,1.350286458640578
28281,103.7354108621496,1.342050870464572
46661,103.79239743763287,1.4376034731072793
12079,103.7725978768783,1.3238021613684676
65319,103.91259909452185,1.4025196720463795
01119,103.85508147141327,1.2995215309492005
84479,103.92252122627053,1.337411282456152
64489,103.88061627449423,1.374896844680044
43531,103.74371800826943,1.3515340881640623
01112,103.85519325734687,1.3001223012822782
59781,103.85129161635173,1.4232995616261082
44501,103.73877123267704,1.3808331776262899
66251,103.86653961215043,1.3671674760361996
21331,103.70797250365287,1.3303878340209307
20061,103.74291390574056,1.3238838383036629
93059,103.91928860269732,1.310734073046436
44481,103.74504449707656,1.3818173466758659
06011,103.8390186444885,1.280714753489244
11299,103.78562098956805,1.3182984486223057
44479,103.74848579814692,1.3804074765791883
05069,103.84024084473553,1.2802094139509157
08121,103.83893481499419,1.3002616750990177
45599,103.77460236506556,1.4290781349654391
05012,103.84086493801514,1.281505427721937
59161,103.83793377172915,1.4301502594502473
44539,103.74484283018776,1.3845820983090988
44541,103.74591284639367,1.3877048932021983
25691,103.63972482666287,1.3284313830455352
46029,103.76229268416269,1.4285309492378029
57119,103.82688500306446,1.4312234047247718
24619,103.65264728259973,1.3112141775103372
84641,103.92300677889645,1.3246778587467216
12031,103.77972095868228,1.320779752330393
43789,103.73940584621911,1.3590565853025565
53181,103.83783557222233,1.3561296113430952
51109,103.8397106373802,1.3270690786270012
63169,103.87568224725301,1.3569852198069725
46241,103.77896761398061,1.442092569156443
11311,103.78920345841871,1.3199374729951152
43221,103.76068620093311,1.3489603320904302
