longitude,latitude,name
103.94545871790103,1.3403450581843968,PAN ISLAND EXPRESSWAY
103.94711962269962,1.3418602543817917,PAN ISLAND EXPRESSWAY
103.85628683305116,1.321800186212225,CENTRAL EXPRESSWAY
103.85828023509725,1.3240202172433442,CENTRAL EXPRESSWAY
103.86039743931902,1.3662797483108213,CENTRAL EXPRESSWAY
103.85753526958676,1.3583263999817725,CENTRAL EXPRESSWAY
103.84059595639214,1.307220480093907,CENTRAL EXPRESSWAY
103.84106704840241,1.3077082767409078,CENTRAL EXPRESSWAY
103.84163295333218,1.3081227606549553,CENTRAL EXPRESSWAY
103.84222173182519,1.3085199890775205,CENTRAL EXPRESSWAY
103.8430334205648,1.3091589676615096,CENTRAL EXPRESSWAY
103.84361642629099,1.309763355883406,CENTRAL EXPRESSWAY
103.84398791971695,1.310246837646399,CENTRAL EXPRESSWAY
103.84437643133256,1.311033814123227,CENTRAL EXPRESSWAY
103.71176890322813,1.3218613422090193,AYER RAJAH EXPRESSWAY
103.7134539632387,1.3222442223616468,AYER RAJAH EXPRESSWAY
103.7146434188493,1.3225355262605571,AYER RAJAH EXPRESSWAY
103.87307434618795,1.323018732450323,PAN ISLAND EXPRESSWAY
103.87128921786737,1.3253815564384983,PAN ISLAND EXPRESSWAY
103.70304342440784,1.361431067341638,KRANJI EXPRESSWAY
103.70335447312755,1.361906532665443,KRANJI EXPRESSWAY
103.70373657977788,1.362345187941189,KRANJI EXPRESSWAY
103.70421606066058,1.362831599641698,KRANJI EXPRESSWAY
103.7046418247306,1.3632136612729124,KRANJI EXPRESSWAY
103.70583409261599,1.3641743520649285,KRANJI EXPRESSWAY
103.70736722207457,1.3653380670249604,KRANJI EXPRESSWAY
103.7083222906234,1.3659958227039957,KRANJI EXPRESSWAY
103.7092270987142,1.3664891497276928,KRANJI EXPRESSWAY
103.70988432785221,1.36676773007634,KRANJI EXPRESSWAY
103.71066473982431,1.3670840556284545,KRANJI EXPRESSWAY
103.71253168470265,1.3677015155970165,KRANJI EXPRESSWAY
103.8411414604306,1.302948643686206,CENTRAL EXPRESSWAY
103.84190156360316,1.3023302980647753,CENTRAL EXPRESSWAY
103.84270691261699,1.301697929867356,CENTRAL EXPRESSWAY
103.75679945622335,1.3183003530994484,AYER RAJAH EXPRESSWAY
103.75543485836744,1.3199584236030244,AYER RAJAH EXPRESSWAY
103.75502372160317,1.3203934285920629,AYER RAJAH EXPRESSWAY
103.75468872534469,1.3206828487314743,AYER RAJAH EXPRESSWAY
103.75423636960824,1.3209871861618305,AYER RAJAH EXPRESSWAY
103.75396552236083,1.3211138272878873,AYER RAJAH EXPRESSWAY
103.7532093058778,1.3213630129592293,AYER RAJAH EXPRESSWAY
103.75138789628465,1.321975936323293,AYER RAJAH EXPRESSWAY
103.7503262490736,1.3222747532447767,AYER RAJAH EXPRESSWAY
103.74929866835947,1.3224958317531657,AYER RAJAH EXPRESSWAY
103.85900490704499,1.347164206548955,CENTRAL EXPRESSWAY
103.85709495789807,1.35261461479771,CENTRAL EXPRESSWAY
103.78039738609127,1.3620019555824037,BUKIT TIMAH EXPRESSWAY
103.7809059951737,1.3606960914228263,BUKIT TIMAH EXPRESSWAY
103.7814267979552,1.3595665765533622,BUKIT TIMAH EXPRESSWAY
103.7821345438201,1.3584100675558182,BUKIT TIMAH EXPRESSWAY
103.78308264556017,1.3571996496884595,BUKIT TIMAH EXPRESSWAY
103.7841242129832,1.3561370507138522,BUKIT TIMAH EXPRESSWAY
103.78540613268046,1.3550877556208645,BUKIT TIMAH EXPRESSWAY
103.78827935974434,1.3532247640397113,BUKIT TIMAH EXPRESSWAY
103.78901430241336,1.3527277065742414,BUKIT TIMAH EXPRESSWAY
103.78965576075056,1.352190272748666,BUKIT TIMAH EXPRESSWAY
103.7900700733239,1.3517737219418888,BUKIT TIMAH EXPRESSWAY
103.79048444155447,1.3512496195497803,BUKIT TIMAH EXPRESSWAY
103.8290939007437,1.3267671177111084,PAN ISLAND EXPRESSWAY
103.82757671435873,1.3265323904111967,PAN ISLAND EXPRESSWAY
103.82712522319576,1.3264853695882832,PAN ISLAND EXPRESSWAY
103.82678186841855,1.3265017811063498,PAN ISLAND EXPRESSWAY
103.82639894558478,1.3265921450718967,PAN ISLAND EXPRESSWAY
103.82599765062768,1.326767314808966,PAN ISLAND EXPRESSWAY
103.82538652438114,1.327179526815244,PAN ISLAND EXPRESSWAY
103.85334670010589,1.3972946333218392,SELETAR EXPRESSWAY
103.85193556282191,1.3967298009230642,SELETAR EXPRESSWAY
103.85120110312822,1.3965470464420677,SELETAR EXPRESSWAY
103.85069770778932,1.3964473558596369,SELETAR EXPRESSWAY
103.8499879978488,1.3963891823839094,SELETAR EXPRESSWAY
103.84839526798847,1.396414016180353,SELETAR EXPRESSWAY
103.9031256971643,1.3253384783452868,PAN ISLAND EXPRESSWAY
103.8942963083578,1.3236001669291486,PAN ISLAND EXPRESSWAY
103.93823757764007,1.3351121452751398,PAN ISLAND EXPRESSWAY
103.93882209139998,1.335183372156466,PAN ISLAND EXPRESSWAY
103.93969049891594,1.3355548775659583,PAN ISLAND EXPRESSWAY
103.94008129078334,1.3358231651130166,PAN ISLAND EXPRESSWAY
103.94545871790103,1.3403450581843968,PAN ISLAND EXPRESSWAY
103.93206587941367,1.308418440430654,EAST COAST PARKWAY
103.93514229138052,1.3092976707380268,EAST COAST PARKWAY
103.97879322359033,1.3351496133000074,EAST COAST PARKWAY
103.97930739280892,1.3359272458799532,EAST COAST PARKWAY
103.97965906393843,1.3365816308128635,EAST COAST PARKWAY
103.97993764211296,1.3372180883839828,EAST COAST PARKWAY
103.98067649495806,1.339077091003688,EAST COAST PARKWAY
103.77401067617092,1.3961953924437314,BUKIT TIMAH EXPRESSWAY
103.77401051472212,1.3952512377437187,BUKIT TIMAH EXPRESSWAY
103.77405724234028,1.394222120167419,BUKIT TIMAH EXPRESSWAY
103.77416962217494,1.3931080410854262,BUKIT TIMAH EXPRESSWAY
103.77449466761516,1.3906105658835763,BUKIT TIMAH EXPRESSWAY
103.97241012033514,1.3258138736319376,EAST COAST PARKWAY
103.97438584897068,1.328713014111799,EAST COAST PARKWAY
103.90912062799994,1.3739748348703906,KALLANG PAYA LEBAR EXPRESSWAY
103.90953186363345,1.3751109789326015,KALLANG PAYA LEBAR EXPRESSWAY
103.90975150873828,1.3755653945981061,KALLANG PAYA LEBAR EXPRESSWAY
103.90995443474685,1.3758960359811365,KALLANG PAYA LEBAR EXPRESSWAY
103.9104569140226,1.3765864893994157,KALLANG PAYA LEBAR EXPRESSWAY
103.9109768737854,1.3770907789126194,KALLANG PAYA LEBAR EXPRESSWAY
103.91159713663265,1.3775589419976042,KALLANG PAYA LEBAR EXPRESSWAY
103.84270691261699,1.301697929867356,CENTRAL EXPRESSWAY
103.8430885279892,1.301323809884823,CENTRAL EXPRESSWAY
103.84321069541772,1.3011668614205916,CENTRAL EXPRESSWAY
103.84341956005596,1.3008283333377675,CENTRAL EXPRESSWAY
103.84360026662227,1.3004139725565298,CENTRAL EXPRESSWAY
103.8436953438008,1.3000516130917505,CENTRAL EXPRESSWAY
103.84376688639499,1.2988448636874859,CENTRAL EXPRESSWAY
103.84389438461484,1.2969276016339468,CENTRAL EXPRESSWAY
103.8442623143772,1.2942694909895218,CENTRAL EXPRESSWAY
103.84420518907328,1.2935342887522778,CENTRAL EXPRESSWAY
103.8441254722294,1.2931251662003116,CENTRAL EXPRESSWAY
103.84329932568437,1.2911667259261788,CENTRAL EXPRESSWAY
103.75547172955253,1.3886331892048438,KRANJI EXPRESSWAY
103.75473972370825,1.3886666886715755,KRANJI EXPRESSWAY
103.75411086102393,1.3887255099440368,KRANJI EXPRESSWAY
103.75357620812441,1.388800982670372,KRANJI EXPRESSWAY
103.75293837607943,1.3889047682611873,KRANJI EXPRESSWAY
103.75233266689818,1.3890439633171845,KRANJI EXPRESSWAY
103.76514586812614,1.3093559139171058,AYER RAJAH EXPRESSWAY
103.76440585866412,1.3102340925654095,AYER RAJAH EXPRESSWAY
103.7628914842586,1.3117552872534002,AYER RAJAH EXPRESSWAY
103.76217251688524,1.3124577903146333,AYER RAJAH EXPRESSWAY
103.78763369208319,1.2925242392712721,AYER RAJAH EXPRESSWAY
103.78677409861332,1.2932908814263855,AYER RAJAH EXPRESSWAY
103.78642335565962,1.2936629603451215,AYER RAJAH EXPRESSWAY
103.78503778915335,1.2952589892481705,AYER RAJAH EXPRESSWAY
103.64653705898961,1.3390165821386788,AYER RAJAH EXPRESSWAY
103.64398286914782,1.3413249833483476,AYER RAJAH EXPRESSWAY
103.87533563898634,1.320649479092931,PAN ISLAND EXPRESSWAY
103.87567009711948,1.320434634383332,PAN ISLAND EXPRESSWAY
103.87625515844383,1.3201558521522962,PAN ISLAND EXPRESSWAY
103.87660883628917,1.3200354452379417,PAN ISLAND EXPRESSWAY
103.8772459947343,1.3199724341654735,PAN ISLAND EXPRESSWAY
103.87865365518304,1.3199667193950853,PAN ISLAND EXPRESSWAY
103.87908125514542,1.3200053830411365,PAN ISLAND EXPRESSWAY
103.87962479766819,1.32017399617588,PAN ISLAND EXPRESSWAY
103.72980120559268,1.3525300913430656,PAN ISLAND EXPRESSWAY
103.72852889478087,1.3533112693717122,PAN ISLAND EXPRESSWAY
103.72780080590717,1.3537402058522603,PAN ISLAND EXPRESSWAY
103.72695369623271,1.3541598752581208,PAN ISLAND EXPRESSWAY
103.81657281540375,1.332342149728011,PAN ISLAND EXPRESSWAY
103.81516940102384,1.3331111859830382,PAN ISLAND EXPRESSWAY
103.81451665658153,1.3334031677942146,PAN ISLAND EXPRESSWAY
103.81382521092728,1.333607562321992,PAN ISLAND EXPRESSWAY
103.81334817607164,1.3337106614503553,PAN ISLAND EXPRESSWAY
103.7146434188493,1.3225355262605571,AYER RAJAH EXPRESSWAY
103.71772443870253,1.3232097466360973,AYER RAJAH EXPRESSWAY
103.64416786022284,1.3414513349642283,AYER RAJAH EXPRESSWAY
103.64663593679072,1.3391116343043035,AYER RAJAH EXPRESSWAY
103.9121552312838,1.3018493264087292,EAST COAST PARKWAY
103.90666350438127,1.3003119521739699,EAST COAST PARKWAY
103.83060237995254,1.3266114099687232,PAN ISLAND EXPRESSWAY
103.83144369600184,1.326144612112996,PAN ISLAND EXPRESSWAY
103.83187401286906,1.3259938611554583,PAN ISLAND EXPRESSWAY
103.83234299713412,1.3259306182671249,PAN ISLAND EXPRESSWAY
103.83278867735007,1.3259631863846668,PAN ISLAND EXPRESSWAY
103.76510364877576,1.3097284176163915,AYER RAJAH EXPRESSWAY
103.76518945543181,1.3096348526481512,AYER RAJAH EXPRESSWAY
103.7666202381859,1.3076312346816525,AYER RAJAH EXPRESSWAY
103.76698287681629,1.3072093847089863,AYER RAJAH EXPRESSWAY
103.89572423316639,1.2962904216882265,EAST COAST PARKWAY
103.89472559739569,1.2959431703557345,EAST COAST PARKWAY
103.89379305900526,1.2956845854271601,EAST COAST PARKWAY
103.89290459493772,1.2955294448168189,EAST COAST PARKWAY
103.91839825584873,1.3813168222412104,TAMPINES EXPRESSWAY
103.91580792169498,1.3839844320990553,TAMPINES EXPRESSWAY
103.71042324565126,1.36079123932788,PAN ISLAND EXPRESSWAY
103.71346444455992,1.3580510704254596,PAN ISLAND EXPRESSWAY
103.71409503138322,1.3575243495956795,PAN ISLAND EXPRESSWAY
103.71475216758911,1.357149540163805,PAN ISLAND EXPRESSWAY
103.81651262867173,1.3328155624400864,LORNIE HIGHWAY
103.81679506884588,1.3331545816855603,LORNIE HIGHWAY
103.8823888857864,1.4012453417172226,TAMPINES EXPRESSWAY
103.87598640288319,1.4011164811294183,TAMPINES EXPRESSWAY
103.89956464910122,1.2979971626798272,EAST COAST PARKWAY
103.90404245070172,1.2996467220163692,EAST COAST PARKWAY
103.90503299514461,1.3000010436622051,EAST COAST PARKWAY
103.90802907914996,1.3009327614053279,EAST COAST PARKWAY
103.93526989510084,1.374336788706091,TAMPINES EXPRESSWAY
103.93704517975199,1.3733227538310615,TAMPINES EXPRESSWAY
103.93812979811909,1.372789533746152,TAMPINES EXPRESSWAY
103.69945739679233,1.3569928547921366,PAN ISLAND EXPRESSWAY
103.70093889232074,1.3586885883671842,PAN ISLAND EXPRESSWAY
103.70197968029176,1.3600290130809891,PAN ISLAND EXPRESSWAY
103.70304342440784,1.361431067341638,PAN ISLAND EXPRESSWAY
103.97263184040438,1.3399622381720253,PAN ISLAND EXPRESSWAY
103.9719132416511,1.340353098253427,PAN ISLAND EXPRESSWAY
103.97112728101531,1.3408812070149763,PAN ISLAND EXPRESSWAY
103.91851953802035,1.3814650466144651,TAMPINES EXPRESSWAY
103.91929251841754,1.380749140084828,TAMPINES EXPRESSWAY
103.91981036832061,1.3803579217146462,TAMPINES EXPRESSWAY
103.92045198695182,1.3799513226998865,TAMPINES EXPRESSWAY
103.7834882942621,1.2972657384234598,AYER RAJAH EXPRESSWAY
103.78413262956188,1.2965942423929382,AYER RAJAH EXPRESSWAY
103.78660137491897,1.2937598807816058,AYER RAJAH EXPRESSWAY
103.78695161738051,1.2933874084301444,AYER RAJAH EXPRESSWAY
103.78766879431124,1.2927879001611395,AYER RAJAH EXPRESSWAY
103.73960018289269,1.3263485108059887,AYER RAJAH EXPRESSWAY
103.73908257259525,1.3266709797704441,AYER RAJAH EXPRESSWAY
103.73854672084023,1.326940860991348,AYER RAJAH EXPRESSWAY
103.73801021860893,1.3271119973404826,AYER RAJAH EXPRESSWAY
103.73750278061854,1.327221006748154,AYER RAJAH EXPRESSWAY
103.73688083632372,1.3272836520840514,AYER RAJAH EXPRESSWAY
103.73635059227661,1.3272722570397848,AYER RAJAH EXPRESSWAY
103.73566119533193,1.3271750269642606,AYER RAJAH EXPRESSWAY
103.73497179908443,1.326993623088321,AYER RAJAH EXPRESSWAY
103.73497179908443,1.326993623088321,AYER RAJAH EXPRESSWAY
103.73098719162809,1.3260518230285734,AYER RAJAH EXPRESSWAY
103.72639836216477,1.3249892038423106,AYER RAJAH EXPRESSWAY
103.71583287315849,1.3225939706782566,AYER RAJAH EXPRESSWAY
103.71393304913431,1.3221860995976504,AYER RAJAH EXPRESSWAY
103.71148805905914,1.3216284296694776,AYER RAJAH EXPRESSWAY
103.71148805905914,1.3216284296694776,AYER RAJAH EXPRESSWAY
103.71072812967698,1.3214619531508636,AYER RAJAH EXPRESSWAY
103.70985256012678,1.3213952507536577,AYER RAJAH EXPRESSWAY
103.7086713663362,1.321461550793796,AYER RAJAH EXPRESSWAY
103.80510836077887,1.340235874323397,PAN ISLAND EXPRESSWAY
103.80262812859901,1.3428980660032588,PAN ISLAND EXPRESSWAY
103.80177630375417,1.343774996394311,PAN ISLAND EXPRESSWAY
103.8008680406771,1.3447812281054645,PAN ISLAND EXPRESSWAY
103.79975856641924,1.3459253939334708,PAN ISLAND EXPRESSWAY
103.79829669536402,1.347481720880448,PAN ISLAND EXPRESSWAY
103.79772772685504,1.3479760977812085,PAN ISLAND EXPRESSWAY
103.79701655274131,1.3484574658424686,PAN ISLAND EXPRESSWAY
103.79632726988147,1.3488295859138566,PAN ISLAND EXPRESSWAY
103.95003244857197,1.3442142689158205,PAN ISLAND EXPRESSWAY
103.9555143407187,1.3489718957814478,PAN ISLAND EXPRESSWAY
103.63721385266417,1.3480531177064665,AYER RAJAH EXPRESSWAY
103.63732220825891,1.3478345980502022,AYER RAJAH EXPRESSWAY
103.63745537669313,1.3476934166656755,AYER RAJAH EXPRESSWAY
103.82647071084196,1.2769211078470148,AYER RAJAH EXPRESSWAY
103.82508339493656,1.2777853365988707,AYER RAJAH EXPRESSWAY
103.85801257263358,1.3934827676233477,SELETAR EXPRESSWAY
103.85819117062422,1.3910796769716542,SELETAR EXPRESSWAY
103.79212299912906,1.3492966220404377,PAN ISLAND EXPRESSWAY
103.79139161377502,1.3491089511782761,PAN ISLAND EXPRESSWAY
103.79083583639935,1.3489203516954138,PAN ISLAND EXPRESSWAY
103.7903461192035,1.3487040878573628,PAN ISLAND EXPRESSWAY
103.78995549092987,1.3484435606919274,PAN ISLAND EXPRESSWAY
103.78963092931104,1.3481442907936825,PAN ISLAND EXPRESSWAY
103.78940545279502,1.3478118352017325,PAN ISLAND EXPRESSWAY
103.78921327864036,1.3474903718393694,PAN ISLAND EXPRESSWAY
103.78878404616546,1.3465155308330856,PAN ISLAND EXPRESSWAY
103.81334817607164,1.3337106614503553,PAN ISLAND EXPRESSWAY
103.8128110103089,1.333853412746912,PAN ISLAND EXPRESSWAY
103.81227766555202,1.3340546790530816,PAN ISLAND EXPRESSWAY
103.81176037914604,1.334322366432811,PAN ISLAND EXPRESSWAY
103.81133648943212,1.3346064434361622,PAN ISLAND EXPRESSWAY
103.80806662357756,1.3375523057679393,PAN ISLAND EXPRESSWAY
103.97438584897068,1.328713014111799,EAST COAST PARKWAY
103.97551850725291,1.3302922104416328,EAST COAST PARKWAY
103.97879322359033,1.3351496133000074,EAST COAST PARKWAY
103.95141724280373,1.3120825382370092,EAST COAST PARKWAY
103.9508007625864,1.3118828624298424,EAST COAST PARKWAY
103.95023563820662,1.311764530578822,EAST COAST PARKWAY
103.9495026766096,1.3117174828936913,EAST COAST PARKWAY
103.94888596302067,1.3116951937597638,EAST COAST PARKWAY
103.83379717075388,1.2823637118910296,CENTRAL EXPRESSWAY
103.83293928457732,1.2820178682837395,CENTRAL EXPRESSWAY
103.83223888906234,1.2817186146272077,CENTRAL EXPRESSWAY
103.83181355516585,1.2814972023594793,CENTRAL EXPRESSWAY
103.83084612813006,1.2808396541313618,CENTRAL EXPRESSWAY
103.83031066095432,1.2803752639641959,CENTRAL EXPRESSWAY
103.73883054242356,1.3841204407617735,KRANJI EXPRESSWAY
103.73582659759535,1.3815581299619248,KRANJI EXPRESSWAY
103.75233266689818,1.3890439633171845,KRANJI EXPRESSWAY
103.74944904523551,1.3896124722880474,KRANJI EXPRESSWAY
103.85828023509725,1.3240202172433442,CENTRAL EXPRESSWAY
103.86057576758655,1.3261300491237795,CENTRAL EXPRESSWAY
103.86126424404877,1.3269056940355735,CENTRAL EXPRESSWAY
103.86161753409881,1.3274576200297743,CENTRAL EXPRESSWAY
103.86192479364269,1.3281318183907418,CENTRAL EXPRESSWAY
103.8621056036373,1.3287594262376776,CENTRAL EXPRESSWAY
103.86221082139828,1.329193078621153,CENTRAL EXPRESSWAY
103.86224589670535,1.3295964772163968,CENTRAL EXPRESSWAY
103.94105086266599,1.3708754886624905,TAMPINES EXPRESSWAY
103.94054033871045,1.371237096720218,TAMPINES EXPRESSWAY
103.93988174693217,1.3716282260985857,TAMPINES EXPRESSWAY
103.9397442027936,1.3717071171024051,TAMPINES EXPRESSWAY
103.84146276043411,1.288763779889621,CENTRAL EXPRESSWAY
103.84308459062946,1.291240892821339,CENTRAL EXPRESSWAY
103.7793425381535,1.3675356335840405,BUKIT TIMAH EXPRESSWAY
103.77940979265851,1.367204453426565,BUKIT TIMAH EXPRESSWAY
103.77977007808529,1.3649863362993289,BUKIT TIMAH EXPRESSWAY
103.77998343807096,1.3635827619143,BUKIT TIMAH EXPRESSWAY
103.78878404616546,1.3465155308330856,PAN ISLAND EXPRESSWAY
103.78866298072903,1.3462441261981524,PAN ISLAND EXPRESSWAY
103.78851990397077,1.3459339492490878,PAN ISLAND EXPRESSWAY
103.78833846577349,1.3455802798020853,PAN ISLAND EXPRESSWAY
103.78812122577106,1.3452532477221586,PAN ISLAND EXPRESSWAY
103.78786455775015,1.3449813820048406,PAN ISLAND EXPRESSWAY
103.78754120201009,1.3447195697247698,PAN ISLAND EXPRESSWAY
103.78710227108175,1.3444409638742223,PAN ISLAND EXPRESSWAY
103.8409687960909,1.2877284563753935,CENTRAL EXPRESSWAY
103.84016167843632,1.2870955380095659,CENTRAL EXPRESSWAY
103.83862568806522,1.2861585970426834,CENTRAL EXPRESSWAY
103.83820729936065,1.2858637912025521,CENTRAL EXPRESSWAY
103.83784745333298,1.2855738063582007,CENTRAL EXPRESSWAY
103.84634347328483,1.3156825872652242,CENTRAL EXPRESSWAY
103.84673436727118,1.3160622248076552,CENTRAL EXPRESSWAY
103.84706169914574,1.3163429640331257,CENTRAL EXPRESSWAY
103.84756489787188,1.3167293636543416,CENTRAL EXPRESSWAY
103.84828561208454,1.3171791813420552,CENTRAL EXPRESSWAY
103.84997302166329,1.3179639953942812,CENTRAL EXPRESSWAY
103.7802370618777,1.3618003186632006,BUKIT TIMAH EXPRESSWAY
103.78005018294442,1.3625531360067145,BUKIT TIMAH EXPRESSWAY
103.77978321822229,1.3636689198105763,BUKIT TIMAH EXPRESSWAY
103.7797774980073,1.3637065493615501,BUKIT TIMAH EXPRESSWAY
103.77998343807096,1.3635827619143,BUKIT TIMAH EXPRESSWAY
103.77999690775316,1.3634941508270038,BUKIT TIMAH EXPRESSWAY
103.78014373198184,1.3628354352936956,BUKIT TIMAH EXPRESSWAY
103.78039738609127,1.3620019555824037,BUKIT TIMAH EXPRESSWAY
103.77904943290396,1.3689789482923866,BUKIT TIMAH EXPRESSWAY
103.7793425381535,1.3675356335840405,BUKIT TIMAH EXPRESSWAY
103.79122843093327,1.4246829306236397,SELETAR EXPRESSWAY
103.79205801266083,1.4242367589398754,SELETAR EXPRESSWAY
103.88031616131681,1.3202614631945986,PAN ISLAND EXPRESSWAY
103.87975562515345,1.3200353881266926,PAN ISLAND EXPRESSWAY
103.87962479766819,1.32017399617588,PAN ISLAND EXPRESSWAY
103.88012890707822,1.3203783929197568,PAN ISLAND EXPRESSWAY
103.92884078228651,1.3356007475685288,PAN ISLAND EXPRESSWAY
103.93028745428859,1.335591479629015,PAN ISLAND EXPRESSWAY
103.93639311879048,1.3351787966521997,PAN ISLAND EXPRESSWAY
103.93748481123329,1.3351300784422544,PAN ISLAND EXPRESSWAY
103.93823757764007,1.3351121452751398,PAN ISLAND EXPRESSWAY
103.93753688220748,1.334950971643071,PAN ISLAND EXPRESSWAY
103.93629747380882,1.3350499605989994,PAN ISLAND EXPRESSWAY
103.8876428151431,1.3325116514323347,KALLANG PAYA LEBAR EXPRESSWAY
103.88831737529621,1.3328586155748894,KALLANG PAYA LEBAR EXPRESSWAY
103.88980395882604,1.3337754812346316,KALLANG PAYA LEBAR EXPRESSWAY
103.89098580929162,1.3344512903740087,KALLANG PAYA LEBAR EXPRESSWAY
103.8917110344383,1.3347891906087206,KALLANG PAYA LEBAR EXPRESSWAY
103.89226166803546,1.3350392376754414,KALLANG PAYA LEBAR EXPRESSWAY
103.89270486060991,1.3352622530713703,KALLANG PAYA LEBAR EXPRESSWAY
103.89313462424217,1.3354447188364893,KALLANG PAYA LEBAR EXPRESSWAY
103.89369721825099,1.3357453418311749,KALLANG PAYA LEBAR EXPRESSWAY
103.89600915330377,1.3376641377842937,KALLANG PAYA LEBAR EXPRESSWAY
103.89647175291974,1.338172028415398,KALLANG PAYA LEBAR EXPRESSWAY
103.8974726587742,1.339560265157411,KALLANG PAYA LEBAR EXPRESSWAY
103.89799414819888,1.3405591231367797,KALLANG PAYA LEBAR EXPRESSWAY
103.8984231230455,1.3417188191494012,KALLANG PAYA LEBAR EXPRESSWAY
103.89851380351833,1.3419773210039774,KALLANG PAYA LEBAR EXPRESSWAY
103.89860914209913,1.34223411890698,KALLANG PAYA LEBAR EXPRESSWAY
103.89870910733731,1.342489128752802,KALLANG PAYA LEBAR EXPRESSWAY
103.89890257858237,1.3434879952683036,KALLANG PAYA LEBAR EXPRESSWAY
103.89891192142636,1.3437094981500601,KALLANG PAYA LEBAR EXPRESSWAY
103.89891437591537,1.343931186612021,KALLANG PAYA LEBAR EXPRESSWAY
103.89890993754894,1.3441528436070855,KALLANG PAYA LEBAR EXPRESSWAY
103.89889861260932,1.344374252087805,KALLANG PAYA LEBAR EXPRESSWAY
103.89888041187163,1.3445951968152756,KALLANG PAYA LEBAR EXPRESSWAY
103.89885535240084,1.3448154589329173,KALLANG PAYA LEBAR EXPRESSWAY
103.8988234593491,1.3450348250100652,KALLANG PAYA LEBAR EXPRESSWAY
103.89878476325994,1.3452530798070939,KALLANG PAYA LEBAR EXPRESSWAY
103.89873930276397,1.3454700098928776,KALLANG PAYA LEBAR EXPRESSWAY
103.89868712188324,1.3456854018360578,KALLANG PAYA LEBAR EXPRESSWAY
103.89862827182843,1.3458990449181316,KALLANG PAYA LEBAR EXPRESSWAY
103.89856281010026,1.3461107320378072,KALLANG PAYA LEBAR EXPRESSWAY
103.89849080138794,1.3463202533804943,KALLANG PAYA LEBAR EXPRESSWAY
103.90272157889854,1.3582117053306615,KALLANG PAYA LEBAR EXPRESSWAY
103.9009425489197,1.355044124351212,KALLANG PAYA LEBAR EXPRESSWAY
103.89889781120058,1.3500925954505238,KALLANG PAYA LEBAR EXPRESSWAY
103.89883713132612,1.3498929795785692,KALLANG PAYA LEBAR EXPRESSWAY
103.89865267325236,1.3490064791950105,KALLANG PAYA LEBAR EXPRESSWAY
103.89859589603537,1.348205290317477,KALLANG PAYA LEBAR EXPRESSWAY
103.89862425485457,1.3475046291285542,KALLANG PAYA LEBAR EXPRESSWAY
103.89872947168456,1.346788179286409,KALLANG PAYA LEBAR EXPRESSWAY
103.89887741204997,1.3461953683898529,KALLANG PAYA LEBAR EXPRESSWAY
103.89904246878537,1.3456267876421977,KALLANG PAYA LEBAR EXPRESSWAY
103.89909629191588,1.3453335697109723,KALLANG PAYA LEBAR EXPRESSWAY
103.89925220403059,1.344367815193499,KALLANG PAYA LEBAR EXPRESSWAY
103.89919464606513,1.3433024354077499,KALLANG PAYA LEBAR EXPRESSWAY
103.89919464606513,1.3433024354077499,KALLANG PAYA LEBAR EXPRESSWAY
103.89904644468734,1.3424918218925208,KALLANG PAYA LEBAR EXPRESSWAY
103.8979117574098,1.3398342197542603,KALLANG PAYA LEBAR EXPRESSWAY
103.89776256311406,1.3395820065527353,KALLANG PAYA LEBAR EXPRESSWAY
103.89760762715245,1.3393333250327888,KALLANG PAYA LEBAR EXPRESSWAY
103.89744703039963,1.339088308132681,KALLANG PAYA LEBAR EXPRESSWAY
103.89728086091857,1.3388470860773698,KALLANG PAYA LEBAR EXPRESSWAY
103.89710920497492,1.3386097863787467,KALLANG PAYA LEBAR EXPRESSWAY
103.89693215422552,1.338376535644229,KALLANG PAYA LEBAR EXPRESSWAY
103.8967498039213,1.3381474595767242,KALLANG PAYA LEBAR EXPRESSWAY
103.89656225021149,1.3379226784529934,KALLANG PAYA LEBAR EXPRESSWAY
103.89636959463652,1.3377023125496106,KALLANG PAYA LEBAR EXPRESSWAY
103.89617193693951,1.33748647852577,KALLANG PAYA LEBAR EXPRESSWAY
103.89596938495048,1.3372752930404492,KALLANG PAYA LEBAR EXPRESSWAY
103.89576204560053,1.3370688664221586,KALLANG PAYA LEBAR EXPRESSWAY
103.89555002851647,1.3368673099036474,KALLANG PAYA LEBAR EXPRESSWAY
103.8953334478175,1.3366707311001884,KALLANG PAYA LEBAR EXPRESSWAY
103.89511241762274,1.3364792331051938,KALLANG PAYA LEBAR EXPRESSWAY
103.89488705744245,1.336292919916359,KALLANG PAYA LEBAR EXPRESSWAY
103.89465748498952,1.3361118892008805,KALLANG PAYA LEBAR EXPRESSWAY
103.89442382426662,1.3359362377214974,KALLANG PAYA LEBAR EXPRESSWAY
103.89418619837764,1.335766058623518,KALLANG PAYA LEBAR EXPRESSWAY
103.93028193577473,1.335441676598853,PAN ISLAND EXPRESSWAY
103.92891477428383,1.3354472778430992,PAN ISLAND EXPRESSWAY
103.87533769897377,1.3117109353583962,KALLANG PAYA LEBAR EXPRESSWAY
103.87537692999861,1.3113028519829126,KALLANG PAYA LEBAR EXPRESSWAY
103.8755757212863,1.3104419270944105,KALLANG PAYA LEBAR EXPRESSWAY
103.87595499863285,1.309167650275888,KALLANG PAYA LEBAR EXPRESSWAY
103.87613731608333,1.308706111970771,KALLANG PAYA LEBAR EXPRESSWAY
103.90887782186229,1.372612535703237,KALLANG PAYA LEBAR EXPRESSWAY
103.90682784812823,1.3662454148988108,KALLANG PAYA LEBAR EXPRESSWAY
103.91103668310564,1.3769073919506791,KALLANG PAYA LEBAR EXPRESSWAY
103.91065982772761,1.3765573071188577,KALLANG PAYA LEBAR EXPRESSWAY
103.91033128621366,1.376158595743007,KALLANG PAYA LEBAR EXPRESSWAY
103.91004139231529,1.3757015353445212,KALLANG PAYA LEBAR EXPRESSWAY
103.90974183278811,1.3751374989672804,KALLANG PAYA LEBAR EXPRESSWAY
103.90887782186229,1.372612535703237,KALLANG PAYA LEBAR EXPRESSWAY
103.9065617730827,1.3662160773806353,KALLANG PAYA LEBAR EXPRESSWAY
103.90713615657538,1.367974600051465,KALLANG PAYA LEBAR EXPRESSWAY
103.893697218251,1.3357453427355543,KALLANG PAYA LEBAR EXPRESSWAY
103.89381073473393,1.335816372295801,KALLANG PAYA LEBAR EXPRESSWAY
103.89474341904618,1.3364944791420854,KALLANG PAYA LEBAR EXPRESSWAY
103.89529861026409,1.3370102474143795,KALLANG PAYA LEBAR EXPRESSWAY
103.89600915330377,1.3376641377842937,KALLANG PAYA LEBAR EXPRESSWAY
103.89418619837764,1.335766058623518,KALLANG PAYA LEBAR EXPRESSWAY
103.89373570162417,1.3354492774158082,KALLANG PAYA LEBAR EXPRESSWAY
103.89295795178415,1.3349999288785452,KALLANG PAYA LEBAR EXPRESSWAY
103.89180657175429,1.3344103881960883,KALLANG PAYA LEBAR EXPRESSWAY
103.88997290176641,1.3335750069349752,KALLANG PAYA LEBAR EXPRESSWAY
103.88861969412442,1.332717175256222,KALLANG PAYA LEBAR EXPRESSWAY
103.85197680783038,1.396978961928735,SELETAR EXPRESSWAY
103.8527855223117,1.3974274900445818,SELETAR EXPRESSWAY
103.85411412213459,1.3982165624235032,SELETAR EXPRESSWAY
103.8701398842857,1.3266860336649517,PAN ISLAND EXPRESSWAY
103.8695937440624,1.3271946997418456,PAN ISLAND EXPRESSWAY
103.86914542038255,1.3275228721301235,PAN ISLAND EXPRESSWAY
103.86878675860311,1.327769001918943,PAN ISLAND EXPRESSWAY
103.86809389211918,1.3281628109814119,PAN ISLAND EXPRESSWAY
103.86848191929434,1.3282063099097057,PAN ISLAND EXPRESSWAY
103.86887642796073,1.3279494918665633,PAN ISLAND EXPRESSWAY
103.86932475288855,1.32763772831348,PAN ISLAND EXPRESSWAY
103.8698464396471,1.3272275117681749,PAN ISLAND EXPRESSWAY
103.87027846063071,1.326833707061381,PAN ISLAND EXPRESSWAY
103.96843260356269,1.3196709696370645,EAST COAST PARKWAY
103.96782053483854,1.3191159199923008,EAST COAST PARKWAY
103.96732584986916,1.3187236896993817,EAST COAST PARKWAY
103.96614398119455,1.318000509643231,EAST COAST PARKWAY
103.90713615657538,1.367974600051465,KALLANG PAYA LEBAR EXPRESSWAY
103.90857124088134,1.3724570139014827,KALLANG PAYA LEBAR EXPRESSWAY
103.90912062799994,1.3739748348703906,KALLANG PAYA LEBAR EXPRESSWAY
103.96760621175991,1.346158999101747,PAN ISLAND EXPRESSWAY
103.96891942629698,1.3441085285851249,PAN ISLAND EXPRESSWAY
103.96632211065564,1.3482497351160023,TAMPINES EXPRESSWAY
103.96661857620481,1.3478709801400413,TAMPINES EXPRESSWAY
103.9669244032925,1.3474506990299717,TAMPINES EXPRESSWAY
103.9673120704317,1.346788287628509,TAMPINES EXPRESSWAY
103.86119431275385,1.340931873741171,CENTRAL EXPRESSWAY
103.86080511134125,1.342041562220105,CENTRAL EXPRESSWAY
103.86242915774827,1.3299591912205138,CENTRAL EXPRESSWAY
103.86243357264895,1.329677648039219,CENTRAL EXPRESSWAY
103.86224589670535,1.3295964772163968,CENTRAL EXPRESSWAY
103.86224372136645,1.329833677572918,CENTRAL EXPRESSWAY
103.90851681863052,1.326918063211131,PAN ISLAND EXPRESSWAY
103.90758743266056,1.3266457558526588,PAN ISLAND EXPRESSWAY
103.90758743266056,1.3266457558526588,PAN ISLAND EXPRESSWAY
103.90410940833937,1.3256267035938945,PAN ISLAND EXPRESSWAY
103.9555143407187,1.3489718957814478,PAN ISLAND EXPRESSWAY
103.95602388766808,1.349352494393866,PAN ISLAND EXPRESSWAY
103.95727970312505,1.3500191280376668,PAN ISLAND EXPRESSWAY
103.95816234444696,1.3503933574503522,PAN ISLAND EXPRESSWAY
103.95602388766808,1.349352494393866,PAN ISLAND EXPRESSWAY
103.95693486203947,1.3498340824228912,PAN ISLAND EXPRESSWAY
103.95727970312505,1.3500191280376668,PAN ISLAND EXPRESSWAY
103.95541789396427,1.3486523071265426,PAN ISLAND EXPRESSWAY
103.95479628207472,1.3481019859675605,PAN ISLAND EXPRESSWAY
103.96352817644907,1.3551959051102125,TAMPINES EXPRESSWAY
103.96379721191242,1.3543135886035955,TAMPINES EXPRESSWAY
103.9637362257727,1.3540143131817335,TAMPINES EXPRESSWAY
103.96354481484941,1.3546183966915832,TAMPINES EXPRESSWAY
103.96337289767142,1.3550279743745937,TAMPINES EXPRESSWAY
103.9673120704317,1.346788287628509,TAMPINES EXPRESSWAY
103.96749999417834,1.346442025063724,TAMPINES EXPRESSWAY
103.96760621175991,1.346158999101747,TAMPINES EXPRESSWAY
103.96379721191242,1.3543135886035955,TAMPINES EXPRESSWAY
103.96505879671204,1.3501761577693494,TAMPINES EXPRESSWAY
103.9653267717955,1.3496099826730903,TAMPINES EXPRESSWAY
103.96571254298357,1.3489839422931817,TAMPINES EXPRESSWAY
103.96613353125218,1.348490657564471,TAMPINES EXPRESSWAY
103.96632211065564,1.3482497351160023,TAMPINES EXPRESSWAY
103.96697508894418,1.3466370236678025,PAN ISLAND EXPRESSWAY
103.96686886737781,1.346832000022952,PAN ISLAND EXPRESSWAY
103.9667272552094,1.347028407216461,PAN ISLAND EXPRESSWAY
103.9667272552094,1.347028407216461,TAMPINES EXPRESSWAY
103.96645646415942,1.347404352740842,TAMPINES EXPRESSWAY
103.96572538126179,1.3483289275544554,TAMPINES EXPRESSWAY
103.96551293213463,1.3486308278768362,TAMPINES EXPRESSWAY
103.96527549234655,1.3490522283301793,TAMPINES EXPRESSWAY
103.96508179992367,1.3495428082698628,TAMPINES EXPRESSWAY
103.96449450322098,1.3515994571805243,TAMPINES EXPRESSWAY
103.96400716388432,1.3531592431799313,TAMPINES EXPRESSWAY
103.9637362257727,1.3540143131817335,TAMPINES EXPRESSWAY
103.85179713356565,1.3963530114071545,TAMPINES EXPRESSWAY
103.85068741686514,1.3962727132914752,TAMPINES EXPRESSWAY
103.84966615888224,1.3962811972583655,TAMPINES EXPRESSWAY
103.84839526798847,1.396414016180353,TAMPINES EXPRESSWAY
103.8595662070742,1.400698269414505,TAMPINES EXPRESSWAY
103.8591126542915,1.4006288708757955,TAMPINES EXPRESSWAY
103.85850078872532,1.4004977710196564,TAMPINES EXPRESSWAY
103.85763628184796,1.4002196774264695,TAMPINES EXPRESSWAY
103.85711520921441,1.4000051450594015,TAMPINES EXPRESSWAY
103.8566612430553,1.3997310188383865,TAMPINES EXPRESSWAY
103.85495590860076,1.3985431359898173,TAMPINES EXPRESSWAY
103.85474472434517,1.3983752943092382,TAMPINES EXPRESSWAY
103.85453747003126,1.3981537939434396,TAMPINES EXPRESSWAY
103.8536684480617,1.3972337071549144,TAMPINES EXPRESSWAY
103.85326177565798,1.3969165447722591,TAMPINES EXPRESSWAY
103.8528575993634,1.3966772688387803,TAMPINES EXPRESSWAY
103.71107746099442,1.367026127990998,KRANJI EXPRESSWAY
103.71027462356015,1.366760297382925,KRANJI EXPRESSWAY
103.70961664700187,1.3664594589367696,KRANJI EXPRESSWAY
103.70880566961208,1.3660583873162413,KRANJI EXPRESSWAY
103.7080485424448,1.3655756860197914,KRANJI EXPRESSWAY
103.70702301961826,1.3648438230971645,KRANJI EXPRESSWAY
103.70607403984947,1.3640118211356436,KRANJI EXPRESSWAY
103.70607403984947,1.3640118211356436,KRANJI EXPRESSWAY
103.70536231019761,1.3633107858932896,KRANJI EXPRESSWAY
103.70382286598961,1.3616104635799275,KRANJI EXPRESSWAY
103.70326370963878,1.3609066008932087,KRANJI EXPRESSWAY
103.86080511134125,1.342041562220105,CENTRAL EXPRESSWAY
103.86029882902623,1.3434850645880458,CENTRAL EXPRESSWAY
103.8616005168231,1.33978400635234,CENTRAL EXPRESSWAY
103.86119431275385,1.340931873741171,CENTRAL EXPRESSWAY
103.86048399643002,1.3434972253211324,CENTRAL EXPRESSWAY
103.86147286289476,1.3407183971283274,CENTRAL EXPRESSWAY
103.86147286289476,1.3407183971283274,CENTRAL EXPRESSWAY
103.86166632369927,1.340174673825202,CENTRAL EXPRESSWAY
103.85818200677379,1.3789873253965967,CENTRAL EXPRESSWAY
103.85816759198465,1.3794333109102006,CENTRAL EXPRESSWAY
103.85837839998399,1.3798509530839047,CENTRAL EXPRESSWAY
103.85835187437974,1.3794496580624669,CENTRAL EXPRESSWAY
103.85984578387422,1.3724399171185087,CENTRAL EXPRESSWAY
103.85902393188157,1.3743880251386478,CENTRAL EXPRESSWAY
103.85867962394937,1.3754660408666652,CENTRAL EXPRESSWAY
103.85843283939889,1.3765231520368464,CENTRAL EXPRESSWAY
103.85828767073055,1.3774119047740694,CENTRAL EXPRESSWAY
103.85820274099552,1.3783458307585175,CENTRAL EXPRESSWAY
103.85818200677379,1.3789873253965967,CENTRAL EXPRESSWAY
103.8601285598308,1.3718011289768,CENTRAL EXPRESSWAY
103.85984578387422,1.3724399171185087,CENTRAL EXPRESSWAY
103.85835187437974,1.3794496580624669,CENTRAL EXPRESSWAY
103.85833432515699,1.379184165879584,CENTRAL EXPRESSWAY
103.85835598474557,1.3783586476005132,CENTRAL EXPRESSWAY
103.85844091442118,1.3774247216117568,CENTRAL EXPRESSWAY
103.85858554122072,1.376538519178924,CENTRAL EXPRESSWAY
103.85883287290888,1.3754788775774387,CENTRAL EXPRESSWAY
103.85918514427513,1.374434028393021,CENTRAL EXPRESSWAY
103.85995516109199,1.372641400093428,CENTRAL EXPRESSWAY
103.6530110800743,1.3330680530733734,AYER RAJAH EXPRESSWAY
103.65611811666278,1.3300811719164218,AYER RAJAH EXPRESSWAY
103.65946628433102,1.32695427978323,AYER RAJAH EXPRESSWAY
103.7712647032814,1.4167824555749415,BUKIT TIMAH EXPRESSWAY
103.77116820908992,1.4207981636818878,BUKIT TIMAH EXPRESSWAY
103.67464885738319,1.322328496580774,AYER RAJAH EXPRESSWAY
103.66729596833136,1.3218077636976244,AYER RAJAH EXPRESSWAY
103.67273931888633,1.3303648326816906,PAN ISLAND EXPRESSWAY
103.67336739168604,1.3304347256797044,PAN ISLAND EXPRESSWAY
103.67378148391613,1.3305364543926397,PAN ISLAND EXPRESSWAY
103.67398808872751,1.3306103514154468,PAN ISLAND EXPRESSWAY
103.67432100838747,1.3307697277845147,PAN ISLAND EXPRESSWAY
103.67454565285476,1.3309236338555939,PAN ISLAND EXPRESSWAY
103.67478366314234,1.3311225616780151,PAN ISLAND EXPRESSWAY
103.67502233562308,1.3313649929108993,PAN ISLAND EXPRESSWAY
103.6751990543614,1.331599049360705,PAN ISLAND EXPRESSWAY
103.67535512656013,1.331855387023188,PAN ISLAND EXPRESSWAY
103.67555388734286,1.3323362513564905,PAN ISLAND EXPRESSWAY
103.67584660543521,1.3334109089655575,PAN ISLAND EXPRESSWAY
103.85028764267079,1.3178953049564526,CENTRAL EXPRESSWAY
103.8483502546523,1.3170129252671579,CENTRAL EXPRESSWAY
103.84758741005973,1.31655226179467,CENTRAL EXPRESSWAY
103.84697713327877,1.3160754353465265,CENTRAL EXPRESSWAY
103.84646250978247,1.3155322477687363,CENTRAL EXPRESSWAY
103.90666350438127,1.3003119521739699,EAST COAST PARKWAY
103.90534196809621,1.2999202208397387,EAST COAST PARKWAY
103.89572423316639,1.2962904216882265,EAST COAST PARKWAY
103.94780993497716,1.3669524972246994,TAMPINES EXPRESSWAY
103.95044528772014,1.3663030100073263,TAMPINES EXPRESSWAY
103.95396406191081,1.3654697299296756,TAMPINES EXPRESSWAY
103.95574426466204,1.3648148639256368,TAMPINES EXPRESSWAY
103.95703622625717,1.3641661680322055,TAMPINES EXPRESSWAY
103.9643369146154,1.349672838141009,PAN ISLAND EXPRESSWAY
103.96459834372004,1.3495239261708643,PAN ISLAND EXPRESSWAY
103.96503964187723,1.3492200907827512,PAN ISLAND EXPRESSWAY
103.9657209710565,1.3486435797603096,PAN ISLAND EXPRESSWAY
103.76217251688524,1.3124577903146333,AYER RAJAH EXPRESSWAY
103.76130310724503,1.313366320987883,AYER RAJAH EXPRESSWAY
103.76038999640681,1.3142617837808224,AYER RAJAH EXPRESSWAY
103.75939817539273,1.3153157263945867,AYER RAJAH EXPRESSWAY
103.75679945622335,1.3183003530994484,AYER RAJAH EXPRESSWAY
103.82538652438114,1.327179526815244,PAN ISLAND EXPRESSWAY
103.82478611674668,1.3278670526080374,PAN ISLAND EXPRESSWAY
103.82437184374766,1.3282621978641311,PAN ISLAND EXPRESSWAY
103.82384252943996,1.3286698752905148,PAN ISLAND EXPRESSWAY
103.82361203594715,1.3288216837402769,PAN ISLAND EXPRESSWAY
103.8232682272183,1.329020209371319,PAN ISLAND EXPRESSWAY
103.82274572706235,1.3292525800332626,PAN ISLAND EXPRESSWAY
103.82068539271546,1.330078231613544,PAN ISLAND EXPRESSWAY
103.82006753064697,1.3303888667227677,PAN ISLAND EXPRESSWAY
103.78348831258019,1.296972459353745,AYER RAJAH EXPRESSWAY
103.78298750893588,1.2973548580868937,AYER RAJAH EXPRESSWAY
103.7824645991503,1.2976931060973242,AYER RAJAH EXPRESSWAY
103.77998044111956,1.2990952861011067,AYER RAJAH EXPRESSWAY
103.77918347433236,1.2995701923885088,AYER RAJAH EXPRESSWAY
103.77836445196421,1.3001103441982513,AYER RAJAH EXPRESSWAY
103.7761937568777,1.3013877392790683,AYER RAJAH EXPRESSWAY
103.77467431074378,1.302250762558157,AYER RAJAH EXPRESSWAY
103.77133987533256,1.4127612717209768,BUKIT TIMAH EXPRESSWAY
103.7712647032814,1.4167824555749415,BUKIT TIMAH EXPRESSWAY
103.87341669829277,1.3225592944114168,PAN ISLAND EXPRESSWAY
103.87307434618795,1.323018732450323,PAN ISLAND EXPRESSWAY
103.73570427655548,1.3817350716435863,KRANJI EXPRESSWAY
103.7386623573245,1.384274297800111,KRANJI EXPRESSWAY
103.85816759198465,1.3794333109102006,CENTRAL EXPRESSWAY
103.85830410584404,1.383203779812722,CENTRAL EXPRESSWAY
103.85821443891092,1.3860571833063413,CENTRAL EXPRESSWAY
103.85811091275878,1.388449757319364,CENTRAL EXPRESSWAY
103.86370230232393,1.3298128894099464,PAN ISLAND EXPRESSWAY
103.86312614869442,1.3301283424170582,PAN ISLAND EXPRESSWAY
103.86279701592886,1.3302872920652142,PAN ISLAND EXPRESSWAY
103.86232606840504,1.3304335288909814,PAN ISLAND EXPRESSWAY
103.86183507923357,1.3304839602017495,PAN ISLAND EXPRESSWAY
103.86149940197546,1.330468836776521,PAN ISLAND EXPRESSWAY
103.86093827010794,1.3303932057313075,PAN ISLAND EXPRESSWAY
103.86009856782204,1.330132752643889,PAN ISLAND EXPRESSWAY
103.85906498076676,1.329785194727081,PAN ISLAND EXPRESSWAY
103.92891477428383,1.3354472778430992,PAN ISLAND EXPRESSWAY
103.927515616599,1.3353260851064663,PAN ISLAND EXPRESSWAY
103.92600849539231,1.3350302694226461,PAN ISLAND EXPRESSWAY
103.92555077528951,1.3349104396023617,PAN ISLAND EXPRESSWAY
103.92442321807891,1.3345397028477723,PAN ISLAND EXPRESSWAY
103.92308223316786,1.3339883059950088,PAN ISLAND EXPRESSWAY
103.9200664104379,1.3325835005673665,PAN ISLAND EXPRESSWAY
103.91549125941323,1.3798247149137124,KALLANG PAYA LEBAR EXPRESSWAY
103.91522069667572,1.379571876987786,KALLANG PAYA LEBAR EXPRESSWAY
103.91162611791302,1.3773547177010548,KALLANG PAYA LEBAR EXPRESSWAY
103.91103668310564,1.3769073919506791,KALLANG PAYA LEBAR EXPRESSWAY
103.83081929737254,1.3934100453099092,SELETAR EXPRESSWAY
103.83000634943677,1.3932107052638232,SELETAR EXPRESSWAY
103.82920949327976,1.3930760713113919,SELETAR EXPRESSWAY
103.82846023313418,1.392948478566374,SELETAR EXPRESSWAY
103.8278787906571,1.3928762936543808,SELETAR EXPRESSWAY
103.82700460462263,1.3928183289509797,SELETAR EXPRESSWAY
103.82550719729488,1.3928248249952586,SELETAR EXPRESSWAY
103.82418321618948,1.3929398616409439,SELETAR EXPRESSWAY
103.82293216601185,1.3931283177568816,SELETAR EXPRESSWAY
103.84455368697327,1.3109877811666606,CENTRAL EXPRESSWAY
103.84421662270903,1.3102238847850953,CENTRAL EXPRESSWAY
103.8437691180317,1.3096674446568808,CENTRAL EXPRESSWAY
103.84323925983993,1.3091187443262418,CENTRAL EXPRESSWAY
103.84252643680196,1.3085621358906767,CENTRAL EXPRESSWAY
103.84178736381206,1.3079789426299284,CENTRAL EXPRESSWAY
103.84483671007254,1.312947445025322,CENTRAL EXPRESSWAY
103.8450969459517,1.3136611385740926,CENTRAL EXPRESSWAY
103.84535506796992,1.3142451009871623,CENTRAL EXPRESSWAY
103.84574885635972,1.3149173268777443,CENTRAL EXPRESSWAY
103.84634347328483,1.3156825872652242,CENTRAL EXPRESSWAY
103.78699215936521,1.3445517337245834,PAN ISLAND EXPRESSWAY
103.78746545758474,1.3448288200090046,PAN ISLAND EXPRESSWAY
103.7877846414402,1.3450837138347775,PAN ISLAND EXPRESSWAY
103.78802675876352,1.3453718298085982,PAN ISLAND EXPRESSWAY
103.78822832889891,1.3456910144370342,PAN ISLAND EXPRESSWAY
103.78840983717477,1.346044721876297,PAN ISLAND EXPRESSWAY
103.7885529139249,1.3463548997356884,PAN ISLAND EXPRESSWAY
103.78866297377255,1.346626304172724,PAN ISLAND EXPRESSWAY
103.77378463757736,1.303019437649019,AYER RAJAH EXPRESSWAY
103.77536585456707,1.3020949132751813,AYER RAJAH EXPRESSWAY
103.77846776135564,1.3002712591100782,AYER RAJAH EXPRESSWAY
103.77929616884214,1.299741075375082,AYER RAJAH EXPRESSWAY
103.77970491759625,1.2994877481587734,AYER RAJAH EXPRESSWAY
103.78274701005729,1.29776475193203,AYER RAJAH EXPRESSWAY
103.7834882942621,1.2972657384234598,AYER RAJAH EXPRESSWAY
103.77644043263534,1.3777099077812422,BUKIT TIMAH EXPRESSWAY
103.77588678026603,1.37982159012865,BUKIT TIMAH EXPRESSWAY
103.77554802963785,1.3813866556790666,BUKIT TIMAH EXPRESSWAY
103.77528896882954,1.3829806012460726,BUKIT TIMAH EXPRESSWAY
103.77484114372045,1.3863769199204707,BUKIT TIMAH EXPRESSWAY
103.64663593679072,1.3391116343043035,AYER RAJAH EXPRESSWAY
103.6530110800743,1.3330680530733734,AYER RAJAH EXPRESSWAY
103.88317098641323,1.321428310333232,PAN ISLAND EXPRESSWAY
103.88159413492859,1.3207768936741326,PAN ISLAND EXPRESSWAY
103.88031616131681,1.3202614631945986,PAN ISLAND EXPRESSWAY
103.77399136119854,1.39296638157871,BUKIT TIMAH EXPRESSWAY
103.77380927130432,1.3953332186155858,BUKIT TIMAH EXPRESSWAY
103.7738300872998,1.3971041502677626,BUKIT TIMAH EXPRESSWAY
103.77378483639184,1.3985392836822144,BUKIT TIMAH EXPRESSWAY
103.77374750961211,1.399419373182998,BUKIT TIMAH EXPRESSWAY
103.77364064892126,1.4007196236822388,BUKIT TIMAH EXPRESSWAY
103.77332845237726,1.40254263078863,BUKIT TIMAH EXPRESSWAY
103.77299091996917,1.4040766486874972,BUKIT TIMAH EXPRESSWAY
103.77237892864218,1.4062893470301288,BUKIT TIMAH EXPRESSWAY
103.6759998800117,1.3339736276962122,PAN ISLAND EXPRESSWAY
103.677001426991,1.3374848596531062,PAN ISLAND EXPRESSWAY
103.67720860908557,1.3379753278726652,PAN ISLAND EXPRESSWAY
103.67742416135839,1.3383225403846282,PAN ISLAND EXPRESSWAY
103.6778289128487,1.3388091803786466,PAN ISLAND EXPRESSWAY
103.67838275365341,1.3392261930956268,PAN ISLAND EXPRESSWAY
103.6788970498683,1.3394316622599747,PAN ISLAND EXPRESSWAY
103.67947048500525,1.3395448639905692,PAN ISLAND EXPRESSWAY
103.68095425865576,1.3395473909248763,PAN ISLAND EXPRESSWAY
103.68132573684291,1.3395789302289582,PAN ISLAND EXPRESSWAY
103.68171656787099,1.339673423274655,PAN ISLAND EXPRESSWAY
103.6821465316636,1.3398166303064192,PAN ISLAND EXPRESSWAY
103.68246711729927,1.3399836658397877,PAN ISLAND EXPRESSWAY
103.68304735602618,1.3403730853748126,PAN ISLAND EXPRESSWAY
103.68883880231047,1.3449077432992236,PAN ISLAND EXPRESSWAY
103.82011588634455,1.3305738448060098,PAN ISLAND EXPRESSWAY
103.82082836207877,1.3302252910680918,PAN ISLAND EXPRESSWAY
103.82270333676243,1.3294738588695085,PAN ISLAND EXPRESSWAY
103.82339683240227,1.32915878025337,PAN ISLAND EXPRESSWAY
103.82366038199582,1.3290065993568412,PAN ISLAND EXPRESSWAY
103.8240573207735,1.3287265933362162,PAN ISLAND EXPRESSWAY
103.82448537035691,1.3283849404461083,PAN ISLAND EXPRESSWAY
103.82500735715603,1.3278658442323816,PAN ISLAND EXPRESSWAY
103.82553640204307,1.3272963178436237,PAN ISLAND EXPRESSWAY
103.84839526798847,1.396414016180353,SELETAR EXPRESSWAY
103.84564439337568,1.3965270135949956,SELETAR EXPRESSWAY
103.84456561870145,1.39649183203438,SELETAR EXPRESSWAY
103.8434892008121,1.396405509985674,SELETAR EXPRESSWAY
103.84234034638084,1.3962507273603337,SELETAR EXPRESSWAY
103.84133177473687,1.3960631234161631,SELETAR EXPRESSWAY
103.84013403215775,1.3958051383632688,SELETAR EXPRESSWAY
103.83731280387677,1.3950985579721684,SELETAR EXPRESSWAY
103.82553640204307,1.3272963178436237,PAN ISLAND EXPRESSWAY
103.82606823975404,1.3269119093527113,PAN ISLAND EXPRESSWAY
103.82646953383102,1.3267367387000601,PAN ISLAND EXPRESSWAY
103.82685245668453,1.3266463747237274,PAN ISLAND EXPRESSWAY
103.82719581237983,1.3266299631959197,PAN ISLAND EXPRESSWAY
103.82736489425179,1.3266426563693703,PAN ISLAND EXPRESSWAY
103.82896430912662,1.3269265822863272,PAN ISLAND EXPRESSWAY
103.82940911429617,1.3269509240099602,PAN ISLAND EXPRESSWAY
103.8299158039707,1.3268740022263252,PAN ISLAND EXPRESSWAY
103.83022524202076,1.3267913256246735,PAN ISLAND EXPRESSWAY
103.83060237995254,1.3266114099687232,PAN ISLAND EXPRESSWAY
103.74239799895136,1.3244080119052248,AYER RAJAH EXPRESSWAY
103.73960018289269,1.3263485108059887,AYER RAJAH EXPRESSWAY
103.87132997885077,1.3256687005557461,PAN ISLAND EXPRESSWAY
103.8717130886448,1.3251190173971616,PAN ISLAND EXPRESSWAY
103.87251191341197,1.3240688731368642,PAN ISLAND EXPRESSWAY
103.93514229138052,1.3092976707380268,EAST COAST PARKWAY
103.93733750769644,1.309904592285772,EAST COAST PARKWAY
103.82382513564873,1.2787311062298208,AYER RAJAH EXPRESSWAY
103.82406317810802,1.27870435327789,AYER RAJAH EXPRESSWAY
103.82421389894327,1.2786621163608507,AYER RAJAH EXPRESSWAY
103.82477610019949,1.278449046310018,AYER RAJAH EXPRESSWAY
103.82593727731744,1.277867217705356,AYER RAJAH EXPRESSWAY
103.65524687655729,1.3306597247855647,AYER RAJAH EXPRESSWAY
103.64986594306535,1.3358329783231588,AYER RAJAH EXPRESSWAY
103.64653705898961,1.3390165821386788,AYER RAJAH EXPRESSWAY
103.68367257031582,1.3226486610046426,AYER RAJAH EXPRESSWAY
103.68044549471422,1.3226484060888606,AYER RAJAH EXPRESSWAY
103.67829159275203,1.322602598664818,AYER RAJAH EXPRESSWAY
103.67464885738319,1.322328496580774,AYER RAJAH EXPRESSWAY
103.97386440140865,1.3275597547421143,EAST COAST PARKWAY
103.9704748929197,1.3225484404291583,EAST COAST PARKWAY
103.7904513071079,1.2909741435736504,AYER RAJAH EXPRESSWAY
103.79199141162792,1.289988362954952,AYER RAJAH EXPRESSWAY
103.79281108337992,1.2893663578349028,AYER RAJAH EXPRESSWAY
103.91531733425381,1.3799025206113995,KALLANG PAYA LEBAR EXPRESSWAY
103.91587496926729,1.3804572638599886,KALLANG PAYA LEBAR EXPRESSWAY
103.91617182344694,1.3808632555985798,KALLANG PAYA LEBAR EXPRESSWAY
103.86069392831041,1.4009361050611582,TAMPINES EXPRESSWAY
103.868920388867,1.4011388842854418,TAMPINES EXPRESSWAY
103.7631308966214,1.3334219633884377,PAN ISLAND EXPRESSWAY
103.76132356201639,1.3344131542143465,PAN ISLAND EXPRESSWAY
103.78503778915335,1.2952589892481705,AYER RAJAH EXPRESSWAY
103.78348831258019,1.296972459353745,AYER RAJAH EXPRESSWAY
103.91755450378417,1.3315876289404498,PAN ISLAND EXPRESSWAY
103.91929639368273,1.332442671298858,PAN ISLAND EXPRESSWAY
103.76874078209053,1.3057103540564956,AYER RAJAH EXPRESSWAY
103.76959201316888,1.3050930849519486,AYER RAJAH EXPRESSWAY
103.77039036416309,1.3046301340097881,AYER RAJAH EXPRESSWAY
103.77102291663005,1.3043637142028421,AYER RAJAH EXPRESSWAY
103.84178736381206,1.3079789426299284,CENTRAL EXPRESSWAY
103.8412100221925,1.307570209641912,CENTRAL EXPRESSWAY
103.8407470468067,1.307098208631901,CENTRAL EXPRESSWAY
103.84046702486964,1.3066435237933296,CENTRAL EXPRESSWAY
103.84024049597159,1.3060890692543472,CENTRAL EXPRESSWAY
103.86809389211918,1.3281628109814119,PAN ISLAND EXPRESSWAY
103.8675151416726,1.328408943694165,PAN ISLAND EXPRESSWAY
103.86691193771938,1.3286468731177608,PAN ISLAND EXPRESSWAY
103.86614570507712,1.3288765992817035,PAN ISLAND EXPRESSWAY
103.8653171569854,1.3291377680612508,PAN ISLAND EXPRESSWAY
103.86462754609761,1.32940322962355,PAN ISLAND EXPRESSWAY
103.86370230232393,1.3298128894099464,PAN ISLAND EXPRESSWAY
103.7496084896769,1.389763535568262,KRANJI EXPRESSWAY
103.7531255857667,1.3890844399868876,KRANJI EXPRESSWAY
103.76143243726013,1.31349021988875,AYER RAJAH EXPRESSWAY
103.76358933427366,1.3113188536002125,AYER RAJAH EXPRESSWAY
103.76510364877576,1.3097284176163915,AYER RAJAH EXPRESSWAY
103.93629747380882,1.3350499605989994,PAN ISLAND EXPRESSWAY
103.93028193577473,1.335441676598853,PAN ISLAND EXPRESSWAY
103.72695369623271,1.3541598752581208,PAN ISLAND EXPRESSWAY
103.72596448767902,1.3545757369732656,PAN ISLAND EXPRESSWAY
103.72502336432579,1.354915232407267,PAN ISLAND EXPRESSWAY
103.72384253969877,1.355201096892709,PAN ISLAND EXPRESSWAY
103.72291386582157,1.3553343186462825,PAN ISLAND EXPRESSWAY
103.72146945860534,1.3554316328140885,PAN ISLAND EXPRESSWAY
103.86192467907578,1.3276233846774963,CENTRAL EXPRESSWAY
103.86164483597742,1.3270794515630788,CENTRAL EXPRESSWAY
103.86115671405264,1.3264251168630186,CENTRAL EXPRESSWAY
103.86025929508479,1.3255570816177171,CENTRAL EXPRESSWAY
103.85885448421418,1.3242595252099796,CENTRAL EXPRESSWAY
103.85758923206646,1.322991135964307,CENTRAL EXPRESSWAY
103.85645000499845,1.321623801040613,CENTRAL EXPRESSWAY
103.93733750769644,1.309904592285772,EAST COAST PARKWAY
103.93923895468255,1.310444422388416,EAST COAST PARKWAY
103.9259864868067,1.3060244345560486,EAST COAST PARKWAY
103.92638296944072,1.3061500422454575,EAST COAST PARKWAY
103.92701771696971,1.3064482758021996,EAST COAST PARKWAY
103.92803364439287,1.3069942143897415,EAST COAST PARKWAY
103.92897761315984,1.3074720576231924,EAST COAST PARKWAY
103.92986319636915,1.3078051964396573,EAST COAST PARKWAY
103.77104867842023,1.4237602913422993,BUKIT TIMAH EXPRESSWAY
103.77089423885386,1.424986172427398,BUKIT TIMAH EXPRESSWAY
103.7705681037343,1.4262685416393395,BUKIT TIMAH EXPRESSWAY
103.77012870190066,1.4275081140779757,BUKIT TIMAH EXPRESSWAY
103.76971771112571,1.4284911971043892,BUKIT TIMAH EXPRESSWAY
103.82344291977603,1.3932228142611545,SELETAR EXPRESSWAY
103.82458970592239,1.3930657913729236,SELETAR EXPRESSWAY
103.82568615328378,1.3929831128178671,SELETAR EXPRESSWAY
103.82691260586662,1.392981494976828,SELETAR EXPRESSWAY
103.82778679195879,1.393039460619102,SELETAR EXPRESSWAY
103.82836833421511,1.3931117142858462,SELETAR EXPRESSWAY
103.82911759530576,1.3932393061558848,SELETAR EXPRESSWAY
103.83038154805831,1.3935358997252645,SELETAR EXPRESSWAY
103.92045198695182,1.3799513226998865,TAMPINES EXPRESSWAY
103.92148057493408,1.379399358982045,TAMPINES EXPRESSWAY
103.92285485044565,1.378797757576989,TAMPINES EXPRESSWAY
103.92348350698992,1.3785794403512497,TAMPINES EXPRESSWAY
103.92399978337725,1.378430456651982,TAMPINES EXPRESSWAY
103.92735547106452,1.3776182176833889,TAMPINES EXPRESSWAY
103.92863016337378,1.3772909989519369,TAMPINES EXPRESSWAY
103.66729596833136,1.3218077636976244,AYER RAJAH EXPRESSWAY
103.66623015489533,1.3217342187760306,AYER RAJAH EXPRESSWAY
103.66567844009177,1.321726553979737,AYER RAJAH EXPRESSWAY
103.66520298529055,1.3217969514401404,AYER RAJAH EXPRESSWAY
103.66478107666204,1.3218960442112548,AYER RAJAH EXPRESSWAY
103.66430892115127,1.3220881713786183,AYER RAJAH EXPRESSWAY
103.66391870763397,1.3223233290332426,AYER RAJAH EXPRESSWAY
103.66359153567116,1.3225934933300605,AYER RAJAH EXPRESSWAY
103.66339676321209,1.322769045256934,AYER RAJAH EXPRESSWAY
103.66306966355964,1.3231103907936312,AYER RAJAH EXPRESSWAY
103.66223853085906,1.3240384622357424,AYER RAJAH EXPRESSWAY
103.66092382840264,1.3252936519047351,AYER RAJAH EXPRESSWAY
103.80336849938791,1.4169130605898328,SELETAR EXPRESSWAY
103.80462152285861,1.4158263179353936,SELETAR EXPRESSWAY
103.80534751416438,1.4150135389213718,SELETAR EXPRESSWAY
103.84255743286408,1.3294809339755136,PAN ISLAND EXPRESSWAY
103.84227697917994,1.329446875739487,PAN ISLAND EXPRESSWAY
103.84193850201073,1.3293641574349717,PAN ISLAND EXPRESSWAY
103.84149368236521,1.3292035926407397,PAN ISLAND EXPRESSWAY
103.84052198503946,1.3287662440617976,PAN ISLAND EXPRESSWAY
103.83852036810008,1.3276323947622644,PAN ISLAND EXPRESSWAY
103.83768877827157,1.327262551951836,PAN ISLAND EXPRESSWAY
103.70412275022964,1.3220893603556372,AYER RAJAH EXPRESSWAY
103.7067774589364,1.3218201544044401,AYER RAJAH EXPRESSWAY
103.70858876465694,1.3216361781135462,AYER RAJAH EXPRESSWAY
103.7086713663362,1.321461550793796,AYER RAJAH EXPRESSWAY
103.70669830470419,1.3216607519449137,AYER RAJAH EXPRESSWAY
103.70474380601817,1.3218258824122995,AYER RAJAH EXPRESSWAY
103.70474380601817,1.3218258824122995,AYER RAJAH EXPRESSWAY
103.70029597697342,1.322262563911184,AYER RAJAH EXPRESSWAY
103.70858876465694,1.3216361781135462,AYER RAJAH EXPRESSWAY
103.70974517871174,1.3215615576495447,AYER RAJAH EXPRESSWAY
103.71073639006708,1.3216449151515661,AYER RAJAH EXPRESSWAY
103.71176890322813,1.3218613422090193,AYER RAJAH EXPRESSWAY
103.91617182344694,1.3808632555985798,KALLANG PAYA LEBAR EXPRESSWAY
103.91647572067858,1.381293051693668,KALLANG PAYA LEBAR EXPRESSWAY
103.91647572067858,1.381293051693668,KALLANG PAYA LEBAR EXPRESSWAY
103.9166766040321,1.381577157558684,KALLANG PAYA LEBAR EXPRESSWAY
103.91753652512637,1.382480185265013,KALLANG PAYA LEBAR EXPRESSWAY
103.91779180997555,1.38285993362376,KALLANG PAYA LEBAR EXPRESSWAY
103.91790442766138,1.383121498556285,KALLANG PAYA LEBAR EXPRESSWAY
103.91800838224565,1.3834092179758952,KALLANG PAYA LEBAR EXPRESSWAY
103.91805614130413,1.383708271079587,KALLANG PAYA LEBAR EXPRESSWAY
103.9162062953739,1.3806023320255807,KALLANG PAYA LEBAR EXPRESSWAY
103.91601342960408,1.3803549574475573,KALLANG PAYA LEBAR EXPRESSWAY
103.91549125941323,1.3798247149137124,KALLANG PAYA LEBAR EXPRESSWAY
103.91816258640802,1.383454180084229,KALLANG PAYA LEBAR EXPRESSWAY
103.91808635423301,1.383130233600372,KALLANG PAYA LEBAR EXPRESSWAY
103.91788811875722,1.3827468513124113,KALLANG PAYA LEBAR EXPRESSWAY
103.91753588386867,1.3823108342332742,KALLANG PAYA LEBAR EXPRESSWAY
103.91672148227865,1.3814447526747016,KALLANG PAYA LEBAR EXPRESSWAY
103.70569284114066,1.3628359266365568,PAN ISLAND EXPRESSWAY
103.70626399164955,1.3628913130299365,PAN ISLAND EXPRESSWAY
103.7068110057349,1.3628623617239408,PAN ISLAND EXPRESSWAY
103.7073004423726,1.3627826978667819,PAN ISLAND EXPRESSWAY
103.7077358999136,1.3626595647166257,PAN ISLAND EXPRESSWAY
103.70811719786988,1.3625250146960435,PAN ISLAND EXPRESSWAY
103.70886976170009,1.3621058196578841,PAN ISLAND EXPRESSWAY
103.70914239636333,1.3619118155603727,PAN ISLAND EXPRESSWAY
103.71042324565126,1.36079123932788,PAN ISLAND EXPRESSWAY
103.70304342440784,1.361431067341638,PAN ISLAND EXPRESSWAY
103.7037443941522,1.362033993775972,PAN ISLAND EXPRESSWAY
103.7037443941522,1.362033993775972,PAN ISLAND EXPRESSWAY
103.70438723771089,1.3624367707338683,PAN ISLAND EXPRESSWAY
103.70481370334412,1.3626018885740152,PAN ISLAND EXPRESSWAY
103.70517820539456,1.362722978681512,PAN ISLAND EXPRESSWAY
103.70569284114066,1.3628359266365568,PAN ISLAND EXPRESSWAY
103.72146945860534,1.3554316328140885,PAN ISLAND EXPRESSWAY
103.72015805402904,1.3555087235808674,PAN ISLAND EXPRESSWAY
103.71875526540909,1.355588679723322,PAN ISLAND EXPRESSWAY
103.71807160957627,1.3556867541329307,PAN ISLAND EXPRESSWAY
103.71720300022442,1.3559628938307897,PAN ISLAND EXPRESSWAY
103.71606973304937,1.356410520897258,PAN ISLAND EXPRESSWAY
103.71606973304937,1.356410520897258,PAN ISLAND EXPRESSWAY
103.71458357838985,1.3569975329338713,PAN ISLAND EXPRESSWAY
103.71610956262067,1.3565817747277829,PAN ISLAND EXPRESSWAY
103.71724731055775,1.3561058820150345,PAN ISLAND EXPRESSWAY
103.71814258937081,1.3558476454392696,PAN ISLAND EXPRESSWAY
103.71882624434957,1.355749571013193,PAN ISLAND EXPRESSWAY
103.72004258393476,1.3556874247225696,PAN ISLAND EXPRESSWAY
103.72101880943897,1.355644072837675,PAN ISLAND EXPRESSWAY
103.71475216758911,1.357149540163805,PAN ISLAND EXPRESSWAY
103.71610956262067,1.3565817747277829,PAN ISLAND EXPRESSWAY
103.97799150122606,1.337845635292527,PAN ISLAND EXPRESSWAY
103.97920254329186,1.3373158324420358,PAN ISLAND EXPRESSWAY
103.98031012008671,1.3368371100018452,PAN ISLAND EXPRESSWAY
103.98056926976624,1.3368229962865759,PAN ISLAND EXPRESSWAY
103.98088445575374,1.3368793714236462,PAN ISLAND EXPRESSWAY
103.98116429443998,1.33704182212563,PAN ISLAND EXPRESSWAY
103.97305707716647,1.3400610053819961,PAN ISLAND EXPRESSWAY
103.97347548967649,1.3397690596738225,PAN ISLAND EXPRESSWAY
103.97799150122606,1.337845635292527,PAN ISLAND EXPRESSWAY
103.98124166543772,1.3369216458797573,PAN ISLAND EXPRESSWAY
103.98089845412976,1.3367101871460851,PAN ISLAND EXPRESSWAY
103.98054824781607,1.3366679122131289,PAN ISLAND EXPRESSWAY
103.98026808717584,1.3366961261860069,PAN ISLAND EXPRESSWAY
103.9789933806243,1.337246049931068,PAN ISLAND EXPRESSWAY
103.9778584167292,1.3377328539146813,PAN ISLAND EXPRESSWAY
103.9778584167292,1.3377328539146813,PAN ISLAND EXPRESSWAY
103.9769866643067,1.338092438929359,PAN ISLAND EXPRESSWAY
103.77147274307941,1.4109551900620672,BUKIT TIMAH EXPRESSWAY
103.77133987533256,1.4127612717209768,BUKIT TIMAH EXPRESSWAY
103.77179159059371,1.4086712847352243,BUKIT TIMAH EXPRESSWAY
103.77157732874417,1.4098563813218097,BUKIT TIMAH EXPRESSWAY
103.77147274307941,1.4109551900620672,BUKIT TIMAH EXPRESSWAY
103.77237892864218,1.4062893470301288,BUKIT TIMAH EXPRESSWAY
103.77179159059371,1.4086712847352243,BUKIT TIMAH EXPRESSWAY
103.77153320236897,1.4126654541718846,BUKIT TIMAH EXPRESSWAY
103.77165883891013,1.4110349870204093,BUKIT TIMAH EXPRESSWAY
103.77165883891013,1.4110349870204093,BUKIT TIMAH EXPRESSWAY
103.77182180664825,1.4098947409837828,BUKIT TIMAH EXPRESSWAY
103.77201716156674,1.4086980001894616,BUKIT TIMAH EXPRESSWAY
103.77201716156674,1.4086980001894616,BUKIT TIMAH EXPRESSWAY
103.77257878671554,1.4063396231268435,BUKIT TIMAH EXPRESSWAY
103.7701809302239,1.4206934476383923,SELETAR EXPRESSWAY
103.77063342814047,1.421097535913666,SELETAR EXPRESSWAY
103.77063342814047,1.421097535913666,SELETAR EXPRESSWAY
103.77274456972212,1.4228059359287324,SELETAR EXPRESSWAY
103.77438759315271,1.4240380644520905,SELETAR EXPRESSWAY
103.77320230508117,1.4229480397441343,SELETAR EXPRESSWAY
103.77058880822271,1.4208484350453878,SELETAR EXPRESSWAY
103.77058880822271,1.4208484350453878,SELETAR EXPRESSWAY
103.77050055070919,1.4207775323540643,SELETAR EXPRESSWAY
103.77022538603264,1.4205311888938552,SELETAR EXPRESSWAY
103.75638453499076,1.3886644559911578,KRANJI EXPRESSWAY
103.75547172955253,1.3886331892048438,KRANJI EXPRESSWAY
103.77313972068494,1.390276521079553,KRANJI EXPRESSWAY
103.77165311139377,1.3903433872908861,KRANJI EXPRESSWAY
103.9024290569859,1.3254098667869156,PAN ISLAND EXPRESSWAY
103.90315179787218,1.3255141729100455,PAN ISLAND EXPRESSWAY
103.90387454083951,1.3256902627042668,PAN ISLAND EXPRESSWAY
103.90410940833937,1.3256267035938945,PAN ISLAND EXPRESSWAY
103.9031256971643,1.3253384783452868,PAN ISLAND EXPRESSWAY
103.90760998827683,1.326800412241163,PAN ISLAND EXPRESSWAY
103.90840500735021,1.3270461769990005,PAN ISLAND EXPRESSWAY
103.9088652832444,1.3272452441229259,PAN ISLAND EXPRESSWAY
103.90387454083951,1.3256902627042668,PAN ISLAND EXPRESSWAY
103.90760998827683,1.326800412241163,PAN ISLAND EXPRESSWAY
103.94454233663592,1.3393555672569373,PAN ISLAND EXPRESSWAY
103.9399406897619,1.3354819876642123,PAN ISLAND EXPRESSWAY
103.93941332056347,1.3352027026379707,PAN ISLAND EXPRESSWAY
103.93887301672258,1.3350067406274824,PAN ISLAND EXPRESSWAY
103.93828821810949,1.3349342747899184,PAN ISLAND EXPRESSWAY
103.93753688220748,1.334950971643071,PAN ISLAND EXPRESSWAY
103.96337289767142,1.3550279743745937,TAMPINES EXPRESSWAY
103.96255790961439,1.3575371428055594,TAMPINES EXPRESSWAY
103.85197680783038,1.396978961928735,SELETAR EXPRESSWAY
103.85361901063054,1.3976268590418919,SELETAR EXPRESSWAY
103.85402342415443,1.3977366362397876,SELETAR EXPRESSWAY
103.85443350730502,1.3977954334120022,SELETAR EXPRESSWAY
103.85475396228391,1.3978384311926118,SELETAR EXPRESSWAY
103.85507143542792,1.3978428686842677,SELETAR EXPRESSWAY
103.98106700512398,1.339278983238667,EAST COAST PARKWAY
103.98030656116492,1.337551459969991,EAST COAST PARKWAY
103.80090030489707,1.418943825730239,SELETAR EXPRESSWAY
103.80209620803186,1.4180061780301858,SELETAR EXPRESSWAY
103.80336849938791,1.4169130605898328,SELETAR EXPRESSWAY
103.81999131341527,1.2790348589077514,AYER RAJAH EXPRESSWAY
103.81949895590948,1.279242533741459,AYER RAJAH EXPRESSWAY
103.81898401769502,1.2795178792658126,AYER RAJAH EXPRESSWAY
103.81821965574771,1.2799956815822022,AYER RAJAH EXPRESSWAY
103.81441948976943,1.2823327150495973,AYER RAJAH EXPRESSWAY
103.81358915226815,1.2827535721169656,AYER RAJAH EXPRESSWAY
103.81284339687741,1.2830360192611903,AYER RAJAH EXPRESSWAY
103.81257985564878,1.2831153452963178,AYER RAJAH EXPRESSWAY
103.81171628697429,1.2833166623783119,AYER RAJAH EXPRESSWAY
103.81065312709853,1.2834574979915885,AYER RAJAH EXPRESSWAY
103.80169628115453,1.2840203178058518,AYER RAJAH EXPRESSWAY
103.8011090967645,1.284073442760239,AYER RAJAH EXPRESSWAY
103.80067274862172,1.2841757154167188,AYER RAJAH EXPRESSWAY
103.80037429574232,1.284273456209849,AYER RAJAH EXPRESSWAY
103.79973154061094,1.2845710688033871,AYER RAJAH EXPRESSWAY
103.79926864528869,1.284854013044356,AYER RAJAH EXPRESSWAY
103.79761822676628,1.2859531851002484,AYER RAJAH EXPRESSWAY
103.85741723531315,1.3521872126321142,CENTRAL EXPRESSWAY
103.85914553559786,1.3472516408094823,CENTRAL EXPRESSWAY
103.74944904523551,1.3896124722880474,KRANJI EXPRESSWAY
103.74878023827858,1.3896582986011603,KRANJI EXPRESSWAY
103.74783711980422,1.3896614477992437,KRANJI EXPRESSWAY
103.74733994070085,1.3896161472732778,KRANJI EXPRESSWAY
103.74676496725168,1.389523954357814,KRANJI EXPRESSWAY
103.7459977745847,1.3893404948832602,KRANJI EXPRESSWAY
103.7450846918106,1.3890130180089266,KRANJI EXPRESSWAY
103.7441337846094,1.3885184284428667,KRANJI EXPRESSWAY
103.74361512479764,1.3881791766941258,KRANJI EXPRESSWAY
103.74309296708857,1.3877896873394358,KRANJI EXPRESSWAY
103.74148588981453,1.386420793032827,KRANJI EXPRESSWAY
103.73883054242356,1.3841204407617735,KRANJI EXPRESSWAY
103.85507143542792,1.3978428686842677,SELETAR EXPRESSWAY
103.85519125299413,1.3978318967253442,SELETAR EXPRESSWAY
103.85531223410558,1.3978084807005853,SELETAR EXPRESSWAY
103.85542856221718,1.3977694535821996,SELETAR EXPRESSWAY
103.8555557478179,1.3977241826256093,SELETAR EXPRESSWAY
103.85583984377749,1.397604404125834,SELETAR EXPRESSWAY
103.85607679928701,1.39748682094305,SELETAR EXPRESSWAY
103.85641442123126,1.397304364904683,SELETAR EXPRESSWAY
103.85678525841993,1.3970479740144117,SELETAR EXPRESSWAY
103.8570616392055,1.3967673154196258,SELETAR EXPRESSWAY
103.85739092881789,1.3963574759896267,SELETAR EXPRESSWAY
103.85757291137901,1.396034834110726,SELETAR EXPRESSWAY
103.85771109039158,1.3956714483633206,SELETAR EXPRESSWAY
103.85782520576677,1.3953441117133458,SELETAR EXPRESSWAY
103.8579107920479,1.3949248919739148,SELETAR EXPRESSWAY
103.90625404466981,1.3950224182320157,TAMPINES EXPRESSWAY
103.90698036194277,1.3943667022000117,TAMPINES EXPRESSWAY
103.90822824131716,1.3930739095730689,TAMPINES EXPRESSWAY
103.91312776731907,1.3874301873567916,TAMPINES EXPRESSWAY
103.84749439385884,1.3298603990004974,PAN ISLAND EXPRESSWAY
103.8530913237399,1.329427636343642,PAN ISLAND EXPRESSWAY
103.95479628207472,1.3481019859675605,PAN ISLAND EXPRESSWAY
103.9497145433042,1.3437677343462617,PAN ISLAND EXPRESSWAY
103.75904398671311,1.315989265261056,AYER RAJAH EXPRESSWAY
103.7593745877194,1.315585126663372,AYER RAJAH EXPRESSWAY
103.7603664079569,1.314531185876595,AYER RAJAH EXPRESSWAY
103.76143243726013,1.31349021988875,AYER RAJAH EXPRESSWAY
103.85906498076676,1.329785194727081,PAN ISLAND EXPRESSWAY
103.85693947819276,1.329133359205969,PAN ISLAND EXPRESSWAY
103.85629911879901,1.3290006823457876,PAN ISLAND EXPRESSWAY
103.85520997597517,1.3290644490895542,PAN ISLAND EXPRESSWAY
103.85343162200725,1.3292093009897603,PAN ISLAND EXPRESSWAY
103.66633551817809,1.3270453132895865,PAN ISLAND EXPRESSWAY
103.66700126473788,1.327591456681037,PAN ISLAND EXPRESSWAY
103.6675599556325,1.327987281609129,PAN ISLAND EXPRESSWAY
103.67005154584437,1.3293278831815556,PAN ISLAND EXPRESSWAY
103.67062804719194,1.329692822966891,PAN ISLAND EXPRESSWAY
103.84437643133256,1.311033814123227,CENTRAL EXPRESSWAY
103.84455654167171,1.3115949562417348,CENTRAL EXPRESSWAY
103.84467176416928,1.312137739133032,CENTRAL EXPRESSWAY
103.84483671007254,1.312947445025322,CENTRAL EXPRESSWAY
103.72639836216477,1.3249892038423106,AYER RAJAH EXPRESSWAY
103.72435731184669,1.3245249997830388,AYER RAJAH EXPRESSWAY
103.72259790578303,1.3241337960924717,AYER RAJAH EXPRESSWAY
103.72128454738458,1.3238507895933642,AYER RAJAH EXPRESSWAY
103.94611596987707,1.3671643624096366,TAMPINES EXPRESSWAY
103.94556090168011,1.3674243005736937,TAMPINES EXPRESSWAY
103.94493793498118,1.3677254816339508,TAMPINES EXPRESSWAY
103.94446902232738,1.367970672611077,TAMPINES EXPRESSWAY
103.94385873066356,1.3683728167657752,TAMPINES EXPRESSWAY
103.89430392201598,1.3238298761305753,PAN ISLAND EXPRESSWAY
103.9024290569859,1.3254098667869156,PAN ISLAND EXPRESSWAY
103.77180021511265,1.3904711695916523,KRANJI EXPRESSWAY
103.77464131995693,1.3903934770626445,KRANJI EXPRESSWAY
103.77499794162372,1.390447323629725,KRANJI EXPRESSWAY
103.77527135069269,1.390531079009062,KRANJI EXPRESSWAY
103.77554613058699,1.3907061913998269,KRANJI EXPRESSWAY
103.77574166021063,1.3908542251669636,KRANJI EXPRESSWAY
103.7386623573245,1.384274297800111,KRANJI EXPRESSWAY
103.74146711200105,1.3866379244277207,KRANJI EXPRESSWAY
103.74299590508055,1.387921985590365,KRANJI EXPRESSWAY
103.74355395920624,1.3883330453971394,KRANJI EXPRESSWAY
103.74407261814198,1.3886722962561635,KRANJI EXPRESSWAY
103.74502352538835,1.389166885849497,KRANJI EXPRESSWAY
103.74593660821026,1.3894943627504304,KRANJI EXPRESSWAY
103.74670380092019,1.389677821343219,KRANJI EXPRESSWAY
103.74727877440286,1.3897700151800967,KRANJI EXPRESSWAY
103.74777595263768,1.3898153157208646,KRANJI EXPRESSWAY
103.74852042867867,1.3898483935952717,KRANJI EXPRESSWAY
103.7496084896769,1.389763535568262,KRANJI EXPRESSWAY
103.75659633156971,1.3370995006162292,PAN ISLAND EXPRESSWAY
103.75123803911931,1.3401346272287153,PAN ISLAND EXPRESSWAY
103.75123803911931,1.3401346272287153,PAN ISLAND EXPRESSWAY
103.74675916843226,1.3426613747988594,PAN ISLAND EXPRESSWAY
103.74675916843226,1.3426613747988594,PAN ISLAND EXPRESSWAY
103.74547960135108,1.3433848295489905,PAN ISLAND EXPRESSWAY
103.74489279690908,1.343713456620348,PAN ISLAND EXPRESSWAY
103.74396922941374,1.3442090799464286,PAN ISLAND EXPRESSWAY
103.74345789606524,1.3444249434491193,PAN ISLAND EXPRESSWAY
103.74290041198721,1.3446084696063185,PAN ISLAND EXPRESSWAY
103.7423826223965,1.3447494649107459,PAN ISLAND EXPRESSWAY
103.74183921264627,1.3448519793794151,PAN ISLAND EXPRESSWAY
103.74136225728168,1.3449166395961563,PAN ISLAND EXPRESSWAY
103.74085792787868,1.3449411892575147,PAN ISLAND EXPRESSWAY
103.74023118962964,1.344960789059119,PAN ISLAND EXPRESSWAY
103.74026053793023,1.3451628213233078,PAN ISLAND EXPRESSWAY
103.74120877920059,1.345096076632784,PAN ISLAND EXPRESSWAY
103.74189431996317,1.345009435632597,PAN ISLAND EXPRESSWAY
103.74243607710821,1.3449119782917545,PAN ISLAND EXPRESSWAY
103.74295420566608,1.3447661582124322,PAN ISLAND EXPRESSWAY
103.74351168977752,1.3445826311409033,PAN ISLAND EXPRESSWAY
103.74351168977752,1.3445826311409033,PAN ISLAND EXPRESSWAY
103.74411314020625,1.3443287551254444,PAN ISLAND EXPRESSWAY
103.75142236556259,1.3402233596450144,PAN ISLAND EXPRESSWAY
103.79205801266083,1.4242367589398754,SELETAR EXPRESSWAY
103.79453059108002,1.4229069335860567,SELETAR EXPRESSWAY
103.79809230173797,1.420739377786385,SELETAR EXPRESSWAY
103.79584689339474,1.421985580719403,SELETAR EXPRESSWAY
103.80072856461675,1.418828599218521,SELETAR EXPRESSWAY
103.79930214130431,1.4199264490032302,SELETAR EXPRESSWAY
103.79809230173797,1.420739377786385,SELETAR EXPRESSWAY
103.674920923709,1.322556690719055,AYER RAJAH EXPRESSWAY
103.6758353869392,1.322594794854617,AYER RAJAH EXPRESSWAY
103.67824411830871,1.3227548304361363,AYER RAJAH EXPRESSWAY
103.68026281458731,1.3228169894256099,AYER RAJAH EXPRESSWAY
103.68355774025373,1.3228262389856127,AYER RAJAH EXPRESSWAY
103.86166632369927,1.340174673825202,CENTRAL EXPRESSWAY
103.86192703989387,1.3393312017538965,CENTRAL EXPRESSWAY
103.86211640620888,1.3384404421859188,CENTRAL EXPRESSWAY
103.86217345755936,1.3378302758881173,CENTRAL EXPRESSWAY
103.86224475679228,1.3357916079356813,CENTRAL EXPRESSWAY
103.86230161635956,1.3350012696222406,CENTRAL EXPRESSWAY
103.77144880513578,1.4177258119318625,BUKIT TIMAH EXPRESSWAY
103.77153320236897,1.4126654541718846,BUKIT TIMAH EXPRESSWAY
103.83022521429157,1.2805243393782617,CENTRAL EXPRESSWAY
103.83105120121445,1.2811893894276853,CENTRAL EXPRESSWAY
103.83175269526579,1.2816425310542232,CENTRAL EXPRESSWAY
103.83256800028856,1.2820541006757462,CENTRAL EXPRESSWAY
103.833694654686,1.2825300246179456,CENTRAL EXPRESSWAY
103.79281108337992,1.2893663578349028,AYER RAJAH EXPRESSWAY
103.7940869781751,1.2883849143839399,AYER RAJAH EXPRESSWAY
103.87027846063071,1.326833707061381,PAN ISLAND EXPRESSWAY
103.87088980967685,1.326210181943787,PAN ISLAND EXPRESSWAY
103.87132997885077,1.3256687005557461,PAN ISLAND EXPRESSWAY
103.86580834395724,1.3291921220532983,PAN ISLAND EXPRESSWAY
103.86687371612646,1.3288649213323867,PAN ISLAND EXPRESSWAY
103.86760041825664,1.3286133044496267,PAN ISLAND EXPRESSWAY
103.8681974011228,1.3283530697028396,PAN ISLAND EXPRESSWAY
103.86848191929434,1.3282063099097057,PAN ISLAND EXPRESSWAY
103.97112728101531,1.3408812070149763,PAN ISLAND EXPRESSWAY
103.97055979490699,1.3414354248255027,PAN ISLAND EXPRESSWAY
103.97024265882565,1.341788111286135,PAN ISLAND EXPRESSWAY
103.96990368494365,1.342252995888327,PAN ISLAND EXPRESSWAY
103.96821229814627,1.3449514098184425,PAN ISLAND EXPRESSWAY
103.76971771112571,1.4284911971043892,BUKIT TIMAH EXPRESSWAY
103.76936783409313,1.4296066036566069,BUKIT TIMAH EXPRESSWAY
103.76954051621529,1.4297842001128052,BUKIT TIMAH EXPRESSWAY
103.76994410885148,1.4286174280954518,BUKIT TIMAH EXPRESSWAY
103.77438759315271,1.4240380644520905,SELETAR EXPRESSWAY
103.77525980233531,1.424631668359338,SELETAR EXPRESSWAY
103.76936783409313,1.4296066036566069,BUKIT TIMAH EXPRESSWAY
103.76926407522375,1.4299373887889917,BUKIT TIMAH EXPRESSWAY
103.7690089043082,1.4307530991688093,BUKIT TIMAH EXPRESSWAY
103.76881877599655,1.431507496425616,BUKIT TIMAH EXPRESSWAY
103.76866236158357,1.4324007740562106,BUKIT TIMAH EXPRESSWAY
103.76866236158357,1.4324007740562106,BUKIT TIMAH EXPRESSWAY
103.7685263536081,1.4335993263775906,BUKIT TIMAH EXPRESSWAY
103.76848801059553,1.4347806913236012,BUKIT TIMAH EXPRESSWAY
103.76847339537737,1.4354355737600464,BUKIT TIMAH EXPRESSWAY
103.76842539978045,1.4367681198968478,BUKIT TIMAH EXPRESSWAY
103.7687083806489,1.4336088246550793,BUKIT TIMAH EXPRESSWAY
103.7688429586068,1.4324196351506306,BUKIT TIMAH EXPRESSWAY
103.76904268409359,1.431499718899086,BUKIT TIMAH EXPRESSWAY
103.76925662265153,1.430604925321482,BUKIT TIMAH EXPRESSWAY
103.76954051621529,1.4297842001128052,BUKIT TIMAH EXPRESSWAY
103.76862013811531,1.4367948439615585,BUKIT TIMAH EXPRESSWAY
103.76865569664511,1.4354446750406167,BUKIT TIMAH EXPRESSWAY
103.76866995357541,1.4347790017287279,BUKIT TIMAH EXPRESSWAY
103.7687083806489,1.4336088246550793,BUKIT TIMAH EXPRESSWAY
103.75142236556259,1.3402233596450144,PAN ISLAND EXPRESSWAY
103.75644563775643,1.3373988339298066,PAN ISLAND EXPRESSWAY
103.78791144388063,1.4260301347198907,SELETAR EXPRESSWAY
103.78903742460102,1.4257112926705982,SELETAR EXPRESSWAY
103.78249484687595,1.4266178922972679,SELETAR EXPRESSWAY
103.78416518485174,1.4266204981199544,SELETAR EXPRESSWAY
103.78416518485174,1.4266204981199544,SELETAR EXPRESSWAY
103.78451661593793,1.4266210455545043,SELETAR EXPRESSWAY
103.78566396539787,1.42649967613936,SELETAR EXPRESSWAY
103.78724855014065,1.4262178447271685,SELETAR EXPRESSWAY
103.78791144388063,1.4260301347198907,SELETAR EXPRESSWAY
103.80324423537634,1.4167786723172673,SELETAR EXPRESSWAY
103.8023375071058,1.4175175951417978,SELETAR EXPRESSWAY
103.8023375071058,1.4175175951417978,SELETAR EXPRESSWAY
103.80169542810997,1.418040800642433,SELETAR EXPRESSWAY
103.80169542810997,1.418040800642433,SELETAR EXPRESSWAY
103.80072856461675,1.418828599218521,SELETAR EXPRESSWAY
103.82153476696581,1.3934533938480897,SELETAR EXPRESSWAY
103.8207081852485,1.3936711052414716,SELETAR EXPRESSWAY
103.81737151981466,1.3946940535658536,SELETAR EXPRESSWAY
103.81687090389097,1.3948399213055434,SELETAR EXPRESSWAY
103.816122971321,1.3951745686043502,SELETAR EXPRESSWAY
103.82293216601185,1.3931283177568816,SELETAR EXPRESSWAY
103.82153476696581,1.3934533938480897,SELETAR EXPRESSWAY
103.81624863477234,1.395333091883231,SELETAR EXPRESSWAY
103.81691229490349,1.395007835775567,SELETAR EXPRESSWAY
103.81755894119804,1.3948098071067898,SELETAR EXPRESSWAY
103.82078120106073,1.3938494896407194,SELETAR EXPRESSWAY
103.82130363935747,1.3937198156183634,SELETAR EXPRESSWAY
103.82130363935747,1.3937198156183634,SELETAR EXPRESSWAY
103.8222766626171,1.393476484076081,SELETAR EXPRESSWAY
103.82344291977603,1.3932228142611545,SELETAR EXPRESSWAY
103.83200871865905,1.393719753007921,SELETAR EXPRESSWAY
103.83081929737254,1.3934100453099092,SELETAR EXPRESSWAY
103.83038154805831,1.3935358997252645,SELETAR EXPRESSWAY
103.83186372557772,1.3939074211339757,SELETAR EXPRESSWAY
103.83575714356145,1.3948822416370978,SELETAR EXPRESSWAY
103.83727977594953,1.3952630546214386,SELETAR EXPRESSWAY
103.83186372557772,1.3939074211339757,SELETAR EXPRESSWAY
103.83575714356145,1.3948822416370978,SELETAR EXPRESSWAY
103.83731280387677,1.3950985579721684,SELETAR EXPRESSWAY
103.83590884073996,1.3947339058673198,SELETAR EXPRESSWAY
103.83590884073996,1.3947339058673198,SELETAR EXPRESSWAY
103.83200871865905,1.393719753007921,SELETAR EXPRESSWAY
103.92863016337378,1.3772909989519369,TAMPINES EXPRESSWAY
103.92917341540083,1.3770815907801517,TAMPINES EXPRESSWAY
103.92911460289815,1.376899506911371,TAMPINES EXPRESSWAY
103.92853091039974,1.3771245042932756,TAMPINES EXPRESSWAY
103.76848924061927,1.3322893221476184,PAN ISLAND EXPRESSWAY
103.7677332202176,1.3321744477840403,PAN ISLAND EXPRESSWAY
103.76711984296065,1.3321600754010505,PAN ISLAND EXPRESSWAY
103.76650646404637,1.3321744146114205,PAN ISLAND EXPRESSWAY
103.76571802789438,1.3323087913956542,PAN ISLAND EXPRESSWAY
103.76495793440814,1.3325233116349655,PAN ISLAND EXPRESSWAY
103.7640911112056,1.3328988406583873,PAN ISLAND EXPRESSWAY
103.7631308966214,1.3334219633884377,PAN ISLAND EXPRESSWAY
103.89295330310428,1.4004854378881393,TAMPINES EXPRESSWAY
103.89438709981341,1.4002942463313466,TAMPINES EXPRESSWAY
103.85765093556303,1.3953808144327882,SELETAR EXPRESSWAY
103.85752960424176,1.3957645011663065,SELETAR EXPRESSWAY
103.85732215261791,1.3962033287565356,SELETAR EXPRESSWAY
103.8569202582644,1.3966676441817243,SELETAR EXPRESSWAY
103.85663796369413,1.3969258818267445,SELETAR EXPRESSWAY
103.85626712740661,1.3971822726938274,SELETAR EXPRESSWAY
103.85592950456935,1.397364729615337,SELETAR EXPRESSWAY
103.85557300924724,1.39750042562315,SELETAR EXPRESSWAY
103.85538816085324,1.3975476342738296,SELETAR EXPRESSWAY
103.85511245611838,1.39760183268455,SELETAR EXPRESSWAY
103.85473758377458,1.3976315092398914,SELETAR EXPRESSWAY
103.85438600136645,1.3976197349050485,SELETAR EXPRESSWAY
103.85397591824747,1.3975609377239202,SELETAR EXPRESSWAY
103.85334670010589,1.3972946333218392,SELETAR EXPRESSWAY
103.72987922884096,1.3764203866098208,KRANJI EXPRESSWAY
103.72445171580735,1.3718490100923004,KRANJI EXPRESSWAY
103.72371726692128,1.3713252979448618,KRANJI EXPRESSWAY
103.7228756958405,1.3708323814054135,KRANJI EXPRESSWAY
103.72224833631654,1.3705243018923619,KRANJI EXPRESSWAY
103.72169748076782,1.3702624324111166,KRANJI EXPRESSWAY
103.72110071424189,1.3700313632362824,KRANJI EXPRESSWAY
103.72038153189196,1.3697694828173008,KRANJI EXPRESSWAY
103.7195881196081,1.369532251571707,KRANJI EXPRESSWAY
103.71107746099442,1.367026127990998,KRANJI EXPRESSWAY
103.76698287681629,1.3072093847089863,AYER RAJAH EXPRESSWAY
103.76720540828263,1.3069681433408524,AYER RAJAH EXPRESSWAY
103.7674817126795,1.3067139067520763,AYER RAJAH EXPRESSWAY
103.76874078209053,1.3057103540564956,AYER RAJAH EXPRESSWAY
103.98030656116492,1.337551459969991,EAST COAST PARKWAY
103.97988033222018,1.3366720410315716,EAST COAST PARKWAY
103.97953318560491,1.335978150641149,EAST COAST PARKWAY
103.97898632391764,1.3350737068652234,EAST COAST PARKWAY
103.64226130355691,1.343281985615888,AYER RAJAH EXPRESSWAY
103.64416786022284,1.3414513349642283,AYER RAJAH EXPRESSWAY
103.9497145433042,1.3437677343462617,PAN ISLAND EXPRESSWAY
103.94797762075488,1.3423774398840687,PAN ISLAND EXPRESSWAY
103.9467336957336,1.3413380671555017,PAN ISLAND EXPRESSWAY
103.94454233663592,1.3393555672569373,PAN ISLAND EXPRESSWAY
103.92986319636915,1.3078051964396573,EAST COAST PARKWAY
103.93206587941367,1.308418440430654,EAST COAST PARKWAY
103.89601596426859,1.400050805390933,TAMPINES EXPRESSWAY
103.8974206080214,1.3997053355971458,TAMPINES EXPRESSWAY
103.89899435935244,1.3992160456265343,TAMPINES EXPRESSWAY
103.90077917820955,1.3985282226665539,TAMPINES EXPRESSWAY
103.90208225235986,1.3978588173290183,TAMPINES EXPRESSWAY
103.93112606967173,1.3079307578982449,EAST COAST PARKWAY
103.92969432602789,1.307516998612862,EAST COAST PARKWAY
103.92898212689875,1.3072436116170474,EAST COAST PARKWAY
103.92746962327544,1.3064381923346875,EAST COAST PARKWAY
103.92667666022824,1.3060317893686861,EAST COAST PARKWAY
103.92594977838436,1.3057510106351455,EAST COAST PARKWAY
103.9121552312838,1.3018493264087292,EAST COAST PARKWAY
103.8530913237399,1.329427636343642,PAN ISLAND EXPRESSWAY
103.85503803901409,1.3292480266667512,PAN ISLAND EXPRESSWAY
103.85622381076291,1.3291832932372412,PAN ISLAND EXPRESSWAY
103.85663354269427,1.3292436367211,PAN ISLAND EXPRESSWAY
103.94230769773166,1.311331800207762,EAST COAST PARKWAY
103.94351171237041,1.3116350171761897,EAST COAST PARKWAY
103.94419448663176,1.3117459982983997,EAST COAST PARKWAY
103.9449800549333,1.3118200512823268,EAST COAST PARKWAY
103.94776262009,1.3118797158392905,EAST COAST PARKWAY
103.94921630763221,1.3119095603165583,EAST COAST PARKWAY
103.95025149909583,1.3119910492069555,EAST COAST PARKWAY
103.95102822687048,1.31212689759177,EAST COAST PARKWAY
103.95177681334977,1.3123635518634207,EAST COAST PARKWAY
103.9659728027717,1.3181298290572325,EAST COAST PARKWAY
103.96690326617873,1.3186471365897008,EAST COAST PARKWAY
103.96783366719914,1.3194015367433185,EAST COAST PARKWAY
103.96862499564291,1.3202205960466948,EAST COAST PARKWAY
103.97023956283401,1.3225699899806427,EAST COAST PARKWAY
103.9216472118786,1.3047535918023456,EAST COAST PARKWAY
103.92493654302561,1.3056771632969668,EAST COAST PARKWAY
103.9259864868067,1.3060244345560486,EAST COAST PARKWAY
103.89689181027987,1.2969849550781738,EAST COAST PARKWAY
103.89956464910122,1.2979971626798272,EAST COAST PARKWAY
103.661311947381,1.325199481773292,AYER RAJAH EXPRESSWAY
103.66242380180931,1.3241053209077218,AYER RAJAH EXPRESSWAY
103.66307763401213,1.3233692709017255,AYER RAJAH EXPRESSWAY
103.66352869426574,1.3228780876814852,AYER RAJAH EXPRESSWAY
103.66395213712842,1.322510723902417,AYER RAJAH EXPRESSWAY
103.66450662695678,1.3221831373614077,AYER RAJAH EXPRESSWAY
103.66497720639371,1.3220180983657206,AYER RAJAH EXPRESSWAY
103.66539910515588,1.3219190055621681,AYER RAJAH EXPRESSWAY
103.66572812294395,1.3218830985832595,AYER RAJAH EXPRESSWAY
103.66638846262664,1.3219018880311808,AYER RAJAH EXPRESSWAY
103.66730309566411,1.3219829958437928,AYER RAJAH EXPRESSWAY
103.77137382758762,1.4209432426884863,BUKIT TIMAH EXPRESSWAY
103.77140955665388,1.4200896241158427,BUKIT TIMAH EXPRESSWAY
103.77144880513578,1.4177258119318625,BUKIT TIMAH EXPRESSWAY
103.84102578406852,1.3028697183217883,CENTRAL EXPRESSWAY
103.84058009767314,1.3033654453931025,CENTRAL EXPRESSWAY
103.84032637183267,1.3037794552631023,CENTRAL EXPRESSWAY
103.84018160079479,1.3041317735679891,CENTRAL EXPRESSWAY
103.84007275892859,1.3044568703877244,CENTRAL EXPRESSWAY
103.8399950462968,1.3047858703575896,CENTRAL EXPRESSWAY
103.8399678910751,1.3050365259757748,CENTRAL EXPRESSWAY
103.83997337620879,1.3055331470160152,CENTRAL EXPRESSWAY
103.84003391416118,1.3059282321632126,CENTRAL EXPRESSWAY
103.84009201023434,1.30611911808385,CENTRAL EXPRESSWAY
103.85832988705138,1.3884497559042117,CENTRAL EXPRESSWAY
103.85845733589531,1.3834223005864894,CENTRAL EXPRESSWAY
103.85837839998399,1.3798509530839047,CENTRAL EXPRESSWAY
103.85781958832787,1.3935647014129289,SELETAR EXPRESSWAY
103.85778964168131,1.394290782136366,SELETAR EXPRESSWAY
103.85773761239945,1.3949273627013072,SELETAR EXPRESSWAY
103.85765093556303,1.3953808144327882,SELETAR EXPRESSWAY
103.94410422159302,1.368458096712437,TAMPINES EXPRESSWAY
103.94465078460254,1.3680670013573695,TAMPINES EXPRESSWAY
103.94582888332161,1.367501297135997,TAMPINES EXPRESSWAY
103.94678945435342,1.367163637738506,TAMPINES EXPRESSWAY
103.94780993497716,1.3669524972246994,TAMPINES EXPRESSWAY
103.87599157932665,1.4012993180716946,TAMPINES EXPRESSWAY
103.88132078323248,1.4013967987806393,TAMPINES EXPRESSWAY
103.8494958901729,1.2730426462245346,AYER RAJAH EXPRESSWAY
103.84865714796115,1.2726349166253745,AYER RAJAH EXPRESSWAY
103.84822921871694,1.2724856093963328,AYER RAJAH EXPRESSWAY
103.84785834683451,1.2723937271393422,AYER RAJAH EXPRESSWAY
103.84744753638799,1.2723765012813166,AYER RAJAH EXPRESSWAY
103.84698537312724,1.2724109600896045,AYER RAJAH EXPRESSWAY
103.84614663408365,1.2725258187709536,AYER RAJAH EXPRESSWAY
103.84545053814581,1.2725947347673052,AYER RAJAH EXPRESSWAY
103.84461911184835,1.2726401566765801,AYER RAJAH EXPRESSWAY
103.84087202819478,1.2724968927955953,AYER RAJAH EXPRESSWAY
103.83909021087119,1.272458731404994,AYER RAJAH EXPRESSWAY
103.83282220420776,1.272305248086222,AYER RAJAH EXPRESSWAY
103.77714255369774,1.3759621329869822,BUKIT TIMAH EXPRESSWAY
103.77788586737296,1.373219814599251,BUKIT TIMAH EXPRESSWAY
103.7779231156956,1.373070212889398,BUKIT TIMAH EXPRESSWAY
103.77834773591708,1.3716745198351985,BUKIT TIMAH EXPRESSWAY
103.84890776899624,1.3295893849341986,PAN ISLAND EXPRESSWAY
103.84801858310394,1.3296621664423809,PAN ISLAND EXPRESSWAY
103.84657204435096,1.3296750410695428,PAN ISLAND EXPRESSWAY
103.84255743286408,1.3294809339755136,PAN ISLAND EXPRESSWAY
103.79048892072548,1.3509000883021662,BUKIT TIMAH EXPRESSWAY
103.78989647164589,1.3516795311045564,BUKIT TIMAH EXPRESSWAY
103.7894821590604,1.3520960827857502,BUKIT TIMAH EXPRESSWAY
103.78884070071192,1.3526335165651489,BUKIT TIMAH EXPRESSWAY
103.78810575713973,1.3531305739778385,BUKIT TIMAH EXPRESSWAY
103.78523254623423,1.3549937543650494,BUKIT TIMAH EXPRESSWAY
103.78395062561793,1.3560430475567038,BUKIT TIMAH EXPRESSWAY
103.78290905816363,1.3571056473600058,BUKIT TIMAH EXPRESSWAY
103.78196095727671,1.3583160660623048,BUKIT TIMAH EXPRESSWAY
103.78125321136027,1.3594725741030682,BUKIT TIMAH EXPRESSWAY
103.78071406158423,1.3606023272828736,BUKIT TIMAH EXPRESSWAY
103.7802370618777,1.3618003186632006,BUKIT TIMAH EXPRESSWAY
103.81883576982544,1.3312759355613655,PAN ISLAND EXPRESSWAY
103.82011588634455,1.3305738448060098,PAN ISLAND EXPRESSWAY
103.8573354742216,1.3583152276617183,CENTRAL EXPRESSWAY
103.86016117089956,1.3662347597620312,CENTRAL EXPRESSWAY
103.84548069083218,1.314094921576774,CENTRAL EXPRESSWAY
103.84524479805464,1.3135174243728192,CENTRAL EXPRESSWAY
103.84508500243687,1.313086119144805,CENTRAL EXPRESSWAY
103.8620336203363,1.3360539692595637,CENTRAL EXPRESSWAY
103.86200510765725,1.3375566488546287,CENTRAL EXPRESSWAY
103.86193854873713,1.3383319178377053,CENTRAL EXPRESSWAY
103.86180734533322,1.3390015569044986,CENTRAL EXPRESSWAY
103.8616005168231,1.33978400635234,CENTRAL EXPRESSWAY
103.84024049597159,1.3060890692543472,CENTRAL EXPRESSWAY
103.84018252029315,1.3058981471622468,CENTRAL EXPRESSWAY
103.8401229392706,1.305502979718885,CENTRAL EXPRESSWAY
103.84011745410768,1.3050063595833692,CENTRAL EXPRESSWAY
103.84014461021282,1.3047557030591954,CENTRAL EXPRESSWAY
103.84022232192568,1.304426703989092,CENTRAL EXPRESSWAY
103.84033116377138,1.3041016071628786,CENTRAL EXPRESSWAY
103.84056060006743,1.303662455118605,CENTRAL EXPRESSWAY
103.8408427271713,1.3032709086562564,CENTRAL EXPRESSWAY
103.8411414604306,1.302948643686206,CENTRAL EXPRESSWAY
103.94793433069322,1.366721460099137,TAMPINES EXPRESSWAY
103.94611596987707,1.3671643624096366,TAMPINES EXPRESSWAY
103.84508500243687,1.313086119144805,CENTRAL EXPRESSWAY
103.8450135918618,1.312862518929408,CENTRAL EXPRESSWAY
103.84489457435106,1.3122476202261495,CENTRAL EXPRESSWAY
103.84473588304326,1.3115848066452724,CENTRAL EXPRESSWAY
103.84455368697327,1.3109877811666606,CENTRAL EXPRESSWAY
103.85663354269427,1.3292436367211,PAN ISLAND EXPRESSWAY
103.8579841002768,1.329614073836593,PAN ISLAND EXPRESSWAY
103.85931164977133,1.3300645069091699,PAN ISLAND EXPRESSWAY
103.80707447168372,1.4113958786201712,SELETAR EXPRESSWAY
103.80827121203124,1.4081249343153757,SELETAR EXPRESSWAY
103.80857000856054,1.4074407808038256,SELETAR EXPRESSWAY
103.80885253201315,1.4068848658787898,SELETAR EXPRESSWAY
103.80921786041311,1.4063617738566392,SELETAR EXPRESSWAY
103.80961566241567,1.405765131089582,SELETAR EXPRESSWAY
103.80997286842106,1.4053074062801456,SELETAR EXPRESSWAY
103.81062142593811,1.4045365202271736,SELETAR EXPRESSWAY
103.8111086753973,1.403890970053601,SELETAR EXPRESSWAY
103.81159593133074,1.4031963860602106,SELETAR EXPRESSWAY
103.81196769485277,1.402501197687256,SELETAR EXPRESSWAY
103.8126266684044,1.401298110154482,SELETAR EXPRESSWAY
103.8130559741195,1.400357341150703,SELETAR EXPRESSWAY
103.81334774158003,1.3996445746110657,SELETAR EXPRESSWAY
103.81398474043598,1.3978043710465726,SELETAR EXPRESSWAY
103.81423957762253,1.3972900522809848,SELETAR EXPRESSWAY
103.81460600632394,1.3967106699109495,SELETAR EXPRESSWAY
103.8150616743256,1.3961723155566719,SELETAR EXPRESSWAY
103.81565530985006,1.3956669126599042,SELETAR EXPRESSWAY
103.81624863477234,1.395333091883231,SELETAR EXPRESSWAY
103.84308459062946,1.291240892821339,CENTRAL EXPRESSWAY
103.8436790643059,1.292387150290696,CENTRAL EXPRESSWAY
103.84394214282119,1.2931813226081326,CENTRAL EXPRESSWAY
103.84406171443332,1.293574399755831,CENTRAL EXPRESSWAY
103.84409360911451,1.2942161604171554,CENTRAL EXPRESSWAY
103.84383060714983,1.2963419958413316,CENTRAL EXPRESSWAY
103.84373496565574,1.2968794720030972,CENTRAL EXPRESSWAY
103.84365305903847,1.2982472888386287,CENTRAL EXPRESSWAY
103.84359950221382,1.299141679616261,CENTRAL EXPRESSWAY
103.84352824236571,1.300072359000147,CENTRAL EXPRESSWAY
103.84336079962789,1.300585829061027,CENTRAL EXPRESSWAY
103.84315351206662,1.3009549002451437,CENTRAL EXPRESSWAY
103.84297138868497,1.3012120489383403,CENTRAL EXPRESSWAY
103.84269909172788,1.3014684138723736,CENTRAL EXPRESSWAY
103.84249978607012,1.3016690090479415,CENTRAL EXPRESSWAY
103.88012890707822,1.3203783929197568,PAN ISLAND EXPRESSWAY
103.88153905163237,1.3209501528681642,PAN ISLAND EXPRESSWAY
103.88307458826174,1.3215807790555931,PAN ISLAND EXPRESSWAY
103.94385873066356,1.3683728167657752,TAMPINES EXPRESSWAY
103.94290386575646,1.3691721528179608,TAMPINES EXPRESSWAY
103.94105086266599,1.3708754886624905,TAMPINES EXPRESSWAY
103.71458357838985,1.3569975329338713,PAN ISLAND EXPRESSWAY
103.71409516584218,1.3572741749240769,PAN ISLAND EXPRESSWAY
103.7116971070937,1.3593722051911696,PAN ISLAND EXPRESSWAY
103.63745537669313,1.3476934166656755,AYER RAJAH EXPRESSWAY
103.63963802396037,1.3456522174173098,AYER RAJAH EXPRESSWAY
103.64103402807481,1.344357024609559,AYER RAJAH EXPRESSWAY
103.64226130355691,1.343281985615888,AYER RAJAH EXPRESSWAY
103.92069461830066,1.379593837982275,TAMPINES EXPRESSWAY
103.91998363630057,1.380026635382608,TAMPINES EXPRESSWAY
103.91916257344562,1.380635788310181,TAMPINES EXPRESSWAY
103.91839825584873,1.3813168222412104,TAMPINES EXPRESSWAY
103.91929639368273,1.332442671298858,PAN ISLAND EXPRESSWAY
103.92134624312888,1.3333721303893513,PAN ISLAND EXPRESSWAY
103.92350290367733,1.3343531071084516,PAN ISLAND EXPRESSWAY
103.92441679774888,1.334706716398163,PAN ISLAND EXPRESSWAY
103.92546185666411,1.335050328074026,PAN ISLAND EXPRESSWAY
103.92606347806696,1.3351984029542698,PAN ISLAND EXPRESSWAY
103.92733183316452,1.3354473537410314,PAN ISLAND EXPRESSWAY
103.92884078228651,1.3356007475685288,PAN ISLAND EXPRESSWAY
103.94118398165766,1.3710465147960902,TAMPINES EXPRESSWAY
103.94245081433087,1.3698589185642993,TAMPINES EXPRESSWAY
103.9431495798341,1.369223333855613,TAMPINES EXPRESSWAY
103.94410422159302,1.368458096712437,TAMPINES EXPRESSWAY
103.87039484921513,1.4011735499656353,TAMPINES EXPRESSWAY
103.87487778121688,1.4012789430024,TAMPINES EXPRESSWAY
103.88757289602728,1.322254052210526,PAN ISLAND EXPRESSWAY
103.8861744431534,1.3221883081483639,PAN ISLAND EXPRESSWAY
103.8855002089795,1.3221509831052813,PAN ISLAND EXPRESSWAY
103.88495030581849,1.3220741833960883,PAN ISLAND EXPRESSWAY
103.88442420258552,1.3219064745639237,PAN ISLAND EXPRESSWAY
103.88381642815717,1.3216924701673525,PAN ISLAND EXPRESSWAY
103.88317098641323,1.321428310333232,PAN ISLAND EXPRESSWAY
103.84009201023434,1.30611911808385,CENTRAL EXPRESSWAY
103.84059595639214,1.307220480093907,CENTRAL EXPRESSWAY
103.77484114372045,1.3863769199204707,BUKIT TIMAH EXPRESSWAY
103.77432700456706,1.3906159498708186,BUKIT TIMAH EXPRESSWAY
103.77409130212934,1.3923496352465101,BUKIT TIMAH EXPRESSWAY
103.77399136119854,1.39296638157871,BUKIT TIMAH EXPRESSWAY
103.64398286914782,1.3413249833483476,AYER RAJAH EXPRESSWAY
103.64206140470505,1.3431650931808947,AYER RAJAH EXPRESSWAY
103.96891942629698,1.3441085285851249,PAN ISLAND EXPRESSWAY
103.96924492612034,1.3436002870125805,PAN ISLAND EXPRESSWAY
103.97000220497446,1.3424539739311954,PAN ISLAND EXPRESSWAY
103.9704538900219,1.3419514606005,PAN ISLAND EXPRESSWAY
103.97089369144369,1.3414968058014005,PAN ISLAND EXPRESSWAY
103.97127406321303,1.341173757047659,PAN ISLAND EXPRESSWAY
103.97183273579333,1.340743022065163,PAN ISLAND EXPRESSWAY
103.97233197987761,1.3404319302035446,PAN ISLAND EXPRESSWAY
103.97305707716647,1.3400610053819961,PAN ISLAND EXPRESSWAY
103.76994410885148,1.4286174280954518,BUKIT TIMAH EXPRESSWAY
103.77028381299465,1.4276481409309243,BUKIT TIMAH EXPRESSWAY
103.77075676088637,1.4262127385488506,BUKIT TIMAH EXPRESSWAY
103.77107274456574,1.4249953620030253,BUKIT TIMAH EXPRESSWAY
103.7797774980073,1.3637065493615501,BUKIT TIMAH EXPRESSWAY
103.7795563866058,1.36516110615889,BUKIT TIMAH EXPRESSWAY
103.77919902739991,1.3674679884336491,BUKIT TIMAH EXPRESSWAY
103.7116971070937,1.3593722051911696,PAN ISLAND EXPRESSWAY
103.7090771481492,1.3617674153755541,PAN ISLAND EXPRESSWAY
103.70877838809709,1.3619714303023154,PAN ISLAND EXPRESSWAY
103.70852230867392,1.3621110170319661,PAN ISLAND EXPRESSWAY
103.70814322201583,1.36231820832414,PAN ISLAND EXPRESSWAY
103.70774456070068,1.362460739341972,PAN ISLAND EXPRESSWAY
103.70740539006016,1.362545792160949,PAN ISLAND EXPRESSWAY
103.70695023537263,1.3626114827466276,PAN ISLAND EXPRESSWAY
103.70661938820729,1.3626258021103348,PAN ISLAND EXPRESSWAY
103.70616030978383,1.362599680589775,PAN ISLAND EXPRESSWAY
103.70583317717495,1.362547924634449,PAN ISLAND EXPRESSWAY
103.70544091731969,1.362447774551631,PAN ISLAND EXPRESSWAY
103.70514591215634,1.3623432036681096,PAN ISLAND EXPRESSWAY
103.70485998105316,1.3622156325971941,PAN ISLAND EXPRESSWAY
103.70452192204067,1.3620274763824824,PAN ISLAND EXPRESSWAY
103.70400381275482,1.3616435368307482,PAN ISLAND EXPRESSWAY
103.70326370963878,1.3609066008932087,PAN ISLAND EXPRESSWAY
103.91537475028001,1.3847952079601706,TAMPINES EXPRESSWAY
103.91663093495012,1.3833829337885244,TAMPINES EXPRESSWAY
103.91851953802035,1.3814650466144651,TAMPINES EXPRESSWAY
103.9397442027936,1.3717071171024051,TAMPINES EXPRESSWAY
103.93826217565345,1.3724851049359996,TAMPINES EXPRESSWAY
103.96821229814627,1.3449514098184425,PAN ISLAND EXPRESSWAY
103.96760619937545,1.3459325821356367,PAN ISLAND EXPRESSWAY
103.966906371626,1.34703325738476,PAN ISLAND EXPRESSWAY
103.96657520285471,1.3475427126898563,PAN ISLAND EXPRESSWAY
103.96621278491963,1.3479892758217977,PAN ISLAND EXPRESSWAY
103.9657441349346,1.3484421345657849,PAN ISLAND EXPRESSWAY
103.96500053660846,1.349071111023094,PAN ISLAND EXPRESSWAY
103.96435691197904,1.3494862427459338,PAN ISLAND EXPRESSWAY
103.69645770608668,1.353127798025273,PAN ISLAND EXPRESSWAY
103.6939044309483,1.3495648426896418,PAN ISLAND EXPRESSWAY
103.69340666804999,1.3489374066446798,PAN ISLAND EXPRESSWAY
103.69206601219132,1.3474246436030406,PAN ISLAND EXPRESSWAY
103.83278867735007,1.3259631863846668,PAN ISLAND EXPRESSWAY
103.8332673264315,1.3260653841672636,PAN ISLAND EXPRESSWAY
103.83470810461506,1.3265082357601,PAN ISLAND EXPRESSWAY
103.66730309566411,1.3219829958437928,AYER RAJAH EXPRESSWAY
103.674920923709,1.322556690719055,AYER RAJAH EXPRESSWAY
103.88879287587815,1.295825148334953,EAST COAST PARKWAY
103.89111924282118,1.2957160296634178,EAST COAST PARKWAY
103.89272840737513,1.2957067894011527,EAST COAST PARKWAY
103.89351406993717,1.2958175987826803,EAST COAST PARKWAY
103.89438051657328,1.2960244630134616,EAST COAST PARKWAY
103.89548747590622,1.2964328893413501,EAST COAST PARKWAY
103.89689181027987,1.2969849550781738,EAST COAST PARKWAY
103.84329932568437,1.2911667259261788,CENTRAL EXPRESSWAY
103.84184230805407,1.2888501500092922,CENTRAL EXPRESSWAY
103.84140953018243,1.2882625692890217,CENTRAL EXPRESSWAY
103.8409687960909,1.2877284563753935,CENTRAL EXPRESSWAY
103.91748442018661,1.331352814246395,PAN ISLAND EXPRESSWAY
103.91221830428223,1.328878730799069,PAN ISLAND EXPRESSWAY
103.91099208603205,1.328230551799734,PAN ISLAND EXPRESSWAY
103.90951402657258,1.327361168965241,PAN ISLAND EXPRESSWAY
103.90892678207307,1.3270676251790858,PAN ISLAND EXPRESSWAY
103.90851681863052,1.326918063211131,PAN ISLAND EXPRESSWAY
103.93028745428859,1.335591479629015,PAN ISLAND EXPRESSWAY
103.93639311879048,1.3351787966521997,PAN ISLAND EXPRESSWAY
103.78866297377255,1.346626304172724,PAN ISLAND EXPRESSWAY
103.78887759035474,1.3470915691287795,PAN ISLAND EXPRESSWAY
103.7892187763508,1.3477728509969407,PAN ISLAND EXPRESSWAY
103.78940530585922,1.3480887903999945,PAN ISLAND EXPRESSWAY
103.78967480815464,1.348432346048596,PAN ISLAND EXPRESSWAY
103.79003757969323,1.348713945349769,PAN ISLAND EXPRESSWAY
103.70029597697342,1.322262563911184,AYER RAJAH EXPRESSWAY
103.69707036529718,1.3225709326783368,AYER RAJAH EXPRESSWAY
103.69587723415931,1.3226501066724046,AYER RAJAH EXPRESSWAY
103.69221466503015,1.3226402548010967,AYER RAJAH EXPRESSWAY
103.79790531039207,1.2860091041886106,AYER RAJAH EXPRESSWAY
103.79940669378136,1.2849543641100865,AYER RAJAH EXPRESSWAY
103.79986934560262,1.284671467772374,AYER RAJAH EXPRESSWAY
103.80051237030688,1.2843737990772934,AYER RAJAH EXPRESSWAY
103.80081082409173,1.2842760573638292,AYER RAJAH EXPRESSWAY
103.8012471713482,1.2841737855883568,AYER RAJAH EXPRESSWAY
103.80183386603292,1.284122480178453,AYER RAJAH EXPRESSWAY
103.81079117597513,1.2835578484479222,AYER RAJAH EXPRESSWAY
103.81185433498732,1.2834170118732118,AYER RAJAH EXPRESSWAY
103.81271790368557,1.2832156956492382,AYER RAJAH EXPRESSWAY
103.81298144581902,1.283136369599967,AYER RAJAH EXPRESSWAY
103.81372720032594,1.2828539224156694,AYER RAJAH EXPRESSWAY
103.81441820333515,1.282540293910627,AYER RAJAH EXPRESSWAY
103.81506186696802,1.2821839897048615,AYER RAJAH EXPRESSWAY
103.81867022277147,1.2798984948301046,AYER RAJAH EXPRESSWAY
103.81934607999612,1.2795016741542629,AYER RAJAH EXPRESSWAY
103.8200782559579,1.2792020276004812,AYER RAJAH EXPRESSWAY
103.82091164957772,1.2790348373298814,AYER RAJAH EXPRESSWAY
103.87975562515345,1.3200353881266926,PAN ISLAND EXPRESSWAY
103.87925296166523,1.3198829307300137,PAN ISLAND EXPRESSWAY
103.87877095809617,1.319799776099712,PAN ISLAND EXPRESSWAY
103.87695311989114,1.3198205992834757,PAN ISLAND EXPRESSWAY
103.87646423287927,1.3199107015493943,PAN ISLAND EXPRESSWAY
103.87602354701325,1.3200631759961723,PAN ISLAND EXPRESSWAY
103.8754658063638,1.320354257967281,PAN ISLAND EXPRESSWAY
103.87523110380644,1.3205229928444342,PAN ISLAND EXPRESSWAY
103.89438709981341,1.4002942463313466,TAMPINES EXPRESSWAY
103.89543852674919,1.4001437867106286,TAMPINES EXPRESSWAY
103.89601596426859,1.400050805390933,TAMPINES EXPRESSWAY
103.77449466761516,1.3906105658835763,BUKIT TIMAH EXPRESSWAY
103.77510894242684,1.385765104627443,BUKIT TIMAH EXPRESSWAY
103.77531169597283,1.3841481552590928,BUKIT TIMAH EXPRESSWAY
103.77547104444794,1.3829394571701654,BUKIT TIMAH EXPRESSWAY
103.77570253575664,1.3815410316318943,BUKIT TIMAH EXPRESSWAY
103.7759629726219,1.3802882653804238,BUKIT TIMAH EXPRESSWAY
103.77714255369774,1.3759621329869822,BUKIT TIMAH EXPRESSWAY
103.7634228957498,1.3334616561419688,PAN ISLAND EXPRESSWAY
103.76430442584991,1.3329592844197022,PAN ISLAND EXPRESSWAY
103.76497120415128,1.3326910606600075,PAN ISLAND EXPRESSWAY
103.76570462926217,1.3324832428283466,PAN ISLAND EXPRESSWAY
103.76627801621184,1.332369319596611,PAN ISLAND EXPRESSWAY
103.76689137897024,1.3323225074490104,PAN ISLAND EXPRESSWAY
103.7673847192675,1.3323293405958656,PAN ISLAND EXPRESSWAY
103.76807804527458,1.332389903628227,PAN ISLAND EXPRESSWAY
103.76878466930654,1.332544406721562,PAN ISLAND EXPRESSWAY
103.88556432099644,1.4013545812676378,TAMPINES EXPRESSWAY
103.88737262701724,1.4012326281551728,TAMPINES EXPRESSWAY
103.88899222804272,1.401038874405845,TAMPINES EXPRESSWAY
103.89117617200975,1.4007297431630417,TAMPINES EXPRESSWAY
103.89295330310428,1.4004854378881393,TAMPINES EXPRESSWAY
103.79520833063425,1.2874377171268454,AYER RAJAH EXPRESSWAY
103.79446311090089,1.2878520142561007,AYER RAJAH EXPRESSWAY
103.79357592829041,1.2884662630558164,AYER RAJAH EXPRESSWAY
103.79259467483166,1.28927402415482,AYER RAJAH EXPRESSWAY
103.79152299102434,1.290059792824216,AYER RAJAH EXPRESSWAY
103.7902880679876,1.2908241293180849,AYER RAJAH EXPRESSWAY
103.8958765144359,1.399884495783565,TAMPINES EXPRESSWAY
103.89552571942968,1.3999637120424886,TAMPINES EXPRESSWAY
103.89516231923695,1.4000138397312902,TAMPINES EXPRESSWAY
103.79488205798373,1.2878611257944357,AYER RAJAH EXPRESSWAY
103.79594644522281,1.2872805775765184,AYER RAJAH EXPRESSWAY
103.79654262128537,1.2869091365861645,AYER RAJAH EXPRESSWAY
103.79790531039207,1.2860091041886106,AYER RAJAH EXPRESSWAY
103.86333155989789,1.4008398328791332,TAMPINES EXPRESSWAY
103.86029311042697,1.4007788923943523,TAMPINES EXPRESSWAY
103.8595662070742,1.400698269414505,TAMPINES EXPRESSWAY
103.77563029455933,1.3357668233026327,PAN ISLAND EXPRESSWAY
103.77444391557316,1.3349076744422599,PAN ISLAND EXPRESSWAY
103.77364407863898,1.3344176579289297,PAN ISLAND EXPRESSWAY
103.7727775562955,1.3339745940972194,PAN ISLAND EXPRESSWAY
103.77157105861191,1.3334442204377996,PAN ISLAND EXPRESSWAY
103.76963799108621,1.332618428658101,PAN ISLAND EXPRESSWAY
103.76893806330166,1.3323834113618138,PAN ISLAND EXPRESSWAY
103.76848924061927,1.3322893221476184,PAN ISLAND EXPRESSWAY
103.79761822676628,1.2859531851002484,AYER RAJAH EXPRESSWAY
103.79623034213127,1.2868805586313747,AYER RAJAH EXPRESSWAY
103.79520833063425,1.2874377171268454,AYER RAJAH EXPRESSWAY
103.89659992178731,1.3997211364501798,TAMPINES EXPRESSWAY
103.8958765144359,1.399884495783565,TAMPINES EXPRESSWAY
103.74934745410863,1.322716705247553,AYER RAJAH EXPRESSWAY
103.75145930089842,1.3221317714139103,AYER RAJAH EXPRESSWAY
103.75427942464609,1.3211849963180045,AYER RAJAH EXPRESSWAY
103.75486061840098,1.3208213719844073,AYER RAJAH EXPRESSWAY
103.75525757343786,1.320414895642546,AYER RAJAH EXPRESSWAY
103.75904398671311,1.315989265261056,AYER RAJAH EXPRESSWAY
103.84997302166329,1.3179639953942812,CENTRAL EXPRESSWAY
103.85247831896893,1.3190778641913046,CENTRAL EXPRESSWAY
103.8409691679194,1.2879741506078468,CENTRAL EXPRESSWAY
103.84146276043411,1.288763779889621,CENTRAL EXPRESSWAY
103.85645000499845,1.321623801040613,CENTRAL EXPRESSWAY
103.85576633821312,1.320988674818608,CENTRAL EXPRESSWAY
103.85525796136089,1.3205613300389798,CENTRAL EXPRESSWAY
103.8547083322425,1.3201443676130622,CENTRAL EXPRESSWAY
103.85373050476413,1.3195208870260637,CENTRAL EXPRESSWAY
103.816122971321,1.3951745686043502,SELETAR EXPRESSWAY
103.81554199820265,1.3955215759760577,SELETAR EXPRESSWAY
103.8150702532281,1.3959190466654594,SELETAR EXPRESSWAY
103.81467971964501,1.3963594842413893,SELETAR EXPRESSWAY
103.81431348506591,1.3968326508807096,SELETAR EXPRESSWAY
103.81397951923131,1.3974202677068015,SELETAR EXPRESSWAY
103.81373476296822,1.3980652553710504,SELETAR EXPRESSWAY
103.81322052023309,1.3995594403068725,SELETAR EXPRESSWAY
103.81243778592663,1.401355404447038,SELETAR EXPRESSWAY
103.81173405662756,1.4026488682179317,SELETAR EXPRESSWAY
103.81119806325533,1.403466028369416,SELETAR EXPRESSWAY
103.81050779716213,1.4043730670861194,SELETAR EXPRESSWAY
103.80940460410574,1.4057488910684262,SELETAR EXPRESSWAY
103.80867394065545,1.406925805445305,SELETAR EXPRESSWAY
103.80810563014863,1.408094470828748,SELETAR EXPRESSWAY
103.80756782265881,1.409488529194389,SELETAR EXPRESSWAY
103.8063652146695,1.4126782439396874,SELETAR EXPRESSWAY
103.80602648040406,1.4134830839944277,SELETAR EXPRESSWAY
103.80565899220913,1.4141954822859266,SELETAR EXPRESSWAY
103.80513625965263,1.4149570940962615,SELETAR EXPRESSWAY
103.82091164957772,1.2790348373298814,AYER RAJAH EXPRESSWAY
103.8215405481067,1.2789576283505921,AYER RAJAH EXPRESSWAY
103.82278878316889,1.2789377061353175,AYER RAJAH EXPRESSWAY
103.82319243793516,1.2788812889655035,AYER RAJAH EXPRESSWAY
103.82382513564873,1.2787311062298208,AYER RAJAH EXPRESSWAY
103.84646250978247,1.3155322477687363,CENTRAL EXPRESSWAY
103.84589509493387,1.314820002032864,CENTRAL EXPRESSWAY
103.84548069083218,1.314094921576774,CENTRAL EXPRESSWAY
103.89516231923695,1.4000138397312902,TAMPINES EXPRESSWAY
103.89263731124491,1.4003300844334083,TAMPINES EXPRESSWAY
103.97898632391764,1.3350737068652234,EAST COAST PARKWAY
103.97386440140865,1.3275597547421143,EAST COAST PARKWAY
103.87966867062246,1.2954940876031633,EAST COAST PARKWAY
103.87745927485336,1.2954198789607612,EAST COAST PARKWAY
103.71253168470265,1.3677015155970165,KRANJI EXPRESSWAY
103.71614571140306,1.3687136729062062,KRANJI EXPRESSWAY
103.72084056225195,1.3700929534221205,KRANJI EXPRESSWAY
103.72198818571418,1.3705550878037775,KRANJI EXPRESSWAY
103.72318169472629,1.371202045662064,KRANJI EXPRESSWAY
103.72429867715461,1.3719414108528305,KRANJI EXPRESSWAY
103.73026253611971,1.3770457493613733,KRANJI EXPRESSWAY
103.77116820908992,1.4207981636818878,BUKIT TIMAH EXPRESSWAY
103.77116540965378,1.4218858070465816,BUKIT TIMAH EXPRESSWAY
103.77114450159281,1.4229143361999212,BUKIT TIMAH EXPRESSWAY
103.77104867842023,1.4237602913422993,BUKIT TIMAH EXPRESSWAY
103.85802329022374,1.391087023989939,SELETAR EXPRESSWAY
103.85781958832787,1.3935647014129289,SELETAR EXPRESSWAY
103.9400025178408,1.3104076256140575,EAST COAST PARKWAY
103.93727147899193,1.3096459372091587,EAST COAST PARKWAY
103.81284968888583,1.3340480693899648,PAN ISLAND EXPRESSWAY
103.81421008029614,1.333680613595573,PAN ISLAND EXPRESSWAY
103.81435669114904,1.3336164166141466,PAN ISLAND EXPRESSWAY
103.81494882678196,1.3333679469867061,PAN ISLAND EXPRESSWAY
103.81622515879897,1.3326871334501968,PAN ISLAND EXPRESSWAY
103.93923895468255,1.310444422388416,EAST COAST PARKWAY
103.94230769773166,1.311331800207762,EAST COAST PARKWAY
103.73482091236285,1.348103668558423,PAN ISLAND EXPRESSWAY
103.73356921213681,1.3494567090172755,PAN ISLAND EXPRESSWAY
103.73268800707447,1.350380101303952,PAN ISLAND EXPRESSWAY
103.73206117056762,1.3509835040901452,PAN ISLAND EXPRESSWAY
103.73141255307729,1.35151091938064,PAN ISLAND EXPRESSWAY
103.7308490656175,1.3519190146321813,PAN ISLAND EXPRESSWAY
103.72980120559268,1.3525300913430656,PAN ISLAND EXPRESSWAY
103.79632726988147,1.3488295859138566,PAN ISLAND EXPRESSWAY
103.7955192942149,1.3491808601412743,PAN ISLAND EXPRESSWAY
103.79477973936429,1.3493616598120515,PAN ISLAND EXPRESSWAY
103.79402987474002,1.3494592367763656,PAN ISLAND EXPRESSWAY
103.79336406658723,1.349472249608251,PAN ISLAND EXPRESSWAY
103.79271120711647,1.3494072040859595,PAN ISLAND EXPRESSWAY
103.79212299912906,1.3492966220404377,PAN ISLAND EXPRESSWAY
103.77107274456574,1.4249953620030253,BUKIT TIMAH EXPRESSWAY
103.77124726624184,1.4238849098605142,BUKIT TIMAH EXPRESSWAY
103.77131050143689,1.4230257121382481,BUKIT TIMAH EXPRESSWAY
103.77135672289394,1.421821360959526,BUKIT TIMAH EXPRESSWAY
103.77137382758762,1.4209432426884863,BUKIT TIMAH EXPRESSWAY
103.9704748929197,1.3225484404291583,EAST COAST PARKWAY
103.96910626776861,1.3205008034271721,EAST COAST PARKWAY
103.96843260356269,1.3196709696370645,EAST COAST PARKWAY
103.9200664104379,1.3325835005673665,PAN ISLAND EXPRESSWAY
103.91748442018661,1.331352814246395,PAN ISLAND EXPRESSWAY
103.78392391923357,1.3433161191286114,PAN ISLAND EXPRESSWAY
103.7849641012281,1.3436988895922484,PAN ISLAND EXPRESSWAY
103.78699215936521,1.3445517337245834,PAN ISLAND EXPRESSWAY
103.8347856809726,1.2724171402853077,AYER RAJAH EXPRESSWAY
103.83760764376166,1.2725130142927918,AYER RAJAH EXPRESSWAY
103.84464081632824,1.2727220531603662,AYER RAJAH EXPRESSWAY
103.84538302902963,1.2727120863893642,AYER RAJAH EXPRESSWAY
103.84602680338739,1.2726644766051847,AYER RAJAH EXPRESSWAY
103.84708000842375,1.2725349046120864,AYER RAJAH EXPRESSWAY
103.8478456728583,1.2725302817996962,AYER RAJAH EXPRESSWAY
103.84828732796099,1.27265271490351,AYER RAJAH EXPRESSWAY
103.8486724960832,1.272827406094383,AYER RAJAH EXPRESSWAY
103.84890669415788,1.2730095537332373,AYER RAJAH EXPRESSWAY
103.8579107920479,1.3949248919739148,SELETAR EXPRESSWAY
103.85798029199397,1.3939070973707033,SELETAR EXPRESSWAY
103.85801257263358,1.3934827676233477,SELETAR EXPRESSWAY
103.94888596302067,1.3116951937597638,EAST COAST PARKWAY
103.94476718101946,1.311598317354521,EAST COAST PARKWAY
103.94416515702531,1.3115390804430838,EAST COAST PARKWAY
103.94350441243748,1.3114059351070952,EAST COAST PARKWAY
103.9400025178408,1.3104076256140575,EAST COAST PARKWAY
103.6373201601045,1.3474454910372766,AYER RAJAH EXPRESSWAY
103.63720099063363,1.3474813482685142,AYER RAJAH EXPRESSWAY
103.6370350767428,1.347468490208186,AYER RAJAH EXPRESSWAY
103.63683717160576,1.3474211472319377,AYER RAJAH EXPRESSWAY
103.82593727731744,1.277867217705356,AYER RAJAH EXPRESSWAY
103.82838605404088,1.2758082025538369,AYER RAJAH EXPRESSWAY
103.82952293601531,1.2748353628170968,AYER RAJAH EXPRESSWAY
103.65946628433102,1.32695427978323,AYER RAJAH EXPRESSWAY
103.661311947381,1.325199481773292,AYER RAJAH EXPRESSWAY
103.66338009055637,1.3232059289740081,PAN ISLAND EXPRESSWAY
103.66349301457183,1.3232627658746139,PAN ISLAND EXPRESSWAY
103.66357919144116,1.3233465192233689,PAN ISLAND EXPRESSWAY
103.66373370367627,1.3236187098573695,PAN ISLAND EXPRESSWAY
103.96614398119455,1.318000509643231,EAST COAST PARKWAY
103.96459314508014,1.3173861966749318,EAST COAST PARKWAY
103.95209025293524,1.3123100112932056,EAST COAST PARKWAY
103.95141724280373,1.3120825382370092,EAST COAST PARKWAY
103.66092382840264,1.3252936519047351,AYER RAJAH EXPRESSWAY
103.65962385274129,1.3265621412492619,AYER RAJAH EXPRESSWAY
103.65524687655729,1.3306597247855647,AYER RAJAH EXPRESSWAY
103.83470810461506,1.3265082357601,PAN ISLAND EXPRESSWAY
103.83677721773945,1.327189837057927,PAN ISLAND EXPRESSWAY
103.9769866643067,1.338092438929359,PAN ISLAND EXPRESSWAY
103.97622273187896,1.338418319918703,PAN ISLAND EXPRESSWAY
103.9759579261607,1.3385363546317661,PAN ISLAND EXPRESSWAY
103.97263184040438,1.3399622381720253,PAN ISLAND EXPRESSWAY
103.77102291663005,1.3043637142028421,AYER RAJAH EXPRESSWAY
103.77378463757736,1.303019437649019,AYER RAJAH EXPRESSWAY
103.69190633278598,1.3475496342477993,PAN ISLAND EXPRESSWAY
103.69333568239234,1.3491159506723005,PAN ISLAND EXPRESSWAY
103.69385332628163,1.3497848474400709,PAN ISLAND EXPRESSWAY
103.6962394821133,1.3531954291754824,PAN ISLAND EXPRESSWAY
103.96364032312285,1.3500199943840598,PAN ISLAND EXPRESSWAY
103.96418803036093,1.3497576446199095,PAN ISLAND EXPRESSWAY
103.9643369146154,1.349672838141009,PAN ISLAND EXPRESSWAY
103.79453059108002,1.4229069335860567,SELETAR EXPRESSWAY
103.79572618040085,1.4222639084253306,SELETAR EXPRESSWAY
103.93826217565345,1.3724851049359996,TAMPINES EXPRESSWAY
103.93551819659868,1.3739651111418003,TAMPINES EXPRESSWAY
103.90802907914996,1.3009327614053279,EAST COAST PARKWAY
103.91027569363577,1.301575793928555,EAST COAST PARKWAY
103.79003757969323,1.348713945349769,PAN ISLAND EXPRESSWAY
103.79054165624227,1.348961407355083,PAN ISLAND EXPRESSWAY
103.79134306385761,1.3492480496886026,PAN ISLAND EXPRESSWAY
103.79207770973598,1.34945924494377,PAN ISLAND EXPRESSWAY
103.79288569820315,1.3495633210754712,PAN ISLAND EXPRESSWAY
103.79368723390178,1.3496283662821722,PAN ISLAND EXPRESSWAY
103.91358358463599,1.3865832139414203,TAMPINES EXPRESSWAY
103.91280908744453,1.3874880891570174,TAMPINES EXPRESSWAY
103.90752596685503,1.3935764378043052,TAMPINES EXPRESSWAY
103.90611261114022,1.3948802729962981,TAMPINES EXPRESSWAY
103.69998985144,1.3224844136523377,AYER RAJAH EXPRESSWAY
103.70412275022964,1.3220893603556372,AYER RAJAH EXPRESSWAY
103.70326370963878,1.3609066008932087,PAN ISLAND EXPRESSWAY
103.69964148642485,1.3568764013107006,PAN ISLAND EXPRESSWAY
103.68355774025373,1.3228262389856127,AYER RAJAH EXPRESSWAY
103.69000246033235,1.3228422837411788,AYER RAJAH EXPRESSWAY
103.92087627568162,1.3045393217967247,EAST COAST PARKWAY
103.9216472118786,1.3047535918023456,EAST COAST PARKWAY
103.85343162200725,1.3292093009897603,PAN ISLAND EXPRESSWAY
103.84890776899624,1.3295893849341986,PAN ISLAND EXPRESSWAY
103.87130875933514,1.4010142306416664,TAMPINES EXPRESSWAY
103.86333155989789,1.4008398328791332,TAMPINES EXPRESSWAY
103.83211578970645,1.325711859599707,PAN ISLAND EXPRESSWAY
103.83160811727606,1.3258480339980512,PAN ISLAND EXPRESSWAY
103.8309428821945,1.3261952533824382,PAN ISLAND EXPRESSWAY
103.83033164016751,1.3265433697817939,PAN ISLAND EXPRESSWAY
103.83000425255379,1.3266805623757534,PAN ISLAND EXPRESSWAY
103.8296679935742,1.326750103918291,PAN ISLAND EXPRESSWAY
103.8290939007437,1.3267671177111084,PAN ISLAND EXPRESSWAY
103.83727977594953,1.3952630546214386,SELETAR EXPRESSWAY
103.83978646526852,1.3959183178006345,SELETAR EXPRESSWAY
103.84106597078636,1.3962380066187756,SELETAR EXPRESSWAY
103.84232646594397,1.3964695003180005,SELETAR EXPRESSWAY
103.84347532137927,1.3966242829491426,SELETAR EXPRESSWAY
103.84455173936777,1.3967106050033162,SELETAR EXPRESSWAY
103.84563051414163,1.396745786569427,SELETAR EXPRESSWAY
103.84868409181605,1.396605053971054,SELETAR EXPRESSWAY
103.8497899260172,1.3965801954220827,SELETAR EXPRESSWAY
103.85063992783617,1.3966466808362341,SELETAR EXPRESSWAY
103.85130837190175,1.3967629896638953,SELETAR EXPRESSWAY
103.85197680783038,1.396978961928735,SELETAR EXPRESSWAY
103.9088652832444,1.3272452441229259,PAN ISLAND EXPRESSWAY
103.90921457620313,1.3273885759312036,PAN ISLAND EXPRESSWAY
103.91089853490303,1.3283474917039126,PAN ISLAND EXPRESSWAY
103.91280974942438,1.3293414086160316,PAN ISLAND EXPRESSWAY
103.91755450378417,1.3315876289404498,PAN ISLAND EXPRESSWAY
103.94711962269962,1.3418602543817917,PAN ISLAND EXPRESSWAY
103.94796388466293,1.342535459821828,PAN ISLAND EXPRESSWAY
103.9484923766184,1.3429833502792574,PAN ISLAND EXPRESSWAY
103.95003244857197,1.3442142689158205,PAN ISLAND EXPRESSWAY
103.93812979811909,1.372789533746152,TAMPINES EXPRESSWAY
103.93999277602418,1.3717714441377995,TAMPINES EXPRESSWAY
103.94118398165766,1.3710465147960902,TAMPINES EXPRESSWAY
103.9657209710565,1.3486435797603096,PAN ISLAND EXPRESSWAY
103.96613132636563,1.3482618342021166,PAN ISLAND EXPRESSWAY
103.96641007514641,1.3479346234285141,PAN ISLAND EXPRESSWAY
103.96669659127896,1.347562904930422,PAN ISLAND EXPRESSWAY
103.96760621175991,1.346158999101747,PAN ISLAND EXPRESSWAY
103.69000246033235,1.3228422837411788,AYER RAJAH EXPRESSWAY
103.69593524589578,1.322805873602364,AYER RAJAH EXPRESSWAY
103.69712837710966,1.3227266986835713,AYER RAJAH EXPRESSWAY
103.69998985144,1.3224844136523377,AYER RAJAH EXPRESSWAY
103.80534751416438,1.4150135389213718,SELETAR EXPRESSWAY
103.8061686357722,1.4135743531672749,SELETAR EXPRESSWAY
103.80707447168372,1.4113958786201712,SELETAR EXPRESSWAY
103.64206140470505,1.3431650931808947,AYER RAJAH EXPRESSWAY
103.641700534065,1.3435569245646648,AYER RAJAH EXPRESSWAY
103.63954104419554,1.3455546066924924,AYER RAJAH EXPRESSWAY
103.63785630304476,1.3471392858180689,AYER RAJAH EXPRESSWAY
103.63772105801316,1.3472364971231694,AYER RAJAH EXPRESSWAY
103.63751819193814,1.3473580076029184,AYER RAJAH EXPRESSWAY
103.6373201601045,1.3474454910372766,AYER RAJAH EXPRESSWAY
103.72284302831095,1.32437156140136,AYER RAJAH EXPRESSWAY
103.72575327320797,1.3250159304133524,AYER RAJAH EXPRESSWAY
103.72751268056169,1.3254071319389762,AYER RAJAH EXPRESSWAY
103.7289426607622,1.3257864150680652,AYER RAJAH EXPRESSWAY
103.90208225235986,1.3978588173290183,TAMPINES EXPRESSWAY
103.90332568257784,1.3971616988691866,TAMPINES EXPRESSWAY
103.90498853582484,1.3960206963646364,TAMPINES EXPRESSWAY
103.90625404466981,1.3950224182320157,TAMPINES EXPRESSWAY
103.96275015639694,1.3575882144457878,TAMPINES EXPRESSWAY
103.96352817644907,1.3551959051102125,TAMPINES EXPRESSWAY
103.87128921786737,1.3253815564384983,PAN ISLAND EXPRESSWAY
103.87065341665325,1.3261773688702219,PAN ISLAND EXPRESSWAY
103.8701398842857,1.3266860336649517,PAN ISLAND EXPRESSWAY
103.9348118892113,1.3089577539453823,EAST COAST PARKWAY
103.93112606967173,1.3079307578982449,EAST COAST PARKWAY
103.77834773591708,1.3716745198351985,BUKIT TIMAH EXPRESSWAY
103.77871570338858,1.3702426083098536,BUKIT TIMAH EXPRESSWAY
103.77904943290396,1.3689789482923866,BUKIT TIMAH EXPRESSWAY
103.92853091039974,1.3771245042932756,TAMPINES EXPRESSWAY
103.92776709041901,1.3773359984488123,TAMPINES EXPRESSWAY
103.924194835399,1.3781881006662275,TAMPINES EXPRESSWAY
103.92344285081279,1.3784051033038427,TAMPINES EXPRESSWAY
103.92263254213132,1.3786865048973531,TAMPINES EXPRESSWAY
103.92069461830066,1.379593837982275,TAMPINES EXPRESSWAY
103.84249978607012,1.3016690090479415,CENTRAL EXPRESSWAY
103.84178771758559,1.3022519207739245,CENTRAL EXPRESSWAY
103.84102578406852,1.3028697183217883,CENTRAL EXPRESSWAY
103.77883571170953,1.3689789578838505,BUKIT TIMAH EXPRESSWAY
103.77798753636829,1.3723923683700314,BUKIT TIMAH EXPRESSWAY
103.77758593561782,1.3736235571937492,BUKIT TIMAH EXPRESSWAY
103.8185601928501,1.331222351220443,PAN ISLAND EXPRESSWAY
103.81657281540375,1.332342149728011,PAN ISLAND EXPRESSWAY
103.82006753064697,1.3303888667227677,PAN ISLAND EXPRESSWAY
103.8185601928501,1.331222351220443,PAN ISLAND EXPRESSWAY
103.77257878671554,1.4063396231268435,BUKIT TIMAH EXPRESSWAY
103.77318502306653,1.4039972912996617,BUKIT TIMAH EXPRESSWAY
103.7734389278899,1.40288727934567,BUKIT TIMAH EXPRESSWAY
103.77364636255405,1.4017668080915484,BUKIT TIMAH EXPRESSWAY
103.7738284353634,1.4004710533107345,BUKIT TIMAH EXPRESSWAY
103.77389658669358,1.3998201212870283,BUKIT TIMAH EXPRESSWAY
103.7739847362509,1.3986901990230645,BUKIT TIMAH EXPRESSWAY
103.77401067617092,1.3961953924437314,BUKIT TIMAH EXPRESSWAY
103.76878466930654,1.332544406721562,PAN ISLAND EXPRESSWAY
103.76957793498754,1.332766030152084,PAN ISLAND EXPRESSWAY
103.77148434473175,1.3335716838350353,PAN ISLAND EXPRESSWAY
103.77269084155704,1.3341020593474056,PAN ISLAND EXPRESSWAY
103.77355736392718,1.3345451232107348,PAN ISLAND EXPRESSWAY
103.77435720088306,1.335035137944274,PAN ISLAND EXPRESSWAY
103.77557023392006,1.335927843002688,PAN ISLAND EXPRESSWAY
103.72128454738458,1.3238507895933642,AYER RAJAH EXPRESSWAY
103.71890563535655,1.3233180874375983,AYER RAJAH EXPRESSWAY
103.71583287315849,1.3225939706782566,AYER RAJAH EXPRESSWAY
103.79368723390178,1.3496283662821722,PAN ISLAND EXPRESSWAY
103.79457930400902,1.3495437991810921,PAN ISLAND EXPRESSWAY
103.79540675913853,1.3493551519772853,PAN ISLAND EXPRESSWAY
103.79623677191735,1.3490767897830087,PAN ISLAND EXPRESSWAY
103.79707378732643,1.3486557105828432,PAN ISLAND EXPRESSWAY
103.79765557560343,1.348244203646903,PAN ISLAND EXPRESSWAY
103.79806249078766,1.347905007894435,PAN ISLAND EXPRESSWAY
103.79849325381595,1.3474940212628104,PAN ISLAND EXPRESSWAY
103.79960273027491,1.3463498578705158,PAN ISLAND EXPRESSWAY
103.80048723004833,1.3453554852807543,PAN ISLAND EXPRESSWAY
103.80136208798342,1.3444656386454832,PAN ISLAND EXPRESSWAY
103.804174061203,1.3415296786534852,PAN ISLAND EXPRESSWAY
103.81622515879897,1.3326871334501968,PAN ISLAND EXPRESSWAY
103.81883576982544,1.3312759355613655,PAN ISLAND EXPRESSWAY
103.93727147899193,1.3096459372091587,EAST COAST PARKWAY
103.9348118892113,1.3089577539453823,EAST COAST PARKWAY
103.7289426607622,1.3257864150680652,AYER RAJAH EXPRESSWAY
103.73366321359507,1.3268550852369831,AYER RAJAH EXPRESSWAY
103.73520289686944,1.3272506650274907,AYER RAJAH EXPRESSWAY
103.73600172969226,1.3274127948695098,AYER RAJAH EXPRESSWAY
103.73674258684647,1.3274646956676133,AYER RAJAH EXPRESSWAY
103.73736904938725,1.3274182956252703,AYER RAJAH EXPRESSWAY
103.73791191410747,1.3273245306686567,AYER RAJAH EXPRESSWAY
103.73846912101206,1.3271729863677335,AYER RAJAH EXPRESSWAY
103.73896363617656,1.32696365523168,AYER RAJAH EXPRESSWAY
103.73937313777189,1.3267427096208535,AYER RAJAH EXPRESSWAY
103.74276098929788,1.3244008536778655,AYER RAJAH EXPRESSWAY
103.82942416192763,1.2747028089885704,AYER RAJAH EXPRESSWAY
103.82862926260216,1.2753797772895923,AYER RAJAH EXPRESSWAY
103.82769014042789,1.2761105818706873,AYER RAJAH EXPRESSWAY
103.82719929239967,1.2764579464191996,AYER RAJAH EXPRESSWAY
103.82647071084196,1.2769211078470148,AYER RAJAH EXPRESSWAY
103.90611261114022,1.3948802729962981,TAMPINES EXPRESSWAY
103.90521665979104,1.3956291036352164,TAMPINES EXPRESSWAY
103.90352610044665,1.3968417571179852,TAMPINES EXPRESSWAY
103.90242867308224,1.3974612408022562,TAMPINES EXPRESSWAY
103.90189196664116,1.3977463770921947,TAMPINES EXPRESSWAY
103.80513625965263,1.4149570940962615,SELETAR EXPRESSWAY
103.80459111658554,1.4155233466330512,SELETAR EXPRESSWAY
103.80403893764985,1.416062653423439,SELETAR EXPRESSWAY
103.8036369884283,1.4164262721637009,SELETAR EXPRESSWAY
103.80324423537634,1.4167786723172673,SELETAR EXPRESSWAY
103.88307458826174,1.3215807790555931,PAN ISLAND EXPRESSWAY
103.88378382662499,1.3218579758300355,PAN ISLAND EXPRESSWAY
103.88429944496244,1.3220434232185265,PAN ISLAND EXPRESSWAY
103.88478915400543,1.3222044703840454,PAN ISLAND EXPRESSWAY
103.88516258141524,1.3222789342517445,PAN ISLAND EXPRESSWAY
103.88560827798464,1.3223271907683387,PAN ISLAND EXPRESSWAY
103.88758296298738,1.3224001447961393,PAN ISLAND EXPRESSWAY
103.76873449107154,1.4194651960959097,SELETAR EXPRESSWAY
103.7701809302239,1.4206934476383923,SELETAR EXPRESSWAY
103.97023956283401,1.3225699899806427,EAST COAST PARKWAY
103.97140503739816,1.3243050909042882,EAST COAST PARKWAY
103.89290459493772,1.2955294448168189,EAST COAST PARKWAY
103.89206020435002,1.295485139042893,EAST COAST PARKWAY
103.88885180744474,1.2956058124407457,EAST COAST PARKWAY
103.97140503739816,1.3243050909042882,EAST COAST PARKWAY
103.97241012033514,1.3258138736319376,EAST COAST PARKWAY
103.90189196664116,1.3977463770921947,TAMPINES EXPRESSWAY
103.90081405959785,1.398286626391482,TAMPINES EXPRESSWAY
103.89874180334505,1.3991194676115366,TAMPINES EXPRESSWAY
103.89760132629318,1.3994795870244623,TAMPINES EXPRESSWAY
103.89659992178731,1.3997211364501798,TAMPINES EXPRESSWAY
103.69221466503015,1.3226402548010967,AYER RAJAH EXPRESSWAY
103.68367257031582,1.3226486610046426,AYER RAJAH EXPRESSWAY
103.82508339493656,1.2777853365988707,AYER RAJAH EXPRESSWAY
103.82409922978871,1.2782967588413636,AYER RAJAH EXPRESSWAY
103.82321250235208,1.2786333772928928,AYER RAJAH EXPRESSWAY
103.82246856043164,1.2787491853983068,AYER RAJAH EXPRESSWAY
103.82147919677281,1.2787800858554277,AYER RAJAH EXPRESSWAY
103.82088097611823,1.2788650128203738,AYER RAJAH EXPRESSWAY
103.81999131341527,1.2790348589077514,AYER RAJAH EXPRESSWAY
103.7902880679876,1.2908241293180849,AYER RAJAH EXPRESSWAY
103.78763369208319,1.2925242392712721,AYER RAJAH EXPRESSWAY
103.9128747207896,1.3022927422372736,EAST COAST PARKWAY
103.91614920515637,1.3031944668229758,EAST COAST PARKWAY
103.92087627568162,1.3045393217967247,EAST COAST PARKWAY
103.91027569363577,1.301575793928555,EAST COAST PARKWAY
103.9128747207896,1.3022927422372736,EAST COAST PARKWAY
103.9591421582541,1.362320217946092,TAMPINES EXPRESSWAY
103.9576966303417,1.363504942823406,TAMPINES EXPRESSWAY
103.95708396515278,1.3638998417436858,TAMPINES EXPRESSWAY
103.956098404792,1.364439217097279,TAMPINES EXPRESSWAY
103.95524658292364,1.364834084451897,TAMPINES EXPRESSWAY
103.9539736431899,1.3652867073156538,TAMPINES EXPRESSWAY
103.95196343876957,1.3657778713102775,TAMPINES EXPRESSWAY
103.94793433069322,1.366721460099137,TAMPINES EXPRESSWAY
103.67603485539647,1.3334062880349773,PAN ISLAND EXPRESSWAY
103.675691802097,1.3321756773570406,PAN ISLAND EXPRESSWAY
103.67555512303062,1.3318107669805839,PAN ISLAND EXPRESSWAY
103.67538872134897,1.3315355853944126,PAN ISLAND EXPRESSWAY
103.67522826044366,1.3312962946591922,PAN ISLAND EXPRESSWAY
103.6750024224014,1.3310330739164078,PAN ISLAND EXPRESSWAY
103.67475874867598,1.330817706271623,PAN ISLAND EXPRESSWAY
103.67452695915073,1.3306741239428042,PAN ISLAND EXPRESSWAY
103.67420007493746,1.3304886607937696,PAN ISLAND EXPRESSWAY
103.67378897538435,1.3303649192926492,PAN ISLAND EXPRESSWAY
103.6733341268997,1.330259247624282,PAN ISLAND EXPRESSWAY
103.77525980233531,1.424631668359338,SELETAR EXPRESSWAY
103.77664023837225,1.4252815260506349,SELETAR EXPRESSWAY
103.77773338009136,1.4257155722501154,SELETAR EXPRESSWAY
103.77846640766587,1.4259425553237277,SELETAR EXPRESSWAY
103.77916645075798,1.4261328337963228,SELETAR EXPRESSWAY
103.78029192203068,1.4263702148830326,SELETAR EXPRESSWAY
103.78128314059693,1.4265178496715651,SELETAR EXPRESSWAY
103.78249484687595,1.4266178922972679,SELETAR EXPRESSWAY
103.71772443870253,1.3232097466360973,AYER RAJAH EXPRESSWAY
103.71878999324194,1.3234428090731696,AYER RAJAH EXPRESSWAY
103.72001249076143,1.3237174853101568,AYER RAJAH EXPRESSWAY
103.72156539174495,1.3240670680745485,AYER RAJAH EXPRESSWAY
103.72284302831095,1.32437156140136,AYER RAJAH EXPRESSWAY
103.84253808403592,1.329660984895981,PAN ISLAND EXPRESSWAY
103.84749439385884,1.3298603990004974,PAN ISLAND EXPRESSWAY
103.78766879431124,1.2927879001611395,AYER RAJAH EXPRESSWAY
103.78826535132853,1.29235280390727,AYER RAJAH EXPRESSWAY
103.7904513071079,1.2909741435736504,AYER RAJAH EXPRESSWAY
103.76667004658364,1.3072514121207626,AYER RAJAH EXPRESSWAY
103.76582411983652,1.3084803460519692,AYER RAJAH EXPRESSWAY
103.76514586812614,1.3093559139171058,AYER RAJAH EXPRESSWAY
103.86243357264895,1.329677648039219,CENTRAL EXPRESSWAY
103.86243376499569,1.3296056832342464,CENTRAL EXPRESSWAY
103.86237760686251,1.329126088567631,CENTRAL EXPRESSWAY
103.86228701299672,1.3286869302482678,CENTRAL EXPRESSWAY
103.86213057200005,1.3281566688270077,CENTRAL EXPRESSWAY
103.86192467907578,1.3276233846774963,CENTRAL EXPRESSWAY
103.73582659759535,1.3815581299619248,KRANJI EXPRESSWAY
103.73510009323584,1.3809369581115487,KRANJI EXPRESSWAY
103.7313453641408,1.377726605057019,KRANJI EXPRESSWAY
103.73074895407184,1.3771186720630189,KRANJI EXPRESSWAY
103.72987922884096,1.3764203866098208,KRANJI EXPRESSWAY
103.73510009323584,1.3809369581115487,KRANJI EXPRESSWAY
103.7313453641408,1.377726605057019,KRANJI EXPRESSWAY
103.73026253611971,1.3770457493613733,KRANJI EXPRESSWAY
103.73104030328948,1.3776889704056086,KRANJI EXPRESSWAY
103.73104030328948,1.3776889704056086,KRANJI EXPRESSWAY
103.73497049455594,1.3810502576285886,KRANJI EXPRESSWAY
103.73505065499768,1.3811250680527156,KRANJI EXPRESSWAY
103.87251191341197,1.3240688731368642,PAN ISLAND EXPRESSWAY
103.87426691131883,1.321714442207235,PAN ISLAND EXPRESSWAY
103.87474969997625,1.3211166031550916,PAN ISLAND EXPRESSWAY
103.87533563898634,1.320649479092931,PAN ISLAND EXPRESSWAY
103.91672148227865,1.3814447526747016,KALLANG PAYA LEBAR EXPRESSWAY
103.91649221226943,1.3811140495919962,KALLANG PAYA LEBAR EXPRESSWAY
103.9162062953739,1.3806023320255807,KALLANG PAYA LEBAR EXPRESSWAY
103.90464896329708,1.3621098080272032,KALLANG PAYA LEBAR EXPRESSWAY
103.90610487061,1.3649522812218895,KALLANG PAYA LEBAR EXPRESSWAY
103.90631463518963,1.3650189417958625,KALLANG PAYA LEBAR EXPRESSWAY
103.90482710515559,1.3621129716059637,KALLANG PAYA LEBAR EXPRESSWAY
103.90610493890655,1.364952461188179,KALLANG PAYA LEBAR EXPRESSWAY
103.9065617730827,1.3662160773806353,KALLANG PAYA LEBAR EXPRESSWAY
103.90682784812823,1.3662454148988108,KALLANG PAYA LEBAR EXPRESSWAY
103.90631463518963,1.3650189417958625,KALLANG PAYA LEBAR EXPRESSWAY
103.90377450097843,1.3601427226545861,KALLANG PAYA LEBAR EXPRESSWAY
103.90272157889854,1.3582117053306615,KALLANG PAYA LEBAR EXPRESSWAY
103.90482710515559,1.3621129716059637,KALLANG PAYA LEBAR EXPRESSWAY
103.90377450097843,1.3601427226545861,KALLANG PAYA LEBAR EXPRESSWAY
103.90248651965742,1.3583407557682918,KALLANG PAYA LEBAR EXPRESSWAY
103.90334315223267,1.3598245512017322,KALLANG PAYA LEBAR EXPRESSWAY
103.8772985802906,1.2989595727799563,KALLANG PAYA LEBAR EXPRESSWAY
103.87788049413017,1.300567927813521,KALLANG PAYA LEBAR EXPRESSWAY
103.87808894310233,1.3012322503820635,KALLANG PAYA LEBAR EXPRESSWAY
103.87816711637299,1.301782938242195,KALLANG PAYA LEBAR EXPRESSWAY
103.87817581237009,1.3023860750563587,KALLANG PAYA LEBAR EXPRESSWAY
103.87810634189879,1.3029280257730345,KALLANG PAYA LEBAR EXPRESSWAY
103.87794134027737,1.3035486479548242,KALLANG PAYA LEBAR EXPRESSWAY
103.87756790832546,1.3045364005892692,KALLANG PAYA LEBAR EXPRESSWAY
103.87691874632482,1.3062064349898503,KALLANG PAYA LEBAR EXPRESSWAY
103.87577870156338,1.3091586431019728,KALLANG PAYA LEBAR EXPRESSWAY
103.87639104616319,1.2964736467778484,KALLANG PAYA LEBAR EXPRESSWAY
103.87672535104706,1.2973162528732445,KALLANG PAYA LEBAR EXPRESSWAY
103.8772985802906,1.2989595727799563,KALLANG PAYA LEBAR EXPRESSWAY
103.87745927485336,1.2954198789607612,EAST COAST PARKWAY
103.87575261498867,1.2953495179762495,EAST COAST PARKWAY
103.87895774184692,1.2956140021413778,EAST COAST PARKWAY
103.88232414400753,1.2957718626330206,EAST COAST PARKWAY
103.87787179805069,1.2999036043960568,KALLANG PAYA LEBAR EXPRESSWAY
103.87752438158313,1.298688594069234,KALLANG PAYA LEBAR EXPRESSWAY
103.87722039285386,1.2976221835750976,KALLANG PAYA LEBAR EXPRESSWAY
103.87575261498867,1.2953495179762495,EAST COAST PARKWAY
103.8722728461846,1.2952555510161732,EAST COAST PARKWAY
103.87722039285386,1.2976221835750976,KALLANG PAYA LEBAR EXPRESSWAY
103.87692509300437,1.296748076956713,KALLANG PAYA LEBAR EXPRESSWAY
103.87648214022603,1.295235871267993,KALLANG PAYA LEBAR EXPRESSWAY
103.87635186116924,1.294851264422943,KALLANG PAYA LEBAR EXPRESSWAY
103.87577870156338,1.3091586431019728,KALLANG PAYA LEBAR EXPRESSWAY
103.87557309598243,1.3099206342685183,KALLANG PAYA LEBAR EXPRESSWAY
103.87524351937283,1.311171214940691,KALLANG PAYA LEBAR EXPRESSWAY
103.87500811102987,1.3123507082294028,KALLANG PAYA LEBAR EXPRESSWAY
103.87489825816192,1.3131221166844032,KALLANG PAYA LEBAR EXPRESSWAY
103.87467320569472,1.3147633267055392,KALLANG PAYA LEBAR EXPRESSWAY
103.87467320569472,1.3147633267055392,KALLANG PAYA LEBAR EXPRESSWAY
103.87460728621399,1.3157445578121294,KALLANG PAYA LEBAR EXPRESSWAY
103.87459316589566,1.316315758251873,KALLANG PAYA LEBAR EXPRESSWAY
103.87460023610653,1.3166689052160043,KALLANG PAYA LEBAR EXPRESSWAY
103.87463556589968,1.31708604634469,KALLANG PAYA LEBAR EXPRESSWAY
103.8746991551359,1.3175031860947348,KALLANG PAYA LEBAR EXPRESSWAY
103.87476745287951,1.3178705540655546,KALLANG PAYA LEBAR EXPRESSWAY
103.87483810441334,1.3181573367918173,KALLANG PAYA LEBAR EXPRESSWAY
103.8750335674274,1.31860528691214,KALLANG PAYA LEBAR EXPRESSWAY
103.8751984148022,1.318929990748165,KALLANG PAYA LEBAR EXPRESSWAY
103.87921140441877,1.321787070662246,KALLANG PAYA LEBAR EXPRESSWAY
103.87956631341034,1.3219613088222342,KALLANG PAYA LEBAR EXPRESSWAY
103.88006838044916,1.3221965299552738,KALLANG PAYA LEBAR EXPRESSWAY
103.88173039016866,1.3228499146945953,KALLANG PAYA LEBAR EXPRESSWAY
103.88268258498496,1.3232680829175063,KALLANG PAYA LEBAR EXPRESSWAY
103.88298555680417,1.3234248972193359,KALLANG PAYA LEBAR EXPRESSWAY
103.88331449789102,1.3236339841158271,KALLANG PAYA LEBAR EXPRESSWAY
103.88355687691217,1.3238430718274712,KALLANG PAYA LEBAR EXPRESSWAY
103.88382522823402,1.3242089802682164,KALLANG PAYA LEBAR EXPRESSWAY
103.88398970205469,1.3244267830781136,KALLANG PAYA LEBAR EXPRESSWAY
103.88415417607081,1.3246968581300935,KALLANG PAYA LEBAR EXPRESSWAY
103.88430133768341,1.3250104949453159,KALLANG PAYA LEBAR EXPRESSWAY
103.88438790841836,1.3253415582976362,KALLANG PAYA LEBAR EXPRESSWAY
103.88450910869382,1.3259862607784236,KALLANG PAYA LEBAR EXPRESSWAY
103.88464763476654,1.3272756669712993,KALLANG PAYA LEBAR EXPRESSWAY
103.88474288409643,1.3287044700328694,KALLANG PAYA LEBAR EXPRESSWAY
103.88482081208113,1.3297847848215814,KALLANG PAYA LEBAR EXPRESSWAY
103.88489872892977,1.3302813804283207,KALLANG PAYA LEBAR EXPRESSWAY
103.88505454858365,1.330638578400752,KALLANG PAYA LEBAR EXPRESSWAY
103.8852969311709,1.3309347887265996,KALLANG PAYA LEBAR EXPRESSWAY
103.885547969238,1.3312135753604182,KALLANG PAYA LEBAR EXPRESSWAY
103.88595481875203,1.3314923568151715,KALLANG PAYA LEBAR EXPRESSWAY
103.8868983653606,1.3320760564143534,KALLANG PAYA LEBAR EXPRESSWAY
103.8876428151431,1.3325116514323347,KALLANG PAYA LEBAR EXPRESSWAY
103.8751984148022,1.318929990748165,KALLANG PAYA LEBAR EXPRESSWAY
103.87545039377198,1.319302095349295,KALLANG PAYA LEBAR EXPRESSWAY
103.8757989226076,1.3196978998468414,KALLANG PAYA LEBAR EXPRESSWAY
103.87602264101328,1.319889875373859,KALLANG PAYA LEBAR EXPRESSWAY
103.87641591235791,1.3201719126751086,KALLANG PAYA LEBAR EXPRESSWAY
103.87921140441877,1.321787070662246,KALLANG PAYA LEBAR EXPRESSWAY
103.87523110380644,1.3205229928444342,PAN ISLAND EXPRESSWAY
103.87498380905798,1.3207007806002378,PAN ISLAND EXPRESSWAY
103.87455689894861,1.321088884899153,PAN ISLAND EXPRESSWAY
103.87341669829277,1.3225592944114168,PAN ISLAND EXPRESSWAY
103.88089937815639,1.3221529526525284,KALLANG PAYA LEBAR EXPRESSWAY
103.88044463816745,1.3220317494259162,KALLANG PAYA LEBAR EXPRESSWAY
103.87983558892248,1.321815362870549,KALLANG PAYA LEBAR EXPRESSWAY
103.87702119496258,1.320328997376961,KALLANG PAYA LEBAR EXPRESSWAY
103.8764950192421,1.3200253337214418,KALLANG PAYA LEBAR EXPRESSWAY
103.87620801391346,1.3198290636067427,KALLANG PAYA LEBAR EXPRESSWAY
103.87579476866757,1.3194897667795413,KALLANG PAYA LEBAR EXPRESSWAY
103.8756187338558,1.3193037411323674,KALLANG PAYA LEBAR EXPRESSWAY
103.87546323501951,1.3190911376602192,KALLANG PAYA LEBAR EXPRESSWAY
103.87531689123921,1.318806302435292,KALLANG PAYA LEBAR EXPRESSWAY
103.87531689123921,1.318806302435292,KALLANG PAYA LEBAR EXPRESSWAY
103.87512592596423,1.3184456125791169,KALLANG PAYA LEBAR EXPRESSWAY
103.8750395994432,1.3182297259680542,KALLANG PAYA LEBAR EXPRESSWAY
103.87493234305943,1.317855870752002,KALLANG PAYA LEBAR EXPRESSWAY
103.87484862756878,1.3174109311853603,KALLANG PAYA LEBAR EXPRESSWAY
103.87477799085053,1.3169317648178696,KALLANG PAYA LEBAR EXPRESSWAY
103.87475182711192,1.316621096173044,KALLANG PAYA LEBAR EXPRESSWAY
103.87475462625952,1.315868505737716,KALLANG PAYA LEBAR EXPRESSWAY
103.87480766874101,1.3153879563297282,KALLANG PAYA LEBAR EXPRESSWAY
103.87480766874101,1.3153879563297282,KALLANG PAYA LEBAR EXPRESSWAY
103.87502382378133,1.313424885855498,KALLANG PAYA LEBAR EXPRESSWAY
103.87512321382579,1.3126482105549366,KALLANG PAYA LEBAR EXPRESSWAY
103.87533769897377,1.3117109353583962,KALLANG PAYA LEBAR EXPRESSWAY
103.87613731608333,1.308706111970771,KALLANG PAYA LEBAR EXPRESSWAY
103.87623900959294,1.3084098132857511,KALLANG PAYA LEBAR EXPRESSWAY
103.87695086705105,1.3065404406542465,KALLANG PAYA LEBAR EXPRESSWAY
103.87745933687533,1.3052528898027853,KALLANG PAYA LEBAR EXPRESSWAY
103.87817582921606,1.3033388574264695,KALLANG PAYA LEBAR EXPRESSWAY
103.87831574958302,1.3028151347203532,KALLANG PAYA LEBAR EXPRESSWAY
103.87835037489951,1.3024526376742587,KALLANG PAYA LEBAR EXPRESSWAY
103.8783572949515,1.3021180253959246,KALLANG PAYA LEBAR EXPRESSWAY
103.87835036278054,1.3017694698736237,KALLANG PAYA LEBAR EXPRESSWAY
103.87829494415908,1.3013163498824234,KALLANG PAYA LEBAR EXPRESSWAY
103.87820489588056,1.3008771721910029,KALLANG PAYA LEBAR EXPRESSWAY
103.87787179805069,1.2999036043960568,KALLANG PAYA LEBAR EXPRESSWAY
103.88861969412442,1.332717175256222,KALLANG PAYA LEBAR EXPRESSWAY
103.88741203768137,1.33200049544657,KALLANG PAYA LEBAR EXPRESSWAY
103.88601565797218,1.331228816547733,KALLANG PAYA LEBAR EXPRESSWAY
103.88564162557847,1.330908847846502,KALLANG PAYA LEBAR EXPRESSWAY
103.88541720434137,1.3306202455907148,KALLANG PAYA LEBAR EXPRESSWAY
103.8852675884262,1.3303567378351997,KALLANG PAYA LEBAR EXPRESSWAY
103.88516784197583,1.3300744082915907,KALLANG PAYA LEBAR EXPRESSWAY
103.88510549763552,1.3297356103560625,KALLANG PAYA LEBAR EXPRESSWAY
103.88496791566973,1.327240810587404,KALLANG PAYA LEBAR EXPRESSWAY
103.88477744618538,1.3256639026845043,KALLANG PAYA LEBAR EXPRESSWAY
103.88469952971936,1.325219580206933,KALLANG PAYA LEBAR EXPRESSWAY
103.8845610218421,1.3248101086622839,KALLANG PAYA LEBAR EXPRESSWAY
103.8843532634036,1.324400637637808,KALLANG PAYA LEBAR EXPRESSWAY
103.88406759761155,1.3239388959423515,KALLANG PAYA LEBAR EXPRESSWAY
103.88371268399972,1.3235642775573322,KALLANG PAYA LEBAR EXPRESSWAY
103.88334911613009,1.323259356838496,KALLANG PAYA LEBAR EXPRESSWAY
103.88289898622475,1.3229980001272539,KALLANG PAYA LEBAR EXPRESSWAY
103.88089937815639,1.3221529526525284,KALLANG PAYA LEBAR EXPRESSWAY
103.89849080138794,1.3463202533804943,KALLANG PAYA LEBAR EXPRESSWAY
103.8984229707119,1.3464860332414612,KALLANG PAYA LEBAR EXPRESSWAY
103.89836180652195,1.3466544202028503,KALLANG PAYA LEBAR EXPRESSWAY
103.89830740855237,1.3468251429532492,KALLANG PAYA LEBAR EXPRESSWAY
103.89825986395768,1.3469979256597366,KALLANG PAYA LEBAR EXPRESSWAY
103.89821924910957,1.3471724897765247,KALLANG PAYA LEBAR EXPRESSWAY
103.8981856304956,1.3473485549492912,KALLANG PAYA LEBAR EXPRESSWAY
103.89815906112483,1.3475258363022071,KALLANG PAYA LEBAR EXPRESSWAY
103.8981395841222,1.3477040480553188,KALLANG PAYA LEBAR EXPRESSWAY
103.89812723182985,1.347882902620109,KALLANG PAYA LEBAR EXPRESSWAY
103.89812202311157,1.3480621124084258,KALLANG PAYA LEBAR EXPRESSWAY
103.89812396694688,1.348241388927892,KALLANG PAYA LEBAR EXPRESSWAY
103.89813305973543,1.3484204409733505,KALLANG PAYA LEBAR EXPRESSWAY
103.89814928709421,1.348598982766064,KALLANG PAYA LEBAR EXPRESSWAY
103.8981726229588,1.3487767240057018,KALLANG PAYA LEBAR EXPRESSWAY
103.89820302958351,1.3489533798183966,KALLANG PAYA LEBAR EXPRESSWAY
103.89824045843991,1.3491286635217705,KALLANG PAYA LEBAR EXPRESSWAY
103.89828484752115,1.3493022947642914,KALLANG PAYA LEBAR EXPRESSWAY
103.89833612763185,1.349473992290206,KALLANG PAYA LEBAR EXPRESSWAY
103.89839421430106,1.3496434793659857,KALLANG PAYA LEBAR EXPRESSWAY
103.89977070199402,1.3531440777924826,KALLANG PAYA LEBAR EXPRESSWAY
103.90073795835265,1.3553342888728508,KALLANG PAYA LEBAR EXPRESSWAY
103.90248651965742,1.3583407557682918,KALLANG PAYA LEBAR EXPRESSWAY
103.67062804719194,1.329692822966891,PAN ISLAND EXPRESSWAY
103.67130559367352,1.3299740209687554,PAN ISLAND EXPRESSWAY
103.67179295604726,1.3301355656548117,PAN ISLAND EXPRESSWAY
103.67220305419058,1.3302492509140793,PAN ISLAND EXPRESSWAY
103.67273931888633,1.3303648326816906,PAN ISLAND EXPRESSWAY
103.67584660543521,1.3334109089655575,PAN ISLAND EXPRESSWAY
103.6759998800117,1.3339736276962122,PAN ISLAND EXPRESSWAY
103.6762010451953,1.3339648312491441,PAN ISLAND EXPRESSWAY
103.67603485539647,1.3334062880349773,PAN ISLAND EXPRESSWAY
103.77919902739991,1.3674679884336491,BUKIT TIMAH EXPRESSWAY
103.77919611831108,1.3674867665796373,BUKIT TIMAH EXPRESSWAY
103.77883571170953,1.3689789578838505,BUKIT TIMAH EXPRESSWAY
103.87487778121688,1.4012789430024,TAMPINES EXPRESSWAY
103.87599157932665,1.4012993180716946,TAMPINES EXPRESSWAY
103.87210386921491,1.2954563352317445,EAST COAST PARKWAY
103.87324193101483,1.2954711969623798,EAST COAST PARKWAY
103.87598640288319,1.4011164811294183,TAMPINES EXPRESSWAY
103.87130875933514,1.4010142306416664,TAMPINES EXPRESSWAY
103.66508896322668,1.3250743595496737,PAN ISLAND EXPRESSWAY
103.6644379675896,1.3241810263873768,PAN ISLAND EXPRESSWAY
103.66352597018262,1.3227808831945393,PAN ISLAND EXPRESSWAY
103.66343359908163,1.3228505641499573,PAN ISLAND EXPRESSWAY
103.66402195129326,1.3237227781799368,PAN ISLAND EXPRESSWAY
103.66497543361658,1.3251883093747325,PAN ISLAND EXPRESSWAY
103.66373370367627,1.3236187098573695,PAN ISLAND EXPRESSWAY
103.6644649168928,1.3246854878544758,PAN ISLAND EXPRESSWAY
103.66478560517618,1.3251860608043895,PAN ISLAND EXPRESSWAY
103.66510081179858,1.3256426488654796,PAN ISLAND EXPRESSWAY
103.66548687764183,1.3261611723568765,PAN ISLAND EXPRESSWAY
103.66590586732995,1.326627794977431,PAN ISLAND EXPRESSWAY
103.66633551817809,1.3270453132895865,PAN ISLAND EXPRESSWAY
103.87611912441419,1.2955087676654984,EAST COAST PARKWAY
103.87895774184692,1.2956140021413778,EAST COAST PARKWAY
103.87787179805069,1.2999036043960568,KALLANG PAYA LEBAR EXPRESSWAY
103.87734829285787,1.2985787132515443,KALLANG PAYA LEBAR EXPRESSWAY
103.87632120572093,1.2956595109463427,KALLANG PAYA LEBAR EXPRESSWAY
103.87615002472117,1.2951522403952915,KALLANG PAYA LEBAR EXPRESSWAY
103.87542257167364,1.294239402408703,KALLANG PAYA LEBAR EXPRESSWAY
103.87557021812033,1.2944928924306571,KALLANG PAYA LEBAR EXPRESSWAY
103.87575760213413,1.2948770705962633,KALLANG PAYA LEBAR EXPRESSWAY
103.87639104616319,1.2964736467778484,KALLANG PAYA LEBAR EXPRESSWAY
103.87599787163239,1.2952000992381,KALLANG PAYA LEBAR EXPRESSWAY
103.87639104616319,1.2964736467778484,KALLANG PAYA LEBAR EXPRESSWAY
103.88143701537848,1.2955534811373457,EAST COAST PARKWAY
103.87966867062246,1.2954940876031633,EAST COAST PARKWAY
103.87615002472117,1.2951522403952915,MARINA COASTAL EXPRESSWAY
103.87572123934623,1.2939239107182794,MARINA COASTAL EXPRESSWAY
103.87550227021224,1.293235240745745,MARINA COASTAL EXPRESSWAY
103.87539278432757,1.2927807170611456,MARINA COASTAL EXPRESSWAY
103.87535172179045,1.292339965703843,MARINA COASTAL EXPRESSWAY
103.87533803020139,1.2918716669424555,MARINA COASTAL EXPRESSWAY
103.87537907665816,1.2913895946997151,MARINA COASTAL EXPRESSWAY
103.87544749267849,1.290907521094627,MARINA COASTAL EXPRESSWAY
103.87555696416796,1.2904943150717536,MARINA COASTAL EXPRESSWAY
103.87573486044059,1.29008110699307,MARINA COASTAL EXPRESSWAY
103.87594012465227,1.2896816719147841,MARINA COASTAL EXPRESSWAY
103.87624118336143,1.289240914778241,MARINA COASTAL EXPRESSWAY
103.87667908833717,1.2887175153330144,MARINA COASTAL EXPRESSWAY
103.87728154523238,1.288069524077827,MARINA COASTAL EXPRESSWAY
103.87728154523238,1.288069524077827,MARINA COASTAL EXPRESSWAY
103.8779351426746,1.2872393583868822,MARINA COASTAL EXPRESSWAY
103.87810155520006,1.2869402549424602,MARINA COASTAL EXPRESSWAY
103.8782204200626,1.286665080009142,MARINA COASTAL EXPRESSWAY
103.87833928364287,1.2863181220332611,MARINA COASTAL EXPRESSWAY
103.87842248726328,1.2859950923652688,MARINA COASTAL EXPRESSWAY
103.8784581421505,1.285684027380209,MARINA COASTAL EXPRESSWAY
103.87844624822986,1.2852772507141041,MARINA COASTAL EXPRESSWAY
103.87842246837637,1.2849183314250803,MARINA COASTAL EXPRESSWAY
103.87836302619519,1.284547447118774,MARINA COASTAL EXPRESSWAY
103.8782203755662,1.2841167450822553,MARINA COASTAL EXPRESSWAY
103.87805395199864,1.2837697921407536,MARINA COASTAL EXPRESSWAY
103.87773299617687,1.2832792730977356,MARINA COASTAL EXPRESSWAY
103.87742393039895,1.282920357850992,MARINA COASTAL EXPRESSWAY
103.87699599262749,1.282513589245687,MARINA COASTAL EXPRESSWAY
103.87656805739002,1.2821427111787276,MARINA COASTAL EXPRESSWAY
103.87089808570735,1.277975425144203,MARINA COASTAL EXPRESSWAY
103.8690551187831,1.276614425101885,MARINA COASTAL EXPRESSWAY
103.86834483223214,1.2764432386765574,MARINA COASTAL EXPRESSWAY
103.87067174138376,1.2780907024159258,MARINA COASTAL EXPRESSWAY
103.87636210619776,1.2823112828192147,MARINA COASTAL EXPRESSWAY
103.87678589731459,1.282678567046031,MARINA COASTAL EXPRESSWAY
103.87720906825685,1.2830808067104333,MARINA COASTAL EXPRESSWAY
103.87751131128371,1.2834317989631192,MARINA COASTAL EXPRESSWAY
103.87782572644535,1.283912321302131,MARINA COASTAL EXPRESSWAY
103.8779870523952,1.2842486471597172,MARINA COASTAL EXPRESSWAY
103.87812557668403,1.2846668925643425,MARINA COASTAL EXPRESSWAY
103.87818319010765,1.285026365636367,MARINA COASTAL EXPRESSWAY
103.87820657986033,1.2853793939041862,MARINA COASTAL EXPRESSWAY
103.87819879917859,1.285932583031414,MARINA COASTAL EXPRESSWAY
103.87812393128523,1.2862555546665995,MARINA COASTAL EXPRESSWAY
103.87799557995135,1.2866000601637848,MARINA COASTAL EXPRESSWAY
103.87778166101207,1.287019925147607,MARINA COASTAL EXPRESSWAY
103.87755704414002,1.287396728075356,MARINA COASTAL EXPRESSWAY
103.87722546441834,1.287795063953051,MARINA COASTAL EXPRESSWAY
103.87632455276196,1.2888166777260202,MARINA COASTAL EXPRESSWAY
103.87632455276196,1.2888166777260202,MARINA COASTAL EXPRESSWAY
103.87591802774801,1.2894124926776935,MARINA COASTAL EXPRESSWAY
103.87567554086576,1.289828845422611,MARINA COASTAL EXPRESSWAY
103.8754758474096,1.2902739101050935,MARINA COASTAL EXPRESSWAY
103.87532607763272,1.2907117950970957,MARINA COASTAL EXPRESSWAY
103.87521197198221,1.2912142863937615,MARINA COASTAL EXPRESSWAY
103.87514779017384,1.291716775049862,MARINA COASTAL EXPRESSWAY
103.87514779698049,1.2921331228153479,MARINA COASTAL EXPRESSWAY
103.87516919858277,1.292470508341683,MARINA COASTAL EXPRESSWAY
103.87521199831217,1.2928222493955268,MARINA COASTAL EXPRESSWAY
103.87527619195106,1.2930950282089675,MARINA COASTAL EXPRESSWAY
103.87534038614899,1.2933462713853436,MARINA COASTAL EXPRESSWAY
103.87546163797677,1.2936621187006934,MARINA COASTAL EXPRESSWAY
103.87599787163239,1.2952000992381,MARINA COASTAL EXPRESSWAY
103.85634272490495,1.2708431277361893,MARINA COASTAL EXPRESSWAY
103.85353147665627,1.2727109643583692,MARINA COASTAL EXPRESSWAY
103.85250801772517,1.2733005096393104,MARINA COASTAL EXPRESSWAY
103.8521210175584,1.273427989076085,MARINA COASTAL EXPRESSWAY
103.85183252706382,1.2735058940764528,MARINA COASTAL EXPRESSWAY
103.85156514465413,1.2735413064030665,MARINA COASTAL EXPRESSWAY
103.85134454429978,1.273547993933887,MARINA COASTAL EXPRESSWAY
103.85092232135236,1.2735307687159283,MARINA COASTAL EXPRESSWAY
103.8504031009135,1.2734274033149597,MARINA COASTAL EXPRESSWAY
103.85000940572245,1.2732895797849217,MARINA COASTAL EXPRESSWAY
103.8494958901729,1.2730426462245346,MARINA COASTAL EXPRESSWAY
103.84890669415788,1.2730095537332373,MARINA COASTAL EXPRESSWAY
103.84957345817888,1.2733502672829244,MARINA COASTAL EXPRESSWAY
103.8499929669143,1.2735540994058647,MARINA COASTAL EXPRESSWAY
103.85039710306616,1.2736821503004174,MARINA COASTAL EXPRESSWAY
103.8507987571013,1.273750795222822,MARINA COASTAL EXPRESSWAY
103.851198962193,1.2737433332600447,MARINA COASTAL EXPRESSWAY
103.85158196920571,1.273721510042048,MARINA COASTAL EXPRESSWAY
103.85186768533997,1.273683670265332,MARINA COASTAL EXPRESSWAY
103.85217228836422,1.2736014142426468,MARINA COASTAL EXPRESSWAY
103.852563915103,1.2734724109083013,MARINA COASTAL EXPRESSWAY
103.85362677113018,1.272864401778667,MARINA COASTAL EXPRESSWAY
103.85593762535643,1.271400176727595,MARINA COASTAL EXPRESSWAY
103.85353147665627,1.2727109643583692,MARINA COASTAL EXPRESSWAY
103.85297945434128,1.2730809642431535,MARINA COASTAL EXPRESSWAY
103.85250801772517,1.2733005096393104,MARINA COASTAL EXPRESSWAY
103.852563915103,1.2734724109083013,MARINA COASTAL EXPRESSWAY
103.85306751202802,1.2732392509443997,MARINA COASTAL EXPRESSWAY
103.85362677113018,1.272864401778667,MARINA COASTAL EXPRESSWAY
103.85593762535643,1.271400176727595,MARINA COASTAL EXPRESSWAY
103.85651960416122,1.2710441221556046,MARINA COASTAL EXPRESSWAY
103.85822560526873,1.2704583481089418,MARINA COASTAL EXPRESSWAY
103.85897305183562,1.270423884450036,MARINA COASTAL EXPRESSWAY
103.85946374435035,1.2705215056960169,MARINA COASTAL EXPRESSWAY
103.8599144957075,1.270665068998855,MARINA COASTAL EXPRESSWAY
103.86040518883598,1.2709005161794447,MARINA COASTAL EXPRESSWAY
103.86508390813046,1.274099162183047,MARINA COASTAL EXPRESSWAY
103.86834483223214,1.2764432386765574,MARINA COASTAL EXPRESSWAY
103.85964632437674,1.2703032796723637,MARINA COASTAL EXPRESSWAY
103.85918986606204,1.2702056581159333,MARINA COASTAL EXPRESSWAY
103.85868776374262,1.2701712068187,MARINA COASTAL EXPRESSWAY
103.85819707416026,1.2701826970509413,MARINA COASTAL EXPRESSWAY
103.85768356064297,1.2702631000138582,MARINA COASTAL EXPRESSWAY
103.85726704511454,1.2703779591807465,MARINA COASTAL EXPRESSWAY
103.85686194235593,1.2705502444451515,MARINA COASTAL EXPRESSWAY
103.85634272490495,1.2708431277361893,MARINA COASTAL EXPRESSWAY
103.86224372136645,1.329833677572918,CENTRAL EXPRESSWAY
103.86222368228664,1.3318078140908138,CENTRAL EXPRESSWAY
103.8623855540815,1.3317716629201735,CENTRAL EXPRESSWAY
103.86242915774827,1.3299591912205138,CENTRAL EXPRESSWAY
103.87687562566646,1.308119806925311,NICOLL UNDERPASS
103.87697547506623,1.3079690593775863,NICOLL UNDERPASS
103.87703253022994,1.3078183116718376,NICOLL UNDERPASS
103.87706462302621,1.3076783317661078,NICOLL UNDERPASS
103.87707531815032,1.307506050144569,NICOLL UNDERPASS
103.87703965318691,1.307308644281179,NICOLL UNDERPASS
103.87701115091153,1.307236176245272,NICOLL UNDERPASS
103.8528575993634,1.3966772688387803,TAMPINES EXPRESSWAY
103.85235832308888,1.3964738851055427,TAMPINES EXPRESSWAY
103.85187877682006,1.396358918970706,TAMPINES EXPRESSWAY
103.85179713356565,1.3963530114071545,TAMPINES EXPRESSWAY
103.81792135766406,1.3340333853703352,LORNIE HIGHWAY
103.81755047996113,1.3337558181587947,LORNIE HIGHWAY
103.81726994406436,1.333492608273091,LORNIE HIGHWAY
103.8167313527415,1.3328024027165835,LORNIE HIGHWAY
103.81899595585035,1.3346220210713464,LORNIE HIGHWAY
103.81841586327971,1.3343396668570355,LORNIE HIGHWAY
103.81792135766406,1.3340333853703352,LORNIE HIGHWAY
103.82104336890583,1.3357640212414632,LORNIE HIGHWAY
103.82084565719136,1.3356340666742466,LORNIE HIGHWAY
103.82005040742068,1.33514952115149,LORNIE HIGHWAY
103.81959269162036,1.3349072465997744,LORNIE HIGHWAY
103.81959269162036,1.3349072465997744,LORNIE HIGHWAY
103.81899595585035,1.3346220210713464,LORNIE HIGHWAY
103.83031990422936,1.3405143181156387,LORNIE HIGHWAY
103.8297683369995,1.3404616761209736,LORNIE HIGHWAY
103.8690551187831,1.276614425101885,MARINA COASTAL EXPRESSWAY
103.86534637015664,1.2740761880475504,MARINA COASTAL EXPRESSWAY
103.86050218439966,1.2706937773365365,MARINA COASTAL EXPRESSWAY
103.86009707695834,1.2704813001515354,MARINA COASTAL EXPRESSWAY
103.85964632437674,1.2703032796723637,MARINA COASTAL EXPRESSWAY
103.66497543361658,1.3251883093747325,PAN ISLAND EXPRESSWAY
103.66595068433067,1.3265209839829888,PAN ISLAND EXPRESSWAY
103.66633551817809,1.3270453132895865,PAN ISLAND EXPRESSWAY
103.66584372387842,1.3261152759567492,PAN ISLAND EXPRESSWAY
103.66559984080413,1.3256257930917106,PAN ISLAND EXPRESSWAY
103.66518384015613,1.3249288643426569,PAN ISLAND EXPRESSWAY
103.66461925904616,1.3241003200974621,PAN ISLAND EXPRESSWAY
103.664075477047,1.3233375811889423,PAN ISLAND EXPRESSWAY
103.66584372387842,1.3261152759567492,PAN ISLAND EXPRESSWAY
103.66561194503814,1.325828124731763,PAN ISLAND EXPRESSWAY
103.66508896322668,1.3250743595496737,PAN ISLAND EXPRESSWAY
103.85808522239206,1.3892229888592285,CENTRAL EXPRESSWAY
103.85806849341964,1.3897265136178123,CENTRAL EXPRESSWAY
103.8566612430553,1.3997310188383865,TAMPINES EXPRESSWAY
103.85573752080225,1.3991430366610398,TAMPINES EXPRESSWAY
103.85495590860076,1.3985431359898173,TAMPINES EXPRESSWAY
103.868920388867,1.4011388842854418,TAMPINES EXPRESSWAY
103.87039484921513,1.4011735499656353,TAMPINES EXPRESSWAY
103.85651960416122,1.2710441221556046,MARINA COASTAL EXPRESSWAY
103.85707305480052,1.2707397530778557,MARINA COASTAL EXPRESSWAY
103.85748386443397,1.2705961813129887,MARINA COASTAL EXPRESSWAY
103.85786044033995,1.2705042933616986,MARINA COASTAL EXPRESSWAY
103.85822560526873,1.2704583481089418,MARINA COASTAL EXPRESSWAY
103.8297683369995,1.3404616761209736,LORNIE HIGHWAY
103.82913593729863,1.3403372490262508,LORNIE HIGHWAY
103.82828005809591,1.3400883961317236,LORNIE HIGHWAY
103.82763814934559,1.3398634711224797,LORNIE HIGHWAY
103.82703903377127,1.339609831577571,LORNIE HIGHWAY
103.82649222343444,1.3393609797385118,LORNIE HIGHWAY
103.8258075208197,1.338954200893335,LORNIE HIGHWAY
103.82507051540713,1.3384612809590692,LORNIE HIGHWAY
103.82376292618794,1.3375759385873045,LORNIE HIGHWAY
103.8222318590329,1.3365518143468755,LORNIE HIGHWAY
103.8222318590329,1.3365518143468755,LORNIE HIGHWAY
103.82171936264314,1.3362083442656545,LORNIE HIGHWAY
103.91159713663265,1.3775589419976042,KALLANG PAYA LEBAR EXPRESSWAY
103.91248280088313,1.3780987921635943,KALLANG PAYA LEBAR EXPRESSWAY
103.91349864980337,1.3787179936389868,KALLANG PAYA LEBAR EXPRESSWAY
103.91477509322553,1.3795143766806355,KALLANG PAYA LEBAR EXPRESSWAY
103.91531733425381,1.3799025206113995,KALLANG PAYA LEBAR EXPRESSWAY
103.86004158385835,1.344738205362684,CENTRAL EXPRESSWAY
103.86048399643002,1.3434972253211324,CENTRAL EXPRESSWAY
103.82171936264314,1.3362083442656545,LORNIE HIGHWAY
103.82104336890583,1.3357640212414632,LORNIE HIGHWAY
103.81894282238517,1.3366250389384853,SIME UNDERPASS
103.81868130728813,1.3359580441395817,SIME UNDERPASS
103.81864861830326,1.3358653221629784,SIME UNDERPASS
103.81862781628864,1.3357815742665577,SIME UNDERPASS
103.81861592892047,1.335688853318944,SIME UNDERPASS
103.81861593031725,1.335605104643238,SIME UNDERPASS
103.81862484644729,1.335497428344845,SIME UNDERPASS
103.81865159269177,1.3353837706866467,SIME UNDERPASS
103.818690225864,1.335285067670954,SIME UNDERPASS
103.8187793807151,1.3351385086988485,SIME UNDERPASS
103.81890122590704,1.3350039146590906,SIME UNDERPASS
103.81903198460306,1.3348992298085565,SIME UNDERPASS
103.81903198460306,1.3348992298085565,SIME UNDERPASS
103.81948072893385,1.3345373219899603,SIME UNDERPASS
103.81985220481067,1.3342651419971248,SIME UNDERPASS
103.81996810568714,1.3341784041271603,SIME UNDERPASS
103.8200483454197,1.3341096113634354,SIME UNDERPASS
103.82011372394253,1.3340348370496755,SIME UNDERPASS
103.82018504834106,1.3339361341849363,SIME UNDERPASS
103.82025042799066,1.3338164943428614,SIME UNDERPASS
103.8203039208428,1.333654979644578,SIME UNDERPASS
103.82045251416072,1.333167446553639,SIME UNDERPASS
103.82045251416072,1.333167446553639,SIME UNDERPASS
103.82046737330252,1.3330507980761361,SIME UNDERPASS
103.82046440236516,1.3329371402382808,SIME UNDERPASS
103.82044954369331,1.3327905806513876,SIME UNDERPASS
103.7940869781751,1.2883849143839399,AYER RAJAH EXPRESSWAY
103.79484636406733,1.2878805944152298,AYER RAJAH EXPRESSWAY
103.79488205798373,1.2878611257944357,AYER RAJAH EXPRESSWAY
103.81679506884588,1.3331545816855603,LORNIE HIGHWAY
103.81726579668357,1.3337145013163216,LORNIE HIGHWAY
103.81743697165636,1.3338772129864807,LORNIE HIGHWAY
103.81761765611255,1.334035138808818,LORNIE HIGHWAY
103.81778883128084,1.3341739218736244,LORNIE HIGHWAY
103.81803132840533,1.3343366339548333,LORNIE HIGHWAY
103.81822152172973,1.3344514903363873,LORNIE HIGHWAY
103.8183974523574,1.3345519889250193,LORNIE HIGHWAY
103.81946254095182,1.3350688404302082,LORNIE HIGHWAY
103.82000459596865,1.335370336874051,LORNIE HIGHWAY
103.82037072029766,1.3355761197561602,LORNIE HIGHWAY
103.82071306960017,1.335810616034381,LORNIE HIGHWAY
103.81722894491969,1.3340128029978495,ADAM UNDERPASS
103.81757037057699,1.3341548202962992,ADAM UNDERPASS
103.81785209571565,1.3343629950521199,ADAM UNDERPASS
103.81792698478404,1.334409656212615,ADAM UNDERPASS
103.81792698478404,1.334409656212615,LORNIE HIGHWAY
103.8181445201565,1.334549636018633,LORNIE HIGHWAY
103.81838701844208,1.334678848594233,LORNIE HIGHWAY
103.81868300777218,1.3348260076767064,LORNIE HIGHWAY
103.82012373122778,1.3355402676145336,LORNIE HIGHWAY
103.82040902261191,1.3356730696444021,LORNIE HIGHWAY
103.82071306960017,1.335810616034381,LORNIE HIGHWAY
103.82071306960017,1.335810616034381,LORNIE HIGHWAY
103.82101027564977,1.3359986729192899,LORNIE HIGHWAY
103.8218126592845,1.336537057696985,LORNIE HIGHWAY
103.82204802507343,1.3366949843549913,LORNIE HIGHWAY
103.86155131725319,1.2888806116142664,EAST COAST PARKWAY
103.86156993157928,1.289383718571929,EAST COAST PARKWAY
103.86161135732773,1.2909576094274753,EAST COAST PARKWAY
103.86168974601473,1.2916790329740344,EAST COAST PARKWAY
103.86175532714863,1.291935101306929,EAST COAST PARKWAY
103.8618592661753,1.2922729084029452,EAST COAST PARKWAY
103.86199043678207,1.292559901642291,EAST COAST PARKWAY
103.86217293466079,1.2928296760870988,EAST COAST PARKWAY
103.86248089884182,1.2931855473064497,EAST COAST PARKWAY
103.86278273557477,1.2934312000097792,EAST COAST PARKWAY
103.86310368662664,1.2936393701491464,EAST COAST PARKWAY
103.86346029858566,1.293804469450364,EAST COAST PARKWAY
103.86393815690988,1.2939408527466467,EAST COAST PARKWAY
103.86552864210793,1.294285396791664,EAST COAST PARKWAY
103.96435691197904,1.3494862427459338,PAN ISLAND EXPRESSWAY
103.96404098995703,1.3496407773444965,PAN ISLAND EXPRESSWAY
103.96360162460346,1.349864173978884,PAN ISLAND EXPRESSWAY
103.9630081047827,1.3501046115750404,PAN ISLAND EXPRESSWAY
103.9626430465609,1.3502247539430137,PAN ISLAND EXPRESSWAY
103.95816234444696,1.3503933574503522,PAN ISLAND EXPRESSWAY
103.95855272905493,1.3505041587012734,PAN ISLAND EXPRESSWAY
103.95909954836831,1.3506088147426842,PAN ISLAND EXPRESSWAY
103.96005053166309,1.3507164411134056,PAN ISLAND EXPRESSWAY
103.9604368677195,1.3507283846189744,PAN ISLAND EXPRESSWAY
103.9607334683771,1.3507116310553053,PAN ISLAND EXPRESSWAY
103.95686901737096,1.3496396876818961,PAN ISLAND EXPRESSWAY
103.95602384930703,1.349142793565583,PAN ISLAND EXPRESSWAY
103.95556834209815,1.3487855003493927,PAN ISLAND EXPRESSWAY
103.95541789396427,1.3486523071265426,PAN ISLAND EXPRESSWAY
103.82044954369331,1.3327905806513876,SIME UNDERPASS
103.82038416466636,1.3326260745875314,SIME UNDERPASS
103.82038416466636,1.3326260745875314,SIME UNDERPASS
103.82042398586361,1.332825275557965,SIME UNDERPASS
103.82043349471688,1.3329353449119454,SIME UNDERPASS
103.82043349510491,1.3330334503771941,SIME UNDERPASS
103.82042160679937,1.333110020146916,SIME UNDERPASS
103.82040972035257,1.3331746260780521,SIME UNDERPASS
103.82040972035257,1.3331746260780521,SIME UNDERPASS
103.82025280616968,1.3337034343191068,SIME UNDERPASS
103.82023140936202,1.3337728251908614,SIME UNDERPASS
103.82019574703511,1.3338470018828803,SIME UNDERPASS
103.82016721756708,1.3338996438845063,SIME UNDERPASS
103.82011015876782,1.3339786063569719,SIME UNDERPASS
103.82006023189024,1.3340432111754572,SIME UNDERPASS
103.81998653094486,1.3341149947088422,SIME UNDERPASS
103.81991283006003,1.33417481440156,SIME UNDERPASS
103.81982961971417,1.3342394190322115,SIME UNDERPASS
103.81894520916147,1.3348902570987609,SIME UNDERPASS
103.81888815044005,1.3349452909606059,SIME UNDERPASS
103.81884060123441,1.3349859680907499,SIME UNDERPASS
103.81878592002138,1.3350529667067976,SIME UNDERPASS
103.8187478810888,1.3351032147813522,SIME UNDERPASS
103.81872172831669,1.3351462849852178,SIME UNDERPASS
103.81869082117636,1.3352061048955148,SIME UNDERPASS
103.81863851725366,1.3353209597793494,SIME UNDERPASS
103.81861474187586,1.3353951356137408,SIME UNDERPASS
103.81859096723834,1.3354956338814006,SIME UNDERPASS
103.81858145734564,1.3355722027499057,SIME UNDERPASS
103.81857670160721,1.3356679161394096,SIME UNDERPASS
103.81858858807169,1.3357612348721277,SIME UNDERPASS
103.81861236241444,1.3358617334262943,SIME UNDERPASS
103.81864564618283,1.3359646231771536,SIME UNDERPASS
103.81891310324727,1.3366639219150316,SIME UNDERPASS
103.79267944318873,1.4237139022675032,SELETAR EXPRESSWAY
103.79087012843948,1.4246901317850125,SELETAR EXPRESSWAY
103.78985091266173,1.425157141393962,SELETAR EXPRESSWAY
103.78890152000749,1.425515611078471,SELETAR EXPRESSWAY
103.78790295263329,1.4258242634199938,SELETAR EXPRESSWAY
103.78710409910867,1.4260252422187478,SELETAR EXPRESSWAY
103.79584689339474,1.421985580719403,SELETAR EXPRESSWAY
103.7944340731533,1.4227663838884008,SELETAR EXPRESSWAY
103.78710409910867,1.4260252422187478,SELETAR EXPRESSWAY
103.78616972588208,1.4262405747144997,SELETAR EXPRESSWAY
103.78501424385297,1.426384118306432,SELETAR EXPRESSWAY
103.78412266984174,1.4264487052167443,SELETAR EXPRESSWAY
103.7944340731533,1.4227663838884008,SELETAR EXPRESSWAY
103.79267944318873,1.4237139022675032,SELETAR EXPRESSWAY
103.82204802507343,1.3366949843549913,LORNIE HIGHWAY
103.82338533118366,1.3375922906998174,LORNIE HIGHWAY
103.82550481496834,1.3390172124410191,LORNIE HIGHWAY
103.8258198257738,1.3392206022980337,LORNIE HIGHWAY
103.8260932307697,1.3393821172011011,LORNIE HIGHWAY
103.82633097475052,1.3395197042950548,LORNIE HIGHWAY
103.82676485784305,1.3397410387692164,LORNIE HIGHWAY
103.82709769909461,1.3398905898810511,LORNIE HIGHWAY
103.82732355624087,1.339986302962215,LORNIE HIGHWAY
103.82759696241669,1.3401059429066702,LORNIE HIGHWAY
103.82795952187757,1.3402315662944444,LORNIE HIGHWAY
103.82829830731283,1.3403452248367758,LORNIE HIGHWAY
103.82875002102402,1.3404708482896541,LORNIE HIGHWAY
103.82916012971604,1.340572543007303,LORNIE HIGHWAY
103.82955934164976,1.3406480671389658,LORNIE HIGHWAY
103.83008757064795,1.3406852264297093,LORNIE HIGHWAY
103.91312776731907,1.3874301873567916,TAMPINES EXPRESSWAY
103.91345315067642,1.3870553783103088,TAMPINES EXPRESSWAY
103.91537475028001,1.3847952079601706,TAMPINES EXPRESSWAY
103.91580792169498,1.3839844320990553,TAMPINES EXPRESSWAY
103.91358358463599,1.3865832139414203,TAMPINES EXPRESSWAY
103.86564988804815,1.294156184133438,EAST COAST PARKWAY
103.86391675934857,1.2938188198401177,EAST COAST PARKWAY
103.86341750362926,1.293646544367357,EAST COAST PARKWAY
103.86305375889704,1.2934670892576863,EAST COAST PARKWAY
103.86276133667863,1.293266095816904,EAST COAST PARKWAY
103.86260442696411,1.293115351798501,EAST COAST PARKWAY
103.86235479708743,1.292842574764803,EAST COAST PARKWAY
103.86213301098685,1.2925426809145966,EAST COAST PARKWAY
103.86199152785338,1.292260747720787,EAST COAST PARKWAY
103.86186496506004,1.2918998126622585,EAST COAST PARKWAY
103.86179082303528,1.291601337861332,EAST COAST PARKWAY
103.86169453900273,1.2908831946499375,EAST COAST PARKWAY
103.86166441899582,1.2894218636214492,EAST COAST PARKWAY
103.86167502241811,1.2889918543336811,EAST COAST PARKWAY
103.78412266984174,1.4264487052167443,SELETAR EXPRESSWAY
103.78330474409434,1.4264422791504063,SELETAR EXPRESSWAY
103.79572618040085,1.4222639084253306,SELETAR EXPRESSWAY
103.79658721559072,1.421759699828099,SELETAR EXPRESSWAY
103.79779500868194,1.4210993063465795,SELETAR EXPRESSWAY
103.79779500868194,1.4210993063465795,SELETAR EXPRESSWAY
103.79887571906414,1.4204339670530723,SELETAR EXPRESSWAY
103.80011204318416,1.41956061316362,SELETAR EXPRESSWAY
103.80090030489707,1.418943825730239,SELETAR EXPRESSWAY
103.78903742460102,1.4257112926705982,SELETAR EXPRESSWAY
103.790446839606,1.425099068075481,SELETAR EXPRESSWAY
103.79122843093327,1.4246829306236397,SELETAR EXPRESSWAY
103.78330474409434,1.4264422791504063,SELETAR EXPRESSWAY
103.7820181197986,1.426413885281902,SELETAR EXPRESSWAY
103.78109302720651,1.4263263798328083,SELETAR EXPRESSWAY
103.7804689278302,1.4262366345497246,SELETAR EXPRESSWAY
103.77991021132955,1.4261289462463644,SELETAR EXPRESSWAY
103.77913751936647,1.42595545036041,SELETAR EXPRESSWAY
103.77836541800124,1.4257399239411357,SELETAR EXPRESSWAY
103.77762410308732,1.4255007977481986,SELETAR EXPRESSWAY
103.7765876416821,1.4250760352924192,SELETAR EXPRESSWAY
103.7759041113469,1.424752988681669,SELETAR EXPRESSWAY
103.77523841344073,1.4243701250179086,SELETAR EXPRESSWAY
103.77385352771786,1.4234368967948405,SELETAR EXPRESSWAY
103.77385352771786,1.4234368967948405,SELETAR EXPRESSWAY
103.77355634295184,1.4232394837197875,SELETAR EXPRESSWAY
103.77320230508117,1.4229480397441343,SELETAR EXPRESSWAY
103.85411412213459,1.3982165624235032,TAMPINES EXPRESSWAY
103.8558900692285,1.399505516034466,TAMPINES EXPRESSWAY
103.85658200240599,1.3998998752381493,TAMPINES EXPRESSWAY
103.85745120273923,1.4003049183673981,TAMPINES EXPRESSWAY
103.85871968742015,1.4007175227564688,TAMPINES EXPRESSWAY
103.85910765668412,1.4008212689370967,TAMPINES EXPRESSWAY
103.85948425391253,1.4008786918496179,TAMPINES EXPRESSWAY
103.86069392831041,1.4009361050611582,TAMPINES EXPRESSWAY
103.86552864210793,1.294285396791664,EAST COAST PARKWAY
103.8689735027372,1.2949385856898141,EAST COAST PARKWAY
103.8722728461846,1.2952555510161732,EAST COAST PARKWAY
103.8716119625653,1.2952121407932913,EAST COAST PARKWAY
103.8709718243035,1.2951535937353587,EAST COAST PARKWAY
103.86898776490169,1.2947806608086054,EAST COAST PARKWAY
103.86898776490169,1.2947806608086054,EAST COAST PARKWAY
103.86564988804815,1.294156184133438,EAST COAST PARKWAY
103.8689735027372,1.2949385856898141,EAST COAST PARKWAY
103.87061401085252,1.295269300756759,EAST COAST PARKWAY
103.87152470616807,1.2954073528417989,EAST COAST PARKWAY
103.87210386921491,1.2954563352317445,EAST COAST PARKWAY
103.77467431074378,1.302250762558157,AYER RAJAH EXPRESSWAY
103.77295453812593,1.303232233671242,AYER RAJAH EXPRESSWAY
103.7688610812289,1.305359932320013,AYER RAJAH EXPRESSWAY
103.76839349121236,1.3057444350607175,AYER RAJAH EXPRESSWAY
103.76758458987875,1.3063728592704558,AYER RAJAH EXPRESSWAY
103.767108883891,1.3067885973676963,AYER RAJAH EXPRESSWAY
103.76667004658364,1.3072514121207626,AYER RAJAH EXPRESSWAY
103.77295453812593,1.303232233671242,AYER RAJAH EXPRESSWAY
103.77234997210066,1.3035414898877073,AYER RAJAH EXPRESSWAY
103.77042425084028,1.3044207971543562,AYER RAJAH EXPRESSWAY
103.76969318791397,1.3048335368117223,AYER RAJAH EXPRESSWAY
103.7688610812289,1.305359932320013,AYER RAJAH EXPRESSWAY
103.75967079012918,1.3893190943423757,KRANJI EXPRESSWAY
103.75864830271294,1.388957776111421,KRANJI EXPRESSWAY
103.75796596692312,1.3888357222362044,KRANJI EXPRESSWAY
103.75686339223289,1.388680857787343,KRANJI EXPRESSWAY
103.75638453499076,1.3886644559911578,KRANJI EXPRESSWAY
103.9626430465609,1.3502247539430137,PAN ISLAND EXPRESSWAY
103.9616310870786,1.3504936684327968,PAN ISLAND EXPRESSWAY
103.96119839659515,1.3505941886225228,PAN ISLAND EXPRESSWAY
103.96078710063617,1.3506396726485346,PAN ISLAND EXPRESSWAY
103.96041146513083,1.3506540500965043,PAN ISLAND EXPRESSWAY
103.96001443044634,1.3506349283197114,PAN ISLAND EXPRESSWAY
103.95913477030632,1.3505416558727694,PAN ISLAND EXPRESSWAY
103.9586402555607,1.3504411843225301,PAN ISLAND EXPRESSWAY
103.95818615641159,1.3503072111912795,PAN ISLAND EXPRESSWAY
103.95778911410066,1.350137342700843,PAN ISLAND EXPRESSWAY
103.9572351540518,1.3498550211201468,PAN ISLAND EXPRESSWAY
103.95686901737096,1.3496396876818961,PAN ISLAND EXPRESSWAY
103.9607334683771,1.3507116310553053,PAN ISLAND EXPRESSWAY
103.96143836416783,1.350656547955985,PAN ISLAND EXPRESSWAY
103.9621386032851,1.3505108179725107,PAN ISLAND EXPRESSWAY
103.9626262735675,1.3503861653916425,PAN ISLAND EXPRESSWAY
103.9630675003643,1.3502537196101914,PAN ISLAND EXPRESSWAY
103.96364032312285,1.3500199943840598,PAN ISLAND EXPRESSWAY
103.68902098520381,1.3447819601616393,PAN ISLAND EXPRESSWAY
103.68293364011299,1.340063869056224,PAN ISLAND EXPRESSWAY
103.68247349161658,1.3397639968606778,PAN ISLAND EXPRESSWAY
103.68218107566057,1.3396275901812242,PAN ISLAND EXPRESSWAY
103.68181020367697,1.3394983556014581,PAN ISLAND EXPRESSWAY
103.6813608752509,1.3393978313556736,PAN ISLAND EXPRESSWAY
103.68090441058561,1.3393547317181878,PAN ISLAND EXPRESSWAY
103.68031242802816,1.3393762301514764,PAN ISLAND EXPRESSWAY
103.67966338986002,1.3393546537316845,PAN ISLAND EXPRESSWAY
103.67921405755474,1.3393043772210143,PAN ISLAND EXPRESSWAY
103.67876473112246,1.3391751372355087,PAN ISLAND EXPRESSWAY
103.67832967383006,1.3389597576770857,PAN ISLAND EXPRESSWAY
103.67797307762115,1.3386726002894023,PAN ISLAND EXPRESSWAY
103.67765927792284,1.3383280177540844,PAN ISLAND EXPRESSWAY
103.67738114741789,1.3378829412403859,PAN ISLAND EXPRESSWAY
103.6771220508098,1.3371866208312737,PAN ISLAND EXPRESSWAY
103.6762010451953,1.3339648312491441,PAN ISLAND EXPRESSWAY
103.67277279782954,1.3301457841673965,PAN ISLAND EXPRESSWAY
103.67213768911444,1.3300398771023116,PAN ISLAND EXPRESSWAY
103.67172164696616,1.3299142285580243,PAN ISLAND EXPRESSWAY
103.67109164716145,1.3296629437413447,PAN ISLAND EXPRESSWAY
103.67028334985469,1.3292441511574973,PAN ISLAND EXPRESSWAY
103.66754941316685,1.3277544550201685,PAN ISLAND EXPRESSWAY
103.66687188131358,1.3272579042946966,PAN ISLAND EXPRESSWAY
103.66631322643023,1.3266776140708645,PAN ISLAND EXPRESSWAY
103.66584372387842,1.3261152759567492,PAN ISLAND EXPRESSWAY
103.6733341268997,1.330259247624282,PAN ISLAND EXPRESSWAY
103.67277279782954,1.3301457841673965,PAN ISLAND EXPRESSWAY
103.76089507817535,1.3897802637174317,KRANJI EXPRESSWAY
103.75967079012918,1.3893190943423757,KRANJI EXPRESSWAY
103.664075477047,1.3233375811889423,PAN ISLAND EXPRESSWAY
103.66390597118685,1.323097851568718,PAN ISLAND EXPRESSWAY
103.66390597118685,1.323097851568718,PAN ISLAND EXPRESSWAY
103.66378515968097,1.322961891630702,PAN ISLAND EXPRESSWAY
103.76620951862331,1.3907728855985246,KRANJI EXPRESSWAY
103.76615162680997,1.3907747487386284,KRANJI EXPRESSWAY
103.76528146575725,1.3907460101131377,KRANJI EXPRESSWAY
103.76491390706397,1.3907158497508159,KRANJI EXPRESSWAY
103.76435440524534,1.3906783465939832,KRANJI EXPRESSWAY
103.76377419483097,1.3905795458397303,KRANJI EXPRESSWAY
103.76286356843468,1.3903941974092264,KRANJI EXPRESSWAY
103.76191495657118,1.390121390107026,KRANJI EXPRESSWAY
103.76089507817535,1.3897802637174317,KRANJI EXPRESSWAY
103.88609627933866,1.4011393578506834,TAMPINES EXPRESSWAY
103.88586591573902,1.4011581756328717,TAMPINES EXPRESSWAY
103.88491146124052,1.4012089570979194,TAMPINES EXPRESSWAY
103.8837872248392,1.4012505001664048,TAMPINES EXPRESSWAY
103.88341428465529,1.401252382060636,TAMPINES EXPRESSWAY
103.89263731124491,1.4003300844334083,TAMPINES EXPRESSWAY
103.89114407431083,1.400568125143186,TAMPINES EXPRESSWAY
103.8889050750713,1.4008680141642937,TAMPINES EXPRESSWAY
103.88720340908596,1.4010489187416697,TAMPINES EXPRESSWAY
103.88609627933866,1.4011393578506834,TAMPINES EXPRESSWAY
103.7531255857667,1.3890844399868876,KRANJI EXPRESSWAY
103.75395940699507,1.3889363110049975,KRANJI EXPRESSWAY
103.7550023888454,1.3888177053144408,KRANJI EXPRESSWAY
103.75584354602921,1.388802938735921,KRANJI EXPRESSWAY
103.7565091613139,1.3888302913644546,KRANJI EXPRESSWAY
103.75735792175118,1.3889164586759455,KRANJI EXPRESSWAY
103.75735792175118,1.3889164586759455,KRANJI EXPRESSWAY
103.75842065359578,1.3891031308020823,KRANJI EXPRESSWAY
103.75899302987165,1.3892209947736789,KRANJI EXPRESSWAY
103.7594542602022,1.389343042316591,KRANJI EXPRESSWAY
103.77069548524629,1.390392382949033,KRANJI EXPRESSWAY
103.77023854408398,1.3904302988093862,KRANJI EXPRESSWAY
103.76874071910996,1.3906456114293289,KRANJI EXPRESSWAY
103.76801320465204,1.390710196301758,KRANJI EXPRESSWAY
103.76704318733071,1.3907460605637794,KRANJI EXPRESSWAY
103.76620951862331,1.3907728855985246,KRANJI EXPRESSWAY
103.76087934587059,1.3898692598260731,KRANJI EXPRESSWAY
103.76154368966469,1.390119336725826,KRANJI EXPRESSWAY
103.76242097599835,1.3903921429255468,KRANJI EXPRESSWAY
103.7630985557701,1.390564443639393,KRANJI EXPRESSWAY
103.76381893055635,1.3907008557671012,KRANJI EXPRESSWAY
103.76442518912785,1.3907941931131007,KRANJI EXPRESSWAY
103.76523115614495,1.3908731793418467,KRANJI EXPRESSWAY
103.76713024564074,1.3908564975651037,KRANJI EXPRESSWAY
103.76770686934493,1.390819210583509,KRANJI EXPRESSWAY
103.76860556178615,1.3907618093759844,KRANJI EXPRESSWAY
103.77003919528886,1.390575209563342,KRANJI EXPRESSWAY
103.77045287928138,1.390524972439142,KRANJI EXPRESSWAY
103.77115234919195,1.39048909870092,KRANJI EXPRESSWAY
103.77180021511265,1.3904711695916523,KRANJI EXPRESSWAY
103.76523115614495,1.3908731793418467,KRANJI EXPRESSWAY
103.7661448550311,1.3909053078859268,KRANJI EXPRESSWAY
103.76670804996421,1.390883799196685,KRANJI EXPRESSWAY
103.76713024564074,1.3908564975651037,KRANJI EXPRESSWAY
103.7594542602022,1.389343042316591,KRANJI EXPRESSWAY
103.75997302024875,1.3895210879421356,KRANJI EXPRESSWAY
103.76066640620152,1.3897891031320084,KRANJI EXPRESSWAY
103.76087934587059,1.3898692598260731,KRANJI EXPRESSWAY
103.77165311139377,1.3903433872908861,KRANJI EXPRESSWAY
103.77093039639199,1.390372891129845,KRANJI EXPRESSWAY
103.77069548524629,1.390392382949033,KRANJI EXPRESSWAY
103.78710227108175,1.3444409638742223,PAN ISLAND EXPRESSWAY
103.78511469655507,1.3435971299151572,PAN ISLAND EXPRESSWAY
103.78511469655507,1.3435971299151572,PAN ISLAND EXPRESSWAY
103.7827837812534,1.3426514477116775,PAN ISLAND EXPRESSWAY
103.7816828030816,1.3422891570878188,PAN ISLAND EXPRESSWAY
103.78092598641373,1.3420431701243742,PAN ISLAND EXPRESSWAY
103.88347520286372,1.4014519059901025,TAMPINES EXPRESSWAY
103.88556432099644,1.4013545812676378,TAMPINES EXPRESSWAY
103.88132078323248,1.4013967987806393,TAMPINES EXPRESSWAY
103.88347520286372,1.4014519059901025,TAMPINES EXPRESSWAY
103.88341428465529,1.401252382060636,TAMPINES EXPRESSWAY
103.8823888857864,1.4012453417172226,TAMPINES EXPRESSWAY
103.72101880943897,1.355644072837675,PAN ISLAND EXPRESSWAY
103.72305468969896,1.3554902227644698,PAN ISLAND EXPRESSWAY
103.72399473830033,1.3553424529943425,PAN ISLAND EXPRESSWAY
103.7250327220162,1.355096134322693,PAN ISLAND EXPRESSWAY
103.72611968108704,1.35472169357522,PAN ISLAND EXPRESSWAY
103.7271576909414,1.354278262641167,PAN ISLAND EXPRESSWAY
103.72762256998047,1.3540235285930429,PAN ISLAND EXPRESSWAY
103.72871541163336,1.3533860963208832,PAN ISLAND EXPRESSWAY
103.72936168407855,1.3530053458975446,PAN ISLAND EXPRESSWAY
103.73092304176849,1.3520854748210964,PAN ISLAND EXPRESSWAY
103.73148107232109,1.3516981850993912,PAN ISLAND EXPRESSWAY
103.73223451040352,1.3510694583974476,PAN ISLAND EXPRESSWAY
103.73470329534484,1.3485471308749672,PAN ISLAND EXPRESSWAY
103.90334315223267,1.3598245512017322,KALLANG PAYA LEBAR EXPRESSWAY
103.90464896329708,1.3621098080272032,KALLANG PAYA LEBAR EXPRESSWAY
103.85995516109199,1.372641400093428,CENTRAL EXPRESSWAY
103.86010439824234,1.3722939724520211,CENTRAL EXPRESSWAY
103.86054398002717,1.3672633801845768,CENTRAL EXPRESSWAY
103.86075101869547,1.368073988385967,CENTRAL EXPRESSWAY
103.86083468215183,1.368655801082786,CENTRAL EXPRESSWAY
103.86082540220002,1.369328825401754,CENTRAL EXPRESSWAY
103.8607696824313,1.3698522892172171,CENTRAL EXPRESSWAY
103.86066752430717,1.3703570567381933,CENTRAL EXPRESSWAY
103.86054678867067,1.370824436242261,CENTRAL EXPRESSWAY
103.8601285598308,1.3718011289768,CENTRAL EXPRESSWAY
103.86016117089956,1.3662347597620312,CENTRAL EXPRESSWAY
103.86054398002717,1.3672633801845768,CENTRAL EXPRESSWAY
103.86010439824234,1.3722939724520211,CENTRAL EXPRESSWAY
103.8605576399385,1.3712335831322313,CENTRAL EXPRESSWAY
103.8607044621712,1.3708608414225179,CENTRAL EXPRESSWAY
103.86079211007736,1.3705038932985205,CENTRAL EXPRESSWAY
103.86091027470374,1.3700244640634998,CENTRAL EXPRESSWAY
103.86099557406801,1.3693870879988057,CENTRAL EXPRESSWAY
103.86100155526121,1.3686303214034836,CENTRAL EXPRESSWAY
103.86093384291969,1.3681049562285847,CENTRAL EXPRESSWAY
103.8608444409754,1.3676615086082697,CENTRAL EXPRESSWAY
103.86069085016156,1.367173406023504,CENTRAL EXPRESSWAY
103.86069085016156,1.367173406023504,CENTRAL EXPRESSWAY
103.86039743931902,1.3662797483108213,CENTRAL EXPRESSWAY
103.85806849341964,1.3897265136178123,CENTRAL EXPRESSWAY
103.85802329022374,1.391087023989939,CENTRAL EXPRESSWAY
103.85811091275878,1.388449757319364,CENTRAL EXPRESSWAY
103.85808522239206,1.3892229888592285,CENTRAL EXPRESSWAY
103.85819117062422,1.3910796769716542,CENTRAL EXPRESSWAY
103.858299744882,1.3890212112110356,CENTRAL EXPRESSWAY
103.858299744882,1.3890212112110356,CENTRAL EXPRESSWAY
103.85832988705138,1.3884497559042117,CENTRAL EXPRESSWAY
103.95703622625717,1.3641661680322055,TAMPINES EXPRESSWAY
103.95773517536821,1.3636827872616997,TAMPINES EXPRESSWAY
103.95848166997743,1.3631467618072022,TAMPINES EXPRESSWAY
103.95932325581649,1.362471948635386,TAMPINES EXPRESSWAY
103.9599651376672,1.3618641454414762,TAMPINES EXPRESSWAY
103.9599651376672,1.3618641454414762,TAMPINES EXPRESSWAY
103.96065578366763,1.3610212912788067,TAMPINES EXPRESSWAY
103.96116944132025,1.360343146109075,TAMPINES EXPRESSWAY
103.96149398574534,1.3598656310306176,TAMPINES EXPRESSWAY
103.96195919508702,1.3591032551293092,TAMPINES EXPRESSWAY
103.9622264642141,1.3585819031894304,TAMPINES EXPRESSWAY
103.9622264642141,1.3585819031894304,TAMPINES EXPRESSWAY
103.96241204068274,1.35821990602498,TAMPINES EXPRESSWAY
103.96275015639694,1.3575882144457878,TAMPINES EXPRESSWAY
103.96255790961439,1.3575371428055594,TAMPINES EXPRESSWAY
103.96227899587322,1.3581546544045893,TAMPINES EXPRESSWAY
103.96222742633822,1.358255223139566,TAMPINES EXPRESSWAY
103.95976328521901,1.3617499532540474,TAMPINES EXPRESSWAY
103.9591421582541,1.362320217946092,TAMPINES EXPRESSWAY
103.96222742633822,1.358255223139566,TAMPINES EXPRESSWAY
103.96186456527019,1.3589628552726454,TAMPINES EXPRESSWAY
103.9614886111882,1.359588393693333,TAMPINES EXPRESSWAY
103.96103545370657,1.3602757032097057,TAMPINES EXPRESSWAY
103.96052180501157,1.3609538402135686,TAMPINES EXPRESSWAY
103.96003580588376,1.3614789883450948,TAMPINES EXPRESSWAY
103.95976328521901,1.3617499532540474,TAMPINES EXPRESSWAY
103.85714788058685,1.3530723392930004,CENTRAL EXPRESSWAY
103.85741723531315,1.3521872126321142,CENTRAL EXPRESSWAY
103.85709495789807,1.35261461479771,CENTRAL EXPRESSWAY
103.85688114518693,1.3535126199328076,CENTRAL EXPRESSWAY
103.85715022441443,1.3577093171832377,CENTRAL EXPRESSWAY
103.85720283635804,1.3578943848669174,CENTRAL EXPRESSWAY
103.8573354742216,1.3583152276617183,CENTRAL EXPRESSWAY
103.85688114518693,1.3535126199328076,CENTRAL EXPRESSWAY
103.8567778193912,1.3544590780039942,CENTRAL EXPRESSWAY
103.85675625920761,1.3550179183916444,CENTRAL EXPRESSWAY
103.85676368475211,1.355465149989661,CENTRAL EXPRESSWAY
103.856849520922,1.3563810992791414,CENTRAL EXPRESSWAY
103.85699927277928,1.3571783293135928,CENTRAL EXPRESSWAY
103.85715022441443,1.3577093171832377,CENTRAL EXPRESSWAY
103.85753526958676,1.3583263999817725,CENTRAL EXPRESSWAY
103.85733121020908,1.3577364707291242,CENTRAL EXPRESSWAY
103.85733121020908,1.3577364707291242,CENTRAL EXPRESSWAY
103.8571597054313,1.357183971866206,CENTRAL EXPRESSWAY
103.85700995441987,1.356386742747089,CENTRAL EXPRESSWAY
103.85692411729099,1.3554707925600693,CENTRAL EXPRESSWAY
103.85693788356272,1.3550332157488945,CENTRAL EXPRESSWAY
103.8569546669927,1.3544803008023425,CENTRAL EXPRESSWAY
103.85705201995492,1.353532915810272,CENTRAL EXPRESSWAY
103.85714788058685,1.3530723392930004,CENTRAL EXPRESSWAY
103.92917341540083,1.3770815907801517,TAMPINES EXPRESSWAY
103.92997058189113,1.3767547876458512,TAMPINES EXPRESSWAY
103.93064402701056,1.3764619671605662,TAMPINES EXPRESSWAY
103.93149503792118,1.3760633938026308,TAMPINES EXPRESSWAY
103.93245945839449,1.375606617859962,TAMPINES EXPRESSWAY
103.9334384063345,1.375165651008548,TAMPINES EXPRESSWAY
103.93526989510084,1.374336788706091,TAMPINES EXPRESSWAY
103.93551819659868,1.3739651111418003,TAMPINES EXPRESSWAY
103.935061138114,1.3741842786813696,TAMPINES EXPRESSWAY
103.935061138114,1.3741842786813696,TAMPINES EXPRESSWAY
103.93371227679143,1.3748310821548213,TAMPINES EXPRESSWAY
103.93236020434544,1.375440121564625,TAMPINES EXPRESSWAY
103.93139578661071,1.3758968983683477,TAMPINES EXPRESSWAY
103.93044082287172,1.3763441578059965,TAMPINES EXPRESSWAY
103.92941967856997,1.3767819092865823,TAMPINES EXPRESSWAY
103.92911460289815,1.376899506911371,TAMPINES EXPRESSWAY
103.8301906651078,1.2741893369293833,AYER RAJAH EXPRESSWAY
103.83115683281238,1.2733317566494888,AYER RAJAH EXPRESSWAY
103.83163611289929,1.2729412522076529,AYER RAJAH EXPRESSWAY
103.83195563315024,1.272730684575573,AYER RAJAH EXPRESSWAY
103.83234742613429,1.2725507459658134,AYER RAJAH EXPRESSWAY
103.83273921815062,1.2724358917317553,AYER RAJAH EXPRESSWAY
103.83311199082907,1.2723899500490934,AYER RAJAH EXPRESSWAY
103.8347856809726,1.2724171402853077,AYER RAJAH EXPRESSWAY
103.82952293601531,1.2748353628170968,AYER RAJAH EXPRESSWAY
103.8301906651078,1.2741893369293833,AYER RAJAH EXPRESSWAY
103.83282220420776,1.272305248086222,AYER RAJAH EXPRESSWAY
103.8324212561515,1.2723856442146428,AYER RAJAH EXPRESSWAY
103.83202453833547,1.272544577147637,AYER RAJAH EXPRESSWAY
103.83173501306078,1.2726962290454729,AYER RAJAH EXPRESSWAY
103.83146113840141,1.2729067948751125,AYER RAJAH EXPRESSWAY
103.83087535115142,1.2734198117009918,AYER RAJAH EXPRESSWAY
103.83028899394945,1.2739742971418422,AYER RAJAH EXPRESSWAY
103.83028899394945,1.2739742971418422,AYER RAJAH EXPRESSWAY
103.82942416192763,1.2747028089885704,AYER RAJAH EXPRESSWAY
103.86167502241811,1.2889918543336811,EAST COAST PARKWAY
103.86169636218087,1.2881264158942771,EAST COAST PARKWAY
103.86152452108897,1.2881563631396604,EAST COAST PARKWAY
103.86155131725319,1.2888806116142664,EAST COAST PARKWAY
103.87324193101483,1.2954711969623798,EAST COAST PARKWAY
103.87611912441419,1.2955087676654984,EAST COAST PARKWAY
103.88885180744474,1.2956058124407457,EAST COAST PARKWAY
103.8880358081611,1.2956478398383315,EAST COAST PARKWAY
103.8880358081611,1.2956478398383315,EAST COAST PARKWAY
103.88614919318137,1.2957450079607602,EAST COAST PARKWAY
103.88240823342495,1.295592956896627,EAST COAST PARKWAY
103.88799486331837,1.2958559331718118,EAST COAST PARKWAY
103.88879287587815,1.295825148334953,EAST COAST PARKWAY
103.88232414400753,1.2957718626330206,EAST COAST PARKWAY
103.88597604062979,1.295933812136071,EAST COAST PARKWAY
103.88799486331837,1.2958559331718118,EAST COAST PARKWAY
103.77557023392006,1.335927843002688,PAN ISLAND EXPRESSWAY
103.77617217257577,1.336376128741143,PAN ISLAND EXPRESSWAY
103.77608801372222,1.336141015620376,PAN ISLAND EXPRESSWAY
103.77563029455933,1.3357668233026327,PAN ISLAND EXPRESSWAY
103.78092598641373,1.3420431701243742,PAN ISLAND EXPRESSWAY
103.78004308400534,1.341756201623916,PAN ISLAND EXPRESSWAY
103.77939521090883,1.3413427690465765,PAN ISLAND EXPRESSWAY
103.77907242377351,1.3409899549629731,PAN ISLAND EXPRESSWAY
103.77879592585188,1.3405629406120338,PAN ISLAND EXPRESSWAY
103.7785187227499,1.3399699943966326,PAN ISLAND EXPRESSWAY
103.77743811131491,1.3376273919133193,PAN ISLAND EXPRESSWAY
103.77709944475924,1.3371149036054746,PAN ISLAND EXPRESSWAY
103.77682009795106,1.3367803629251533,PAN ISLAND EXPRESSWAY
103.7765538621234,1.336521853313644,PAN ISLAND EXPRESSWAY
103.77608801372222,1.336141015620376,PAN ISLAND EXPRESSWAY
103.75824976541978,1.3363615858141986,PAN ISLAND EXPRESSWAY
103.7595033356146,1.3356352743295532,PAN ISLAND EXPRESSWAY
103.75997971762098,1.335382310094226,PAN ISLAND EXPRESSWAY
103.7634228957498,1.3334616561419688,PAN ISLAND EXPRESSWAY
103.75644563775643,1.3373988339298066,PAN ISLAND EXPRESSWAY
103.75824976541978,1.3363615858141986,PAN ISLAND EXPRESSWAY
103.75747641209125,1.3366002940348776,PAN ISLAND EXPRESSWAY
103.75659633156971,1.3370995006162292,PAN ISLAND EXPRESSWAY
103.76132356201639,1.3344131542143465,PAN ISLAND EXPRESSWAY
103.76113610640407,1.334523661945167,PAN ISLAND EXPRESSWAY
103.76113610640407,1.334523661945167,PAN ISLAND EXPRESSWAY
103.75747641209125,1.3366002940348776,PAN ISLAND EXPRESSWAY
103.77617217257577,1.336376128741143,PAN ISLAND EXPRESSWAY
103.77668202509945,1.3368399157163673,PAN ISLAND EXPRESSWAY
103.77708965172545,1.3373759263704261,PAN ISLAND EXPRESSWAY
103.77739208192489,1.3378589957892515,PAN ISLAND EXPRESSWAY
103.77829278784641,1.339824354122944,PAN ISLAND EXPRESSWAY
103.7786350096505,1.3405417712629442,PAN ISLAND EXPRESSWAY
103.77890092981085,1.3410044896887163,PAN ISLAND EXPRESSWAY
103.77922977312167,1.3414023873833663,PAN ISLAND EXPRESSWAY
103.77976984985268,1.3418454319382138,PAN ISLAND EXPRESSWAY
103.78000234324188,1.341966894957442,PAN ISLAND EXPRESSWAY
103.78038994235753,1.3421341556240414,PAN ISLAND EXPRESSWAY
103.78183021879298,1.342557283379262,PAN ISLAND EXPRESSWAY
103.78319161332294,1.3430507039916089,PAN ISLAND EXPRESSWAY
103.78319161332294,1.3430507039916089,PAN ISLAND EXPRESSWAY
103.78392391923357,1.3433161191286114,PAN ISLAND EXPRESSWAY
103.79078695905389,1.3504740575544367,BUKIT TIMAH EXPRESSWAY
103.79048892072548,1.3509000883021662,BUKIT TIMAH EXPRESSWAY
103.88240823342495,1.295592956896627,EAST COAST PARKWAY
103.88143701537848,1.2955534811373457,EAST COAST PARKWAY
103.7936746989614,1.3480736916210105,BUKIT TIMAH EXPRESSWAY
103.79351313263116,1.3479305841803522,BUKIT TIMAH EXPRESSWAY
103.79333862527956,1.3478395172508228,BUKIT TIMAH EXPRESSWAY
103.79310592621347,1.3478004882690215,BUKIT TIMAH EXPRESSWAY
103.79289907264132,1.3478069944357574,BUKIT TIMAH EXPRESSWAY
103.79269834967212,1.3478849065737317,BUKIT TIMAH EXPRESSWAY
103.79258184582265,1.3479324343808365,BUKIT TIMAH EXPRESSWAY
103.79244005889707,1.3480476769303404,BUKIT TIMAH EXPRESSWAY
103.79226548331303,1.3482233096440075,BUKIT TIMAH EXPRESSWAY
103.79201977094306,1.3485225378739547,BUKIT TIMAH EXPRESSWAY
103.79090294034785,1.350308267934867,BUKIT TIMAH EXPRESSWAY
103.79078695905389,1.3504740575544367,BUKIT TIMAH EXPRESSWAY
103.79048444155447,1.3512496195497803,BUKIT TIMAH EXPRESSWAY
103.79084583407682,1.3506649282688277,BUKIT TIMAH EXPRESSWAY
103.79084583407682,1.3506649282688277,BUKIT TIMAH EXPRESSWAY
103.7921619771866,1.3485355477689793,BUKIT TIMAH EXPRESSWAY
103.79231069757213,1.3483599146258682,BUKIT TIMAH EXPRESSWAY
103.7924852731631,1.3481842801006112,BUKIT TIMAH EXPRESSWAY
103.79262706009473,1.348069036644385,BUKIT TIMAH EXPRESSWAY
103.79274356305137,1.3480215106440558,BUKIT TIMAH EXPRESSWAY
103.79294428692916,1.3479435966940057,BUKIT TIMAH EXPRESSWAY
103.79315114141137,1.3479370914281186,BUKIT TIMAH EXPRESSWAY
103.79335151361013,1.3479891291515291,BUKIT TIMAH EXPRESSWAY
103.79355035405602,1.348134235860794,BUKIT TIMAH EXPRESSWAY
103.80470776909524,1.3409708393520883,PAN ISLAND EXPRESSWAY
103.80557970210141,1.3400568029307685,PAN ISLAND EXPRESSWAY
103.80695978671753,1.3387978905504252,PAN ISLAND EXPRESSWAY
103.804174061203,1.3415296786534852,PAN ISLAND EXPRESSWAY
103.80470776909524,1.3409708393520883,PAN ISLAND EXPRESSWAY
103.80555906031685,1.3398246188912633,PAN ISLAND EXPRESSWAY
103.80510836077887,1.340235874323397,PAN ISLAND EXPRESSWAY
103.80806662357756,1.3375523057679393,PAN ISLAND EXPRESSWAY
103.8075936530407,1.3379787276449804,PAN ISLAND EXPRESSWAY
103.8075936530407,1.3379787276449804,PAN ISLAND EXPRESSWAY
103.80661767865253,1.3388586474513178,PAN ISLAND EXPRESSWAY
103.80555906031685,1.3398246188912633,PAN ISLAND EXPRESSWAY
103.80770499911779,1.3381233276473725,PAN ISLAND EXPRESSWAY
103.81137516700504,1.3348010991952979,PAN ISLAND EXPRESSWAY
103.81179905764688,1.3345170221861757,PAN ISLAND EXPRESSWAY
103.81237049581362,1.3342289002441148,PAN ISLAND EXPRESSWAY
103.81284968888583,1.3340480693899648,PAN ISLAND EXPRESSWAY
103.80695978671753,1.3387978905504252,PAN ISLAND EXPRESSWAY
103.80770499911779,1.3381233276473725,PAN ISLAND EXPRESSWAY
103.83677721773945,1.327189837057927,PAN ISLAND EXPRESSWAY
103.83733273868208,1.3273561325885805,PAN ISLAND EXPRESSWAY
103.83733273868208,1.3273561325885805,PAN ISLAND EXPRESSWAY
103.83775162897074,1.3274815283536268,PAN ISLAND EXPRESSWAY
103.83828829488175,1.3277053819861582,PAN ISLAND EXPRESSWAY
103.8401835461078,1.3288100316497238,PAN ISLAND EXPRESSWAY
103.84077804564826,1.3291354790799708,PAN ISLAND EXPRESSWAY
103.8411600373539,1.329300923252489,PAN ISLAND EXPRESSWAY
103.84158551287594,1.3294566217864312,PAN ISLAND EXPRESSWAY
103.84196267115074,1.3295636719327943,PAN ISLAND EXPRESSWAY
103.84197518713869,1.3295657890062083,PAN ISLAND EXPRESSWAY
103.84197518713869,1.3295657890062083,PAN ISLAND EXPRESSWAY
103.84253808403592,1.329660984895981,PAN ISLAND EXPRESSWAY
103.86147491096527,1.2861989583599482,EAST COAST PARKWAY
103.86152452108897,1.2881563631396604,EAST COAST PARKWAY
103.86169636218087,1.2881264158942771,EAST COAST PARKWAY
103.86163042412028,1.2861294308731643,EAST COAST PARKWAY
103.82471463457655,1.278260611718436,CENTRAL EXPRESSWAY
103.82551093684249,1.2778096391354152,CENTRAL EXPRESSWAY
103.82597576423953,1.2775949334249537,CENTRAL EXPRESSWAY
103.82649371373535,1.2774691684479718,CENTRAL EXPRESSWAY
103.82691479965713,1.2774762615711692,CENTRAL EXPRESSWAY
103.82736099683103,1.277555845865751,CENTRAL EXPRESSWAY
103.82382513564873,1.2787311062298208,CENTRAL EXPRESSWAY
103.82403002425602,1.2785971388844655,CENTRAL EXPRESSWAY
103.82452881938306,1.2783658457023939,CENTRAL EXPRESSWAY
103.82471463457655,1.278260611718436,CENTRAL EXPRESSWAY
103.82739030827662,1.2774403178325549,CENTRAL EXPRESSWAY
103.82710261126607,1.2773601280102451,CENTRAL EXPRESSWAY
103.82680207679286,1.2773123668414632,CENTRAL EXPRESSWAY
103.82652526891147,1.2773362458752306,CENTRAL EXPRESSWAY
103.82623182455079,1.2773821379801729,CENTRAL EXPRESSWAY
103.8259622398514,1.2774569842687404,CENTRAL EXPRESSWAY
103.82570275373838,1.2775511658816303,CENTRAL EXPRESSWAY
103.82570275373838,1.2775511658816303,CENTRAL EXPRESSWAY
103.82508339493656,1.2777853365988707,CENTRAL EXPRESSWAY
103.77591098477426,1.3908105340835433,KRANJI EXPRESSWAY
103.77573732379088,1.3906270064019433,KRANJI EXPRESSWAY
103.7755072203123,1.3904871743614895,KRANJI EXPRESSWAY
103.77520765120795,1.3903560776368737,KRANJI EXPRESSWAY
103.77477348931318,1.3902730453528602,KRANJI EXPRESSWAY
103.77366423266982,1.3902529287769705,KRANJI EXPRESSWAY
103.77313972068494,1.390276521079553,KRANJI EXPRESSWAY
103.73470329534484,1.3485471308749672,PAN ISLAND EXPRESSWAY
103.73544118927025,1.3477600140397727,PAN ISLAND EXPRESSWAY
103.73540923062419,1.347500777961336,PAN ISLAND EXPRESSWAY
103.73482091236285,1.348103668558423,PAN ISLAND EXPRESSWAY
103.73955545267486,1.3452218273751886,PAN ISLAND EXPRESSWAY
103.74026053793023,1.3451628213233078,PAN ISLAND EXPRESSWAY
103.73544118927025,1.3477600140397727,PAN ISLAND EXPRESSWAY
103.73613784513155,1.3470168853173168,PAN ISLAND EXPRESSWAY
103.73666974541725,1.3465148900916526,PAN ISLAND EXPRESSWAY
103.73701295911779,1.3462517820083304,PAN ISLAND EXPRESSWAY
103.73749343778589,1.34598686062822,PAN ISLAND EXPRESSWAY
103.73777798138185,1.3458226657329893,PAN ISLAND EXPRESSWAY
103.73813885056343,1.345655312146085,PAN ISLAND EXPRESSWAY
103.73883076364713,1.3453941609256126,PAN ISLAND EXPRESSWAY
103.73955545267486,1.3452218273751886,PAN ISLAND EXPRESSWAY
103.74023118962964,1.344960789059119,PAN ISLAND EXPRESSWAY
103.73946734197261,1.3450493483284494,PAN ISLAND EXPRESSWAY
103.73946734197261,1.3450493483284494,PAN ISLAND EXPRESSWAY
103.73874160794085,1.3452223591832633,PAN ISLAND EXPRESSWAY
103.73805073995084,1.3454828339588336,PAN ISLAND EXPRESSWAY
103.73768987168889,1.3456501884386454,PAN ISLAND EXPRESSWAY
103.73740532810857,1.3458143833247809,PAN ISLAND EXPRESSWAY
103.73692484767018,1.346079304689481,PAN ISLAND EXPRESSWAY
103.73658053860802,1.3463432592019549,PAN ISLAND EXPRESSWAY
103.7360497364198,1.346844407970311,PAN ISLAND EXPRESSWAY
103.73540923062419,1.347500777961336,PAN ISLAND EXPRESSWAY
103.88758296298738,1.3224001447961393,PAN ISLAND EXPRESSWAY
103.88856552067917,1.322495961180689,PAN ISLAND EXPRESSWAY
103.88859070414586,1.3223619727273141,PAN ISLAND EXPRESSWAY
103.88757289602728,1.322254052210526,PAN ISLAND EXPRESSWAY
103.88856552067917,1.322495961180689,PAN ISLAND EXPRESSWAY
103.88942578103267,1.3226766717183753,PAN ISLAND EXPRESSWAY
103.89051523407208,1.322880503047122,PAN ISLAND EXPRESSWAY
103.89159554221816,1.3231408152620765,PAN ISLAND EXPRESSWAY
103.8929345152036,1.3234394042948385,PAN ISLAND EXPRESSWAY
103.8929345152036,1.3234394042948385,PAN ISLAND EXPRESSWAY
103.89430392201598,1.3238298761305753,PAN ISLAND EXPRESSWAY
103.89292690478057,1.3233398638309317,PAN ISLAND EXPRESSWAY
103.89134469876309,1.322953387181438,PAN ISLAND EXPRESSWAY
103.89075087114503,1.3228287417138191,PAN ISLAND EXPRESSWAY
103.88949773820377,1.3225245768223135,PAN ISLAND EXPRESSWAY
103.88859070414586,1.3223619727273141,PAN ISLAND EXPRESSWAY
103.8942963083578,1.3236001669291486,PAN ISLAND EXPRESSWAY
103.89292690478057,1.3233398638309317,PAN ISLAND EXPRESSWAY
103.74773711986487,1.3230413761090611,AYER RAJAH EXPRESSWAY
103.74934745410863,1.322716705247553,AYER RAJAH EXPRESSWAY
103.74929866835947,1.3224958317531657,AYER RAJAH EXPRESSWAY
103.74747988217966,1.322889062384284,AYER RAJAH EXPRESSWAY
103.74276098929788,1.3244008536778655,AYER RAJAH EXPRESSWAY
103.74381190871321,1.3238708301718778,AYER RAJAH EXPRESSWAY
103.74381190871321,1.3238708301718778,AYER RAJAH EXPRESSWAY
103.74418607539081,1.3237573226013144,AYER RAJAH EXPRESSWAY
103.74773711986487,1.3230413761090611,AYER RAJAH EXPRESSWAY
103.74306264807933,1.3240200291439357,AYER RAJAH EXPRESSWAY
103.74239799895136,1.3244080119052248,AYER RAJAH EXPRESSWAY
103.74747988217966,1.322889062384284,AYER RAJAH EXPRESSWAY
103.74412870975351,1.3236135972646246,AYER RAJAH EXPRESSWAY
103.74375458532286,1.3237272431970588,AYER RAJAH EXPRESSWAY
103.74306264807933,1.3240200291439357,AYER RAJAH EXPRESSWAY
103.77689557320635,1.376222551337189,BUKIT TIMAH EXPRESSWAY
103.77644043263534,1.3777099077812422,BUKIT TIMAH EXPRESSWAY
103.77728950685368,1.3747399140980285,BUKIT TIMAH EXPRESSWAY
103.77689557320635,1.376222551337189,BUKIT TIMAH EXPRESSWAY
103.77758593561782,1.3736235571937492,BUKIT TIMAH EXPRESSWAY
103.77728950685368,1.3747399140980285,BUKIT TIMAH EXPRESSWAY
103.83327380860736,1.325855700901047,PAN ISLAND EXPRESSWAY
103.83267264440299,1.3257247415818287,PAN ISLAND EXPRESSWAY
103.83211578970645,1.325711859599707,PAN ISLAND EXPRESSWAY
103.83768877827157,1.327262551951836,PAN ISLAND EXPRESSWAY
103.83666426187752,1.3269322000162855,PAN ISLAND EXPRESSWAY
103.83332051096417,1.3258658750036523,PAN ISLAND EXPRESSWAY
103.83327380860736,1.325855700901047,PAN ISLAND EXPRESSWAY
103.68883880231047,1.3449077432992236,PAN ISLAND EXPRESSWAY
103.68945137589446,1.3453776534481525,PAN ISLAND EXPRESSWAY
103.68945137589446,1.3453776534481525,PAN ISLAND EXPRESSWAY
103.68990222628899,1.3457235026178813,PAN ISLAND EXPRESSWAY
103.69092189143902,1.3465811291045364,PAN ISLAND EXPRESSWAY
103.69147337032581,1.347109749102881,PAN ISLAND EXPRESSWAY
103.69147337032581,1.347109749102881,PAN ISLAND EXPRESSWAY
103.6915737526972,1.347205970924389,PAN ISLAND EXPRESSWAY
103.69190633278598,1.3475496342477993,PAN ISLAND EXPRESSWAY
103.68960580190284,1.345259142400768,PAN ISLAND EXPRESSWAY
103.68902098520381,1.3447819601616393,PAN ISLAND EXPRESSWAY
103.69964148642485,1.3568764013107006,PAN ISLAND EXPRESSWAY
103.69894806773505,1.3561317264466473,PAN ISLAND EXPRESSWAY
103.86222368228664,1.3318078140908138,CENTRAL EXPRESSWAY
103.8620336203363,1.3360539692595637,CENTRAL EXPRESSWAY
103.86230161635956,1.3350012696222406,CENTRAL EXPRESSWAY
103.8623855540815,1.3317716629201735,CENTRAL EXPRESSWAY
103.85931164977133,1.3300645069091699,PAN ISLAND EXPRESSWAY
103.86084809008611,1.3305495243359236,PAN ISLAND EXPRESSWAY
103.86145431337393,1.330630196716095,PAN ISLAND EXPRESSWAY
103.86179500010266,1.330645320088858,PAN ISLAND EXPRESSWAY
103.86231104020409,1.3305999321300936,PAN ISLAND EXPRESSWAY
103.86277697831166,1.3304536935581441,PAN ISLAND EXPRESSWAY
103.86301245083845,1.3303528423250697,PAN ISLAND EXPRESSWAY
103.86371836620809,1.3299930946815375,PAN ISLAND EXPRESSWAY
103.86371836620809,1.3299930946815375,PAN ISLAND EXPRESSWAY
103.864675168751,1.3295549623791703,PAN ISLAND EXPRESSWAY
103.86525252111798,1.3293407128069397,PAN ISLAND EXPRESSWAY
103.86580834395724,1.3291921220532983,PAN ISLAND EXPRESSWAY
103.85953672812037,1.3456520285666094,CENTRAL EXPRESSWAY
103.85900490704499,1.347164206548955,CENTRAL EXPRESSWAY
103.86029882902623,1.3434850645880458,CENTRAL EXPRESSWAY
103.85953672812037,1.3456520285666094,CENTRAL EXPRESSWAY
103.85914553559786,1.3472516408094823,CENTRAL EXPRESSWAY
103.85957707678543,1.3460411571277353,CENTRAL EXPRESSWAY
103.85957707678543,1.3460411571277353,CENTRAL EXPRESSWAY
103.86004158385835,1.344738205362684,CENTRAL EXPRESSWAY
103.69150733491388,1.3469241335722169,PAN ISLAND EXPRESSWAY
103.69008823564594,1.3456527843987138,PAN ISLAND EXPRESSWAY
103.68960580190284,1.345259142400768,PAN ISLAND EXPRESSWAY
103.69206601219132,1.3474246436030406,PAN ISLAND EXPRESSWAY
103.69150733491388,1.3469241335722169,PAN ISLAND EXPRESSWAY
103.6962394821133,1.3531954291754824,PAN ISLAND EXPRESSWAY
103.69667927434232,1.3537692726281065,PAN ISLAND EXPRESSWAY
103.69692972508099,1.3537856060279336,PAN ISLAND EXPRESSWAY
103.69645770608668,1.353127798025273,PAN ISLAND EXPRESSWAY
103.69667927434232,1.3537692726281065,PAN ISLAND EXPRESSWAY
103.69699625037907,1.3541828661017477,PAN ISLAND EXPRESSWAY
103.6975408153606,1.3548042459044305,PAN ISLAND EXPRESSWAY
103.69801708143272,1.3553509124364826,PAN ISLAND EXPRESSWAY
103.69862998489315,1.356045028282131,PAN ISLAND EXPRESSWAY
103.69887705426514,1.3563280540174212,PAN ISLAND EXPRESSWAY
103.69887705426514,1.3563280540174212,PAN ISLAND EXPRESSWAY
103.69945739679233,1.3569928547921366,PAN ISLAND EXPRESSWAY
103.69894806773505,1.3561317264466473,PAN ISLAND EXPRESSWAY
103.69878540876037,1.3559570416646427,PAN ISLAND EXPRESSWAY
103.69817248999475,1.3552629448465878,PAN ISLAND EXPRESSWAY
103.69769625444908,1.3547163136149356,PAN ISLAND EXPRESSWAY
103.69715168944182,1.3540949338449173,PAN ISLAND EXPRESSWAY
103.69692972508099,1.3537856060279336,PAN ISLAND EXPRESSWAY
103.85373050476413,1.3195208870260637,CENTRAL EXPRESSWAY
103.85296430275457,1.3191125201548757,CENTRAL EXPRESSWAY
103.85135299198569,1.3183797746038088,CENTRAL EXPRESSWAY
103.85135299198569,1.3183797746038088,CENTRAL EXPRESSWAY
103.85028764267079,1.3178953049564526,CENTRAL EXPRESSWAY
103.85552673060074,1.3210311848321743,CENTRAL EXPRESSWAY
103.85587505638823,1.3213454926819206,CENTRAL EXPRESSWAY
103.85628683305116,1.321800186212225,CENTRAL EXPRESSWAY
103.85247831896893,1.3190778641913046,CENTRAL EXPRESSWAY
103.85307447515497,1.31934938864761,CENTRAL EXPRESSWAY
103.85395456774334,1.319857352208351,CENTRAL EXPRESSWAY
103.85442827091856,1.320180181953487,CENTRAL EXPRESSWAY
103.85515907982524,1.3207271434486172,CENTRAL EXPRESSWAY
103.85552673060074,1.3210311848321743,CENTRAL EXPRESSWAY
103.82969541177734,1.279988620016139,CENTRAL EXPRESSWAY
103.83022521429157,1.2805243393782617,CENTRAL EXPRESSWAY
103.82736099683103,1.277555845865751,CENTRAL EXPRESSWAY
103.82776199378593,1.277743569423994,CENTRAL EXPRESSWAY
103.82800209338258,1.2779026956639616,CENTRAL EXPRESSWAY
103.82823330458292,1.2781098581124954,CENTRAL EXPRESSWAY
103.82844334624463,1.27833516929531,CENTRAL EXPRESSWAY
103.8291540526768,1.2793373073088643,CENTRAL EXPRESSWAY
103.82943203098064,1.279686461350563,CENTRAL EXPRESSWAY
103.82969541177734,1.279988620016139,CENTRAL EXPRESSWAY
103.83031066095432,1.2803752639641959,CENTRAL EXPRESSWAY
103.82991310773494,1.2800113153558632,CENTRAL EXPRESSWAY
103.82982730738058,1.2799076858690601,CENTRAL EXPRESSWAY
103.82982730738058,1.2799076858690601,CENTRAL EXPRESSWAY
103.82959850493008,1.2796601283014175,CENTRAL EXPRESSWAY
103.82923242155313,1.2792053117544504,CENTRAL EXPRESSWAY
103.82853457583785,1.2782323513124678,CENTRAL EXPRESSWAY
103.82827145320785,1.2779444923431509,CENTRAL EXPRESSWAY
103.82809985175972,1.2777948060312738,CENTRAL EXPRESSWAY
103.82784817006389,1.2776163326959782,CENTRAL EXPRESSWAY
103.82739030827662,1.2774403178325549,CENTRAL EXPRESSWAY
103.83491922055772,1.2829312926754677,CENTRAL EXPRESSWAY
103.83546600777923,1.283137686438434,CENTRAL EXPRESSWAY
103.83573324959642,1.2832642177051583,CENTRAL EXPRESSWAY
103.83598132560778,1.2833991622704983,CENTRAL EXPRESSWAY
103.83623717135958,1.2835746720910126,CENTRAL EXPRESSWAY
103.83648828107799,1.2838582109937937,CENTRAL EXPRESSWAY
103.83673852922111,1.2841936649400274,CENTRAL EXPRESSWAY
103.83735565126074,1.2851820652482833,CENTRAL EXPRESSWAY
103.833694654686,1.2825300246179456,CENTRAL EXPRESSWAY
103.83491922055772,1.2829312926754677,CENTRAL EXPRESSWAY
103.83457590213862,1.282645214205184,CENTRAL EXPRESSWAY
103.83379717075388,1.2823637118910296,CENTRAL EXPRESSWAY
103.83780060369283,1.2857074444427787,CENTRAL EXPRESSWAY
103.83825337056336,1.286051397090267,CENTRAL EXPRESSWAY
103.84017371121715,1.2872552017893715,CENTRAL EXPRESSWAY
103.84058787007193,1.287559848610365,CENTRAL EXPRESSWAY
103.84076590111499,1.2877299003451945,CENTRAL EXPRESSWAY
103.8409691679194,1.2879741506078468,CENTRAL EXPRESSWAY
103.83735565126074,1.2851820652482833,CENTRAL EXPRESSWAY
103.83763165003664,1.2855376041014992,CENTRAL EXPRESSWAY
103.83780060369283,1.2857074444427787,CENTRAL EXPRESSWAY
103.83784745333298,1.2855738063582007,CENTRAL EXPRESSWAY
103.83752811516015,1.2851616760622961,CENTRAL EXPRESSWAY
103.83752811516015,1.2851616760622961,CENTRAL EXPRESSWAY
103.83682966160946,1.2840618165509703,CENTRAL EXPRESSWAY
103.83653544157652,1.2836674188768915,CENTRAL EXPRESSWAY
103.83631497484016,1.2834590480416184,CENTRAL EXPRESSWAY
103.83613841173076,1.2833157262987758,CENTRAL EXPRESSWAY
103.8358764137404,1.2831666700524018,CENTRAL EXPRESSWAY
103.83555713929701,1.2830058290502067,CENTRAL EXPRESSWAY
103.8350103529948,1.2827994344022304,CENTRAL EXPRESSWAY
103.83457590213862,1.282645214205184,CENTRAL EXPRESSWAY
103.73505065499768,1.3811250680527156,KRANJI EXPRESSWAY
103.73570427655548,1.3817350716435863,KRANJI EXPRESSWAY
